{"customer_id": "C1", "basket": [{"product_id": "P64", "price": 59}, {"product_id": "P63", "price": 1254}], "date_of_purchase": "2018-12-06 03:35:00"}
{"customer_id": "C4", "basket": [{"product_id": "P07", "price": 1252}, {"product_id": "P11", "price": 1131}], "date_of_purchase": "2018-12-06 15:10:00"}
{"customer_id": "C7", "basket": [{"product_id": "P47", "price": 1781}, {"product_id": "P53", "price": 515}, {"product_id": "P45", "price": 1318}], "date_of_purchase": "2018-12-06 09:28:00"}
{"customer_id": "C8", "basket": [{"product_id": "P22", "price": 354}, {"product_id": "P23", "price": 1783}, {"product_id": "P31", "price": 1283}], "date_of_purchase": "2018-12-06 23:48:00"}
{"customer_id": "C11", "basket": [{"product_id": "P62", "price": 1596}], "date_of_purchase": "2018-12-06 13:36:00"}
{"customer_id": "C19", "basket": [{"product_id": "P39", "price": 1362}, {"product_id": "P37", "price": 1546}], "date_of_purchase": "2018-12-06 11:54:00"}
{"customer_id": "C25", "basket": [{"product_id": "P02", "price": 1616}], "date_of_purchase": "2018-12-06 15:58:00"}
{"customer_id": "C26", "basket": [{"product_id": "P47", "price": 1584}, {"product_id": "P48", "price": 488}], "date_of_purchase": "2018-12-06 20:57:00"}
{"customer_id": "C32", "basket": [{"product_id": "P21", "price": 1832}, {"product_id": "P14", "price": 1593}, {"product_id": "P20", "price": 705}], "date_of_purchase": "2018-12-06 22:27:00"}
{"customer_id": "C50", "basket": [{"product_id": "P61", "price": 287}], "date_of_purchase": "2018-12-06 07:42:00"}
{"customer_id": "C51", "basket": [{"product_id": "P54", "price": 1112}], "date_of_purchase": "2018-12-06 18:58:00"}
{"customer_id": "C57", "basket": [{"product_id": "P23", "price": 1902}, {"product_id": "P28", "price": 1394}], "date_of_purchase": "2018-12-06 09:34:00"}
{"customer_id": "C60", "basket": [{"product_id": "P36", "price": 1368}, {"product_id": "P35", "price": 1094}, {"product_id": "P36", "price": 703}], "date_of_purchase": "2018-12-06 15:09:00"}
{"customer_id": "C70", "basket": [{"product_id": "P10", "price": 420}], "date_of_purchase": "2018-12-06 13:46:00"}
{"customer_id": "C77", "basket": [{"product_id": "P49", "price": 1913}], "date_of_purchase": "2018-12-06 11:58:00"}
{"customer_id": "C84", "basket": [{"product_id": "P40", "price": 1991}, {"product_id": "P35", "price": 1822}], "date_of_purchase": "2018-12-06 15:10:00"}
{"customer_id": "C86", "basket": [{"product_id": "P57", "price": 1207}, {"product_id": "P60", "price": 694}], "date_of_purchase": "2018-12-06 22:33:00"}
{"customer_id": "C89", "basket": [{"product_id": "P19", "price": 899}], "date_of_purchase": "2018-12-06 19:38:00"}
{"customer_id": "C92", "basket": [{"product_id": "P62", "price": 673}, {"product_id": "P61", "price": 1011}, {"product_id": "P61", "price": 1684}], "date_of_purchase": "2018-12-06 05:04:00"}
{"customer_id": "C94", "basket": [{"product_id": "P63", "price": 823}], "date_of_purchase": "2018-12-06 06:17:00"}
{"customer_id": "C98", "basket": [{"product_id": "P35", "price": 739}, {"product_id": "P40", "price": 591}], "date_of_purchase": "2018-12-06 23:04:00"}
{"customer_id": "C102", "basket": [{"product_id": "P03", "price": 959}], "date_of_purchase": "2018-12-06 09:32:00"}
{"customer_id": "C103", "basket": [{"product_id": "P28", "price": 1302}, {"product_id": "P28", "price": 1692}], "date_of_purchase": "2018-12-06 15:14:00"}
{"customer_id": "C107", "basket": [{"product_id": "P42", "price": 1069}, {"product_id": "P59", "price": 16}], "date_of_purchase": "2018-12-06 07:04:00"}
{"customer_id": "C113", "basket": [{"product_id": "P54", "price": 1440}, {"product_id": "P50", "price": 1615}], "date_of_purchase": "2018-12-06 05:38:00"}
{"customer_id": "C119", "basket": [{"product_id": "P61", "price": 2}, {"product_id": "P61", "price": 396}, {"product_id": "P63", "price": 1373}], "date_of_purchase": "2018-12-06 03:52:00"}
{"customer_id": "C123", "basket": [{"product_id": "P42", "price": 250}, {"product_id": "P42", "price": 1816}, {"product_id": "P51", "price": 1294}], "date_of_purchase": "2018-12-06 16:09:00"}
{"customer_id": "C129", "basket": [{"product_id": "P27", "price": 1834}, {"product_id": "P30", "price": 82}, {"product_id": "P33", "price": 1982}], "date_of_purchase": "2018-12-06 17:10:00"}
{"customer_id": "C133", "basket": [{"product_id": "P62", "price": 482}, {"product_id": "P64", "price": 1793}, {"product_id": "P61", "price": 205}], "date_of_purchase": "2018-12-06 04:20:00"}
