{"customer_id": "C33", "basket": [{"product_id": "P35", "price": 688}, {"product_id": "P39", "price": 1578}], "date_of_purchase": "2019-01-17 05:41:00"}
{"customer_id": "C38", "basket": [{"product_id": "P08", "price": 1132}, {"product_id": "P12", "price": 661}, {"product_id": "P02", "price": 642}], "date_of_purchase": "2019-01-17 09:35:00"}
{"customer_id": "C42", "basket": [{"product_id": "P33", "price": 1799}], "date_of_purchase": "2019-01-17 13:30:00"}
{"customer_id": "C52", "basket": [{"product_id": "P34", "price": 1686}], "date_of_purchase": "2019-01-17 14:08:00"}
{"customer_id": "C56", "basket": [{"product_id": "P13", "price": 1424}, {"product_id": "P15", "price": 585}, {"product_id": "P17", "price": 755}], "date_of_purchase": "2019-01-17 23:25:00"}
{"customer_id": "C60", "basket": [{"product_id": "P35", "price": 625}], "date_of_purchase": "2019-01-17 13:48:00"}
{"customer_id": "C61", "basket": [{"product_id": "P24", "price": 958}, {"product_id": "P34", "price": 254}, {"product_id": "P34", "price": 67}], "date_of_purchase": "2019-01-17 21:14:00"}
{"customer_id": "C67", "basket": [{"product_id": "P30", "price": 1482}], "date_of_purchase": "2019-01-17 15:46:00"}
{"customer_id": "C89", "basket": [{"product_id": "P15", "price": 352}, {"product_id": "P14", "price": 1445}, {"product_id": "P15", "price": 403}], "date_of_purchase": "2019-01-17 12:24:00"}
{"customer_id": "C93", "basket": [{"product_id": "P47", "price": 674}, {"product_id": "P44", "price": 499}, {"product_id": "P59", "price": 906}], "date_of_purchase": "2019-01-17 04:21:00"}
{"customer_id": "C101", "basket": [{"product_id": "P36", "price": 1638}], "date_of_purchase": "2019-01-17 14:31:00"}
{"customer_id": "C105", "basket": [{"product_id": "P01", "price": 1925}, {"product_id": "P08", "price": 806}, {"product_id": "P11", "price": 227}], "date_of_purchase": "2019-01-17 12:50:00"}
{"customer_id": "C121", "basket": [{"product_id": "P35", "price": 1067}], "date_of_purchase": "2019-01-17 12:51:00"}
{"customer_id": "C125", "basket": [{"product_id": "P64", "price": 1374}, {"product_id": "P63", "price": 1487}, {"product_id": "P61", "price": 247}], "date_of_purchase": "2019-01-17 08:26:00"}
{"customer_id": "C127", "basket": [{"product_id": "P36", "price": 1087}, {"product_id": "P36", "price": 458}, {"product_id": "P37", "price": 447}], "date_of_purchase": "2019-01-17 17:40:00"}
