{"customer_id": "C5", "basket": [{"product_id": "P39", "price": 307}], "date_of_purchase": "2019-02-18 16:14:00"}
{"customer_id": "C13", "basket": [{"product_id": "P19", "price": 309}], "date_of_purchase": "2019-02-18 12:44:00"}
{"customer_id": "C16", "basket": [{"product_id": "P11", "price": 197}], "date_of_purchase": "2019-02-18 22:02:00"}
{"customer_id": "C18", "basket": [{"product_id": "P09", "price": 62}, {"product_id": "P10", "price": 1752}], "date_of_purchase": "2019-02-18 08:33:00"}
{"customer_id": "C28", "basket": [{"product_id": "P35", "price": 1241}, {"product_id": "P36", "price": 1620}], "date_of_purchase": "2019-02-18 14:55:00"}
{"customer_id": "C43", "basket": [{"product_id": "P40", "price": 1613}, {"product_id": "P36", "price": 451}], "date_of_purchase": "2019-02-18 22:10:00"}
{"customer_id": "C46", "basket": [{"product_id": "P34", "price": 573}], "date_of_purchase": "2019-02-18 16:21:00"}
{"customer_id": "C48", "basket": [{"product_id": "P07", "price": 1069}, {"product_id": "P11", "price": 441}], "date_of_purchase": "2019-02-18 13:10:00"}
{"customer_id": "C64", "basket": [{"product_id": "P24", "price": 1456}, {"product_id": "P33", "price": 1770}, {"product_id": "P26", "price": 1034}], "date_of_purchase": "2019-02-18 08:41:00"}
{"customer_id": "C65", "basket": [{"product_id": "P28", "price": 354}, {"product_id": "P31", "price": 1045}, {"product_id": "P29", "price": 1848}], "date_of_purchase": "2019-02-18 07:02:00"}
{"customer_id": "C74", "basket": [{"product_id": "P16", "price": 820}], "date_of_purchase": "2019-02-18 13:04:00"}
{"customer_id": "C78", "basket": [{"product_id": "P63", "price": 40}], "date_of_purchase": "2019-02-18 16:50:00"}
{"customer_id": "C88", "basket": [{"product_id": "P33", "price": 500}], "date_of_purchase": "2019-02-18 04:50:00"}
{"customer_id": "C95", "basket": [{"product_id": "P55", "price": 1707}], "date_of_purchase": "2019-02-18 11:01:00"}
{"customer_id": "C102", "basket": [{"product_id": "P56", "price": 589}], "date_of_purchase": "2019-02-18 05:46:00"}
{"customer_id": "C103", "basket": [{"product_id": "P49", "price": 288}, {"product_id": "P60", "price": 985}], "date_of_purchase": "2019-02-18 14:48:00"}
{"customer_id": "C106", "basket": [{"product_id": "P31", "price": 191}, {"product_id": "P34", "price": 993}], "date_of_purchase": "2019-02-18 19:12:00"}
{"customer_id": "C114", "basket": [{"product_id": "P46", "price": 849}, {"product_id": "P58", "price": 370}, {"product_id": "P48", "price": 341}], "date_of_purchase": "2019-02-18 13:18:00"}
{"customer_id": "C118", "basket": [{"product_id": "P30", "price": 1117}], "date_of_purchase": "2019-02-18 07:40:00"}
{"customer_id": "C120", "basket": [{"product_id": "P32", "price": 404}], "date_of_purchase": "2019-02-18 11:08:00"}
{"customer_id": "C123", "basket": [{"product_id": "P44", "price": 557}, {"product_id": "P56", "price": 292}], "date_of_purchase": "2019-02-18 15:27:00"}
{"customer_id": "C124", "basket": [{"product_id": "P48", "price": 1310}, {"product_id": "P50", "price": 489}], "date_of_purchase": "2019-02-18 07:42:00"}
{"customer_id": "C126", "basket": [{"product_id": "P04", "price": 164}, {"product_id": "P12", "price": 1464}], "date_of_purchase": "2019-02-18 17:40:00"}
{"customer_id": "C129", "basket": [{"product_id": "P26", "price": 330}, {"product_id": "P22", "price": 866}], "date_of_purchase": "2019-02-18 15:12:00"}
