{"customer_id": "C1", "basket": [{"product_id": "P49", "price": 1773}], "date_of_purchase": "2019-01-27 13:56:00"}
{"customer_id": "C14", "basket": [{"product_id": "P10", "price": 1718}, {"product_id": "P05", "price": 1976}], "date_of_purchase": "2019-01-27 04:32:00"}
{"customer_id": "C15", "basket": [{"product_id": "P14", "price": 629}, {"product_id": "P15", "price": 237}], "date_of_purchase": "2019-01-27 22:36:00"}
{"customer_id": "C16", "basket": [{"product_id": "P30", "price": 1466}, {"product_id": "P26", "price": 1113}], "date_of_purchase": "2019-01-27 09:55:00"}
{"customer_id": "C17", "basket": [{"product_id": "P35", "price": 392}, {"product_id": "P35", "price": 248}], "date_of_purchase": "2019-01-27 07:53:00"}
{"customer_id": "C19", "basket": [{"product_id": "P39", "price": 563}, {"product_id": "P40", "price": 1571}, {"product_id": "P39", "price": 1792}], "date_of_purchase": "2019-01-27 05:01:00"}
{"customer_id": "C24", "basket": [{"product_id": "P23", "price": 1222}], "date_of_purchase": "2019-01-27 21:56:00"}
{"customer_id": "C33", "basket": [{"product_id": "P37", "price": 1116}, {"product_id": "P40", "price": 1846}], "date_of_purchase": "2019-01-27 09:18:00"}
{"customer_id": "C40", "basket": [{"product_id": "P57", "price": 974}, {"product_id": "P55", "price": 636}, {"product_id": "P60", "price": 1338}], "date_of_purchase": "2019-01-27 03:18:00"}
{"customer_id": "C41", "basket": [{"product_id": "P39", "price": 1320}, {"product_id": "P37", "price": 794}], "date_of_purchase": "2019-01-27 15:29:00"}
{"customer_id": "C44", "basket": [{"product_id": "P45", "price": 1759}], "date_of_purchase": "2019-01-27 15:52:00"}
{"customer_id": "C49", "basket": [{"product_id": "P52", "price": 111}], "date_of_purchase": "2019-01-27 19:40:00"}
{"customer_id": "C52", "basket": [{"product_id": "P44", "price": 1387}, {"product_id": "P54", "price": 669}], "date_of_purchase": "2019-01-27 23:15:00"}
{"customer_id": "C60", "basket": [{"product_id": "P37", "price": 1112}], "date_of_purchase": "2019-01-27 13:34:00"}
{"customer_id": "C67", "basket": [{"product_id": "P35", "price": 1673}], "date_of_purchase": "2019-01-27 17:35:00"}
{"customer_id": "C76", "basket": [{"product_id": "P48", "price": 251}, {"product_id": "P41", "price": 1765}], "date_of_purchase": "2019-01-27 23:49:00"}
{"customer_id": "C82", "basket": [{"product_id": "P38", "price": 532}, {"product_id": "P37", "price": 906}, {"product_id": "P36", "price": 1578}], "date_of_purchase": "2019-01-27 14:27:00"}
{"customer_id": "C84", "basket": [{"product_id": "P27", "price": 991}, {"product_id": "P30", "price": 978}], "date_of_purchase": "2019-01-27 13:54:00"}
{"customer_id": "C92", "basket": [{"product_id": "P60", "price": 782}, {"product_id": "P58", "price": 1923}], "date_of_purchase": "2019-01-27 04:54:00"}
{"customer_id": "C96", "basket": [{"product_id": "P24", "price": 1103}], "date_of_purchase": "2019-01-27 19:34:00"}
{"customer_id": "C103", "basket": [{"product_id": "P62", "price": 1696}, {"product_id": "P61", "price": 484}, {"product_id": "P63", "price": 1870}], "date_of_purchase": "2019-01-27 05:28:00"}
{"customer_id": "C118", "basket": [{"product_id": "P26", "price": 1791}, {"product_id": "P29", "price": 1728}], "date_of_purchase": "2019-01-27 15:22:00"}
{"customer_id": "C121", "basket": [{"product_id": "P35", "price": 372}], "date_of_purchase": "2019-01-27 15:44:00"}
{"customer_id": "C125", "basket": [{"product_id": "P29", "price": 1288}, {"product_id": "P30", "price": 59}, {"product_id": "P32", "price": 7}], "date_of_purchase": "2019-01-27 23:40:00"}
{"customer_id": "C126", "basket": [{"product_id": "P01", "price": 832}], "date_of_purchase": "2019-01-27 18:40:00"}
