{"customer_id": "C30", "basket": [{"product_id": "P28", "price": 1474}], "date_of_purchase": "2019-02-27 05:41:00"}
{"customer_id": "C36", "basket": [{"product_id": "P04", "price": 1687}, {"product_id": "P04", "price": 1376}, {"product_id": "P06", "price": 1915}], "date_of_purchase": "2019-02-27 20:47:00"}
{"customer_id": "C48", "basket": [{"product_id": "P07", "price": 588}], "date_of_purchase": "2019-02-27 20:45:00"}
{"customer_id": "C49", "basket": [{"product_id": "P59", "price": 398}, {"product_id": "P58", "price": 74}, {"product_id": "P48", "price": 854}], "date_of_purchase": "2019-02-27 20:00:00"}
{"customer_id": "C50", "basket": [{"product_id": "P61", "price": 103}, {"product_id": "P62", "price": 1423}], "date_of_purchase": "2019-02-27 20:53:00"}
{"customer_id": "C54", "basket": [{"product_id": "P59", "price": 518}, {"product_id": "P55", "price": 1340}, {"product_id": "P43", "price": 313}], "date_of_purchase": "2019-02-27 10:53:00"}
{"customer_id": "C62", "basket": [{"product_id": "P39", "price": 398}, {"product_id": "P39", "price": 432}, {"product_id": "P36", "price": 182}], "date_of_purchase": "2019-02-27 03:04:00"}
{"customer_id": "C66", "basket": [{"product_id": "P43", "price": 105}, {"product_id": "P43", "price": 688}], "date_of_purchase": "2019-02-27 12:59:00"}
{"customer_id": "C80", "basket": [{"product_id": "P62", "price": 568}, {"product_id": "P62", "price": 1723}], "date_of_purchase": "2019-02-27 19:18:00"}
{"customer_id": "C91", "basket": [{"product_id": "P03", "price": 905}], "date_of_purchase": "2019-02-27 05:27:00"}
{"customer_id": "C94", "basket": [{"product_id": "P56", "price": 725}, {"product_id": "P60", "price": 74}], "date_of_purchase": "2019-02-27 16:50:00"}
{"customer_id": "C95", "basket": [{"product_id": "P54", "price": 1549}, {"product_id": "P59", "price": 1085}], "date_of_purchase": "2019-02-27 12:03:00"}
{"customer_id": "C98", "basket": [{"product_id": "P38", "price": 161}, {"product_id": "P38", "price": 1234}], "date_of_purchase": "2019-02-27 09:43:00"}
{"customer_id": "C100", "basket": [{"product_id": "P26", "price": 373}, {"product_id": "P27", "price": 1098}, {"product_id": "P26", "price": 788}], "date_of_purchase": "2019-02-27 06:49:00"}
{"customer_id": "C110", "basket": [{"product_id": "P47", "price": 680}, {"product_id": "P58", "price": 566}], "date_of_purchase": "2019-02-27 08:19:00"}
{"customer_id": "C112", "basket": [{"product_id": "P48", "price": 654}], "date_of_purchase": "2019-02-27 03:08:00"}
{"customer_id": "C114", "basket": [{"product_id": "P54", "price": 1562}], "date_of_purchase": "2019-02-27 09:13:00"}
{"customer_id": "C115", "basket": [{"product_id": "P60", "price": 1113}, {"product_id": "P50", "price": 206}], "date_of_purchase": "2019-02-27 07:13:00"}
{"customer_id": "C118", "basket": [{"product_id": "P55", "price": 61}], "date_of_purchase": "2019-02-27 13:17:00"}
{"customer_id": "C123", "basket": [{"product_id": "P62", "price": 1176}, {"product_id": "P62", "price": 203}], "date_of_purchase": "2019-02-27 05:32:00"}
{"customer_id": "C126", "basket": [{"product_id": "P28", "price": 166}], "date_of_purchase": "2019-02-27 14:27:00"}
{"customer_id": "C127", "basket": [{"product_id": "P11", "price": 1618}, {"product_id": "P06", "price": 603}], "date_of_purchase": "2019-02-27 18:14:00"}
