{"customer_id": "C3", "basket": [{"product_id": "P61", "price": 1065}, {"product_id": "P61", "price": 1158}, {"product_id": "P62", "price": 1782}], "date_of_purchase": "2019-02-28 14:17:00"}
{"customer_id": "C5", "basket": [{"product_id": "P35", "price": 734}, {"product_id": "P40", "price": 1985}], "date_of_purchase": "2019-02-28 07:04:00"}
{"customer_id": "C11", "basket": [{"product_id": "P38", "price": 1917}, {"product_id": "P36", "price": 1324}, {"product_id": "P36", "price": 945}], "date_of_purchase": "2019-02-28 04:40:00"}
{"customer_id": "C12", "basket": [{"product_id": "P41", "price": 583}, {"product_id": "P50", "price": 1540}, {"product_id": "P54", "price": 30}], "date_of_purchase": "2019-02-28 14:17:00"}
{"customer_id": "C25", "basket": [{"product_id": "P09", "price": 985}], "date_of_purchase": "2019-02-28 14:26:00"}
{"customer_id": "C26", "basket": [{"product_id": "P08", "price": 1669}, {"product_id": "P02", "price": 327}], "date_of_purchase": "2019-02-28 13:01:00"}
{"customer_id": "C32", "basket": [{"product_id": "P41", "price": 794}], "date_of_purchase": "2019-02-28 02:50:00"}
{"customer_id": "C35", "basket": [{"product_id": "P32", "price": 185}, {"product_id": "P32", "price": 102}, {"product_id": "P25", "price": 1264}], "date_of_purchase": "2019-02-28 10:32:00"}
{"customer_id": "C43", "basket": [{"product_id": "P44", "price": 1282}, {"product_id": "P48", "price": 172}], "date_of_purchase": "2019-02-28 10:00:00"}
{"customer_id": "C52", "basket": [{"product_id": "P23", "price": 1743}, {"product_id": "P24", "price": 1274}], "date_of_purchase": "2019-02-28 05:00:00"}
{"customer_id": "C65", "basket": [{"product_id": "P07", "price": 1272}, {"product_id": "P05", "price": 1177}], "date_of_purchase": "2019-02-28 19:37:00"}
{"customer_id": "C74", "basket": [{"product_id": "P17", "price": 771}, {"product_id": "P17", "price": 1411}, {"product_id": "P17", "price": 1561}], "date_of_purchase": "2019-02-28 20:35:00"}
{"customer_id": "C79", "basket": [{"product_id": "P60", "price": 647}], "date_of_purchase": "2019-02-28 21:43:00"}
{"customer_id": "C81", "basket": [{"product_id": "P52", "price": 247}, {"product_id": "P46", "price": 478}], "date_of_purchase": "2019-02-28 11:21:00"}
{"customer_id": "C84", "basket": [{"product_id": "P54", "price": 1871}, {"product_id": "P49", "price": 1703}], "date_of_purchase": "2019-02-28 20:43:00"}
{"customer_id": "C89", "basket": [{"product_id": "P27", "price": 330}, {"product_id": "P22", "price": 455}, {"product_id": "P30", "price": 646}], "date_of_purchase": "2019-02-28 18:16:00"}
{"customer_id": "C95", "basket": [{"product_id": "P59", "price": 1602}], "date_of_purchase": "2019-02-28 18:40:00"}
{"customer_id": "C112", "basket": [{"product_id": "P59", "price": 1651}], "date_of_purchase": "2019-02-28 07:32:00"}
{"customer_id": "C120", "basket": [{"product_id": "P32", "price": 608}, {"product_id": "P32", "price": 1578}, {"product_id": "P27", "price": 988}], "date_of_purchase": "2019-02-28 07:42:00"}
{"customer_id": "C123", "basket": [{"product_id": "P60", "price": 1793}, {"product_id": "P60", "price": 766}], "date_of_purchase": "2019-02-28 16:51:00"}
{"customer_id": "C124", "basket": [{"product_id": "P22", "price": 1226}, {"product_id": "P25", "price": 1413}], "date_of_purchase": "2019-02-28 11:08:00"}
{"customer_id": "C125", "basket": [{"product_id": "P34", "price": 1270}, {"product_id": "P31", "price": 1269}], "date_of_purchase": "2019-02-28 18:08:00"}
{"customer_id": "C126", "basket": [{"product_id": "P05", "price": 1871}, {"product_id": "P02", "price": 1384}, {"product_id": "P10", "price": 1867}], "date_of_purchase": "2019-02-28 05:14:00"}
{"customer_id": "C134", "basket": [{"product_id": "P22", "price": 169}, {"product_id": "P30", "price": 879}], "date_of_purchase": "2019-02-28 23:49:00"}
