{"customer_id": "C1", "basket": [{"product_id": "P50", "price": 490}], "date_of_purchase": "2019-01-24 05:47:00"}
{"customer_id": "C8", "basket": [{"product_id": "P60", "price": 802}, {"product_id": "P57", "price": 581}], "date_of_purchase": "2019-01-24 17:14:00"}
{"customer_id": "C16", "basket": [{"product_id": "P10", "price": 713}, {"product_id": "P10", "price": 579}], "date_of_purchase": "2019-01-24 11:48:00"}
{"customer_id": "C25", "basket": [{"product_id": "P41", "price": 1780}, {"product_id": "P59", "price": 1976}, {"product_id": "P55", "price": 1467}], "date_of_purchase": "2019-01-24 11:41:00"}
{"customer_id": "C37", "basket": [{"product_id": "P01", "price": 636}, {"product_id": "P09", "price": 1005}, {"product_id": "P08", "price": 158}], "date_of_purchase": "2019-01-24 21:25:00"}
{"customer_id": "C39", "basket": [{"product_id": "P30", "price": 725}, {"product_id": "P31", "price": 1940}], "date_of_purchase": "2019-01-24 15:39:00"}
{"customer_id": "C42", "basket": [{"product_id": "P30", "price": 1289}, {"product_id": "P32", "price": 544}, {"product_id": "P28", "price": 983}], "date_of_purchase": "2019-01-24 11:38:00"}
{"customer_id": "C55", "basket": [{"product_id": "P52", "price": 1965}, {"product_id": "P48", "price": 683}], "date_of_purchase": "2019-01-24 10:06:00"}
{"customer_id": "C57", "basket": [{"product_id": "P33", "price": 1913}, {"product_id": "P24", "price": 1059}], "date_of_purchase": "2019-01-24 19:08:00"}
{"customer_id": "C58", "basket": [{"product_id": "P36", "price": 1165}], "date_of_purchase": "2019-01-24 05:10:00"}
{"customer_id": "C60", "basket": [{"product_id": "P37", "price": 793}], "date_of_purchase": "2019-01-24 07:17:00"}
{"customer_id": "C67", "basket": [{"product_id": "P39", "price": 815}, {"product_id": "P36", "price": 546}, {"product_id": "P37", "price": 1435}], "date_of_purchase": "2019-01-24 18:17:00"}
{"customer_id": "C68", "basket": [{"product_id": "P13", "price": 652}, {"product_id": "P18", "price": 1257}], "date_of_purchase": "2019-01-24 18:25:00"}
{"customer_id": "C73", "basket": [{"product_id": "P62", "price": 1973}], "date_of_purchase": "2019-01-24 22:04:00"}
{"customer_id": "C80", "basket": [{"product_id": "P63", "price": 1130}, {"product_id": "P62", "price": 841}], "date_of_purchase": "2019-01-24 09:08:00"}
{"customer_id": "C81", "basket": [{"product_id": "P43", "price": 1632}, {"product_id": "P59", "price": 882}, {"product_id": "P52", "price": 508}], "date_of_purchase": "2019-01-24 23:18:00"}
{"customer_id": "C84", "basket": [{"product_id": "P47", "price": 537}], "date_of_purchase": "2019-01-24 10:56:00"}
{"customer_id": "C85", "basket": [{"product_id": "P62", "price": 465}], "date_of_purchase": "2019-01-24 08:44:00"}
{"customer_id": "C101", "basket": [{"product_id": "P50", "price": 606}], "date_of_purchase": "2019-01-24 09:50:00"}
{"customer_id": "C122", "basket": [{"product_id": "P64", "price": 1775}], "date_of_purchase": "2019-01-24 21:07:00"}
{"customer_id": "C124", "basket": [{"product_id": "P24", "price": 578}], "date_of_purchase": "2019-01-24 16:06:00"}
{"customer_id": "C125", "basket": [{"product_id": "P23", "price": 557}], "date_of_purchase": "2019-01-24 20:27:00"}
{"customer_id": "C127", "basket": [{"product_id": "P04", "price": 541}], "date_of_purchase": "2019-01-24 07:02:00"}
{"customer_id": "C133", "basket": [{"product_id": "P62", "price": 1049}, {"product_id": "P61", "price": 805}], "date_of_purchase": "2019-01-24 10:24:00"}
{"customer_id": "C137", "basket": [{"product_id": "P56", "price": 922}, {"product_id": "P41", "price": 1253}, {"product_id": "P54", "price": 1009}], "date_of_purchase": "2019-01-24 17:51:00"}
