{"customer_id": "C14", "basket": [{"product_id": "P32", "price": 1708}], "date_of_purchase": "2019-01-14 03:16:00"}
{"customer_id": "C19", "basket": [{"product_id": "P31", "price": 1837}], "date_of_purchase": "2019-01-14 12:16:00"}
{"customer_id": "C24", "basket": [{"product_id": "P26", "price": 1898}, {"product_id": "P30", "price": 762}, {"product_id": "P33", "price": 1229}], "date_of_purchase": "2019-01-14 23:24:00"}
{"customer_id": "C51", "basket": [{"product_id": "P28", "price": 397}], "date_of_purchase": "2019-01-14 17:48:00"}
{"customer_id": "C54", "basket": [{"product_id": "P12", "price": 1965}, {"product_id": "P05", "price": 672}, {"product_id": "P08", "price": 1840}], "date_of_purchase": "2019-01-14 05:24:00"}
{"customer_id": "C58", "basket": [{"product_id": "P64", "price": 231}], "date_of_purchase": "2019-01-14 22:52:00"}
{"customer_id": "C68", "basket": [{"product_id": "P13", "price": 110}], "date_of_purchase": "2019-01-14 18:02:00"}
{"customer_id": "C70", "basket": [{"product_id": "P24", "price": 1075}, {"product_id": "P27", "price": 575}], "date_of_purchase": "2019-01-14 19:03:00"}
{"customer_id": "C74", "basket": [{"product_id": "P20", "price": 767}, {"product_id": "P17", "price": 80}], "date_of_purchase": "2019-01-14 06:39:00"}
{"customer_id": "C75", "basket": [{"product_id": "P49", "price": 735}], "date_of_purchase": "2019-01-14 18:24:00"}
{"customer_id": "C79", "basket": [{"product_id": "P49", "price": 86}, {"product_id": "P42", "price": 1069}], "date_of_purchase": "2019-01-14 04:01:00"}
{"customer_id": "C80", "basket": [{"product_id": "P64", "price": 637}, {"product_id": "P62", "price": 1610}], "date_of_purchase": "2019-01-14 17:32:00"}
{"customer_id": "C82", "basket": [{"product_id": "P14", "price": 1623}, {"product_id": "P14", "price": 1764}], "date_of_purchase": "2019-01-14 07:49:00"}
{"customer_id": "C85", "basket": [{"product_id": "P36", "price": 1214}, {"product_id": "P39", "price": 1062}], "date_of_purchase": "2019-01-14 07:10:00"}
{"customer_id": "C86", "basket": [{"product_id": "P19", "price": 1342}, {"product_id": "P21", "price": 542}], "date_of_purchase": "2019-01-14 20:36:00"}
{"customer_id": "C88", "basket": [{"product_id": "P30", "price": 1698}], "date_of_purchase": "2019-01-14 13:05:00"}
{"customer_id": "C95", "basket": [{"product_id": "P58", "price": 1465}], "date_of_purchase": "2019-01-14 13:56:00"}
{"customer_id": "C97", "basket": [{"product_id": "P05", "price": 250}, {"product_id": "P01", "price": 335}, {"product_id": "P07", "price": 124}], "date_of_purchase": "2019-01-14 16:15:00"}
{"customer_id": "C100", "basket": [{"product_id": "P08", "price": 753}, {"product_id": "P11", "price": 1274}, {"product_id": "P10", "price": 1989}], "date_of_purchase": "2019-01-14 22:54:00"}
{"customer_id": "C103", "basket": [{"product_id": "P56", "price": 1045}], "date_of_purchase": "2019-01-14 19:29:00"}
{"customer_id": "C122", "basket": [{"product_id": "P61", "price": 901}, {"product_id": "P63", "price": 1517}], "date_of_purchase": "2019-01-14 10:44:00"}
{"customer_id": "C127", "basket": [{"product_id": "P02", "price": 895}, {"product_id": "P11", "price": 1800}], "date_of_purchase": "2019-01-14 14:03:00"}
{"customer_id": "C133", "basket": [{"product_id": "P64", "price": 1566}, {"product_id": "P61", "price": 1919}], "date_of_purchase": "2019-01-14 13:36:00"}
