{"customer_id": "C8", "basket": [{"product_id": "P27", "price": 1744}], "date_of_purchase": "2019-01-06 05:50:00"}
{"customer_id": "C11", "basket": [{"product_id": "P36", "price": 674}, {"product_id": "P37", "price": 799}], "date_of_purchase": "2019-01-06 16:03:00"}
{"customer_id": "C15", "basket": [{"product_id": "P16", "price": 1346}, {"product_id": "P16", "price": 1762}, {"product_id": "P21", "price": 33}], "date_of_purchase": "2019-01-06 18:37:00"}
{"customer_id": "C20", "basket": [{"product_id": "P61", "price": 1389}], "date_of_purchase": "2019-01-06 22:30:00"}
{"customer_id": "C27", "basket": [{"product_id": "P33", "price": 1989}, {"product_id": "P32", "price": 1180}, {"product_id": "P30", "price": 393}], "date_of_purchase": "2019-01-06 09:39:00"}
{"customer_id": "C37", "basket": [{"product_id": "P05", "price": 170}], "date_of_purchase": "2019-01-06 05:52:00"}
{"customer_id": "C41", "basket": [{"product_id": "P06", "price": 1528}, {"product_id": "P06", "price": 530}], "date_of_purchase": "2019-01-06 03:16:00"}
{"customer_id": "C42", "basket": [{"product_id": "P31", "price": 402}], "date_of_purchase": "2019-01-06 04:55:00"}
{"customer_id": "C43", "basket": [{"product_id": "P49", "price": 1937}], "date_of_purchase": "2019-01-06 13:53:00"}
{"customer_id": "C44", "basket": [{"product_id": "P56", "price": 1901}, {"product_id": "P41", "price": 786}, {"product_id": "P58", "price": 109}], "date_of_purchase": "2019-01-06 21:06:00"}
{"customer_id": "C50", "basket": [{"product_id": "P63", "price": 1374}, {"product_id": "P63", "price": 114}, {"product_id": "P63", "price": 908}], "date_of_purchase": "2019-01-06 17:05:00"}
{"customer_id": "C70", "basket": [{"product_id": "P56", "price": 756}, {"product_id": "P50", "price": 1708}], "date_of_purchase": "2019-01-06 11:10:00"}
{"customer_id": "C77", "basket": [{"product_id": "P50", "price": 214}, {"product_id": "P56", "price": 1485}], "date_of_purchase": "2019-01-06 09:30:00"}
{"customer_id": "C80", "basket": [{"product_id": "P64", "price": 519}, {"product_id": "P62", "price": 1255}], "date_of_purchase": "2019-01-06 18:15:00"}
{"customer_id": "C82", "basket": [{"product_id": "P16", "price": 106}, {"product_id": "P15", "price": 388}, {"product_id": "P19", "price": 1323}], "date_of_purchase": "2019-01-06 16:26:00"}
{"customer_id": "C85", "basket": [{"product_id": "P36", "price": 1102}, {"product_id": "P39", "price": 352}, {"product_id": "P37", "price": 1881}], "date_of_purchase": "2019-01-06 16:58:00"}
{"customer_id": "C89", "basket": [{"product_id": "P62", "price": 1554}, {"product_id": "P61", "price": 332}], "date_of_purchase": "2019-01-06 18:50:00"}
{"customer_id": "C106", "basket": [{"product_id": "P22", "price": 361}, {"product_id": "P23", "price": 556}, {"product_id": "P25", "price": 282}], "date_of_purchase": "2019-01-06 08:37:00"}
{"customer_id": "C107", "basket": [{"product_id": "P45", "price": 887}, {"product_id": "P43", "price": 1567}, {"product_id": "P58", "price": 1216}], "date_of_purchase": "2019-01-06 14:33:00"}
{"customer_id": "C111", "basket": [{"product_id": "P35", "price": 584}, {"product_id": "P36", "price": 258}], "date_of_purchase": "2019-01-06 22:20:00"}
{"customer_id": "C114", "basket": [{"product_id": "P42", "price": 1317}, {"product_id": "P55", "price": 1573}, {"product_id": "P44", "price": 769}], "date_of_purchase": "2019-01-06 06:56:00"}
{"customer_id": "C115", "basket": [{"product_id": "P49", "price": 1157}], "date_of_purchase": "2019-01-06 11:30:00"}
{"customer_id": "C119", "basket": [{"product_id": "P42", "price": 171}, {"product_id": "P43", "price": 117}], "date_of_purchase": "2019-01-06 20:55:00"}
{"customer_id": "C134", "basket": [{"product_id": "P26", "price": 1002}, {"product_id": "P32", "price": 1118}], "date_of_purchase": "2019-01-06 15:11:00"}
