{"customer_id": "C1", "basket": [{"product_id": "P64", "price": 270}, {"product_id": "P61", "price": 1478}], "date_of_purchase": "2019-02-03 23:17:00"}
{"customer_id": "C2", "basket": [{"product_id": "P63", "price": 1856}, {"product_id": "P62", "price": 1011}, {"product_id": "P64", "price": 133}], "date_of_purchase": "2019-02-03 15:47:00"}
{"customer_id": "C4", "basket": [{"product_id": "P05", "price": 472}, {"product_id": "P02", "price": 241}], "date_of_purchase": "2019-02-03 06:07:00"}
{"customer_id": "C7", "basket": [{"product_id": "P39", "price": 1814}, {"product_id": "P37", "price": 1777}, {"product_id": "P36", "price": 1922}], "date_of_purchase": "2019-02-03 09:20:00"}
{"customer_id": "C8", "basket": [{"product_id": "P59", "price": 1318}, {"product_id": "P53", "price": 1987}, {"product_id": "P50", "price": 1084}], "date_of_purchase": "2019-02-03 22:57:00"}
{"customer_id": "C11", "basket": [{"product_id": "P40", "price": 1119}, {"product_id": "P36", "price": 237}, {"product_id": "P35", "price": 1781}], "date_of_purchase": "2019-02-03 17:31:00"}
{"customer_id": "C16", "basket": [{"product_id": "P36", "price": 142}, {"product_id": "P39", "price": 835}], "date_of_purchase": "2019-02-03 15:01:00"}
{"customer_id": "C19", "basket": [{"product_id": "P33", "price": 885}, {"product_id": "P22", "price": 342}, {"product_id": "P28", "price": 1691}], "date_of_purchase": "2019-02-03 18:10:00"}
{"customer_id": "C23", "basket": [{"product_id": "P50", "price": 630}, {"product_id": "P55", "price": 584}], "date_of_purchase": "2019-02-03 23:08:00"}
{"customer_id": "C25", "basket": [{"product_id": "P02", "price": 1956}, {"product_id": "P11", "price": 1222}, {"product_id": "P03", "price": 105}], "date_of_purchase": "2019-02-03 03:07:00"}
{"customer_id": "C28", "basket": [{"product_id": "P35", "price": 528}, {"product_id": "P40", "price": 1871}, {"product_id": "P40", "price": 1424}], "date_of_purchase": "2019-02-03 19:38:00"}
{"customer_id": "C30", "basket": [{"product_id": "P24", "price": 1183}, {"product_id": "P32", "price": 1084}, {"product_id": "P27", "price": 1762}], "date_of_purchase": "2019-02-03 21:41:00"}
{"customer_id": "C33", "basket": [{"product_id": "P37", "price": 1246}], "date_of_purchase": "2019-02-03 14:55:00"}
{"customer_id": "C56", "basket": [{"product_id": "P13", "price": 1029}], "date_of_purchase": "2019-02-03 16:42:00"}
{"customer_id": "C63", "basket": [{"product_id": "P28", "price": 384}], "date_of_purchase": "2019-02-03 12:43:00"}
{"customer_id": "C72", "basket": [{"product_id": "P56", "price": 117}], "date_of_purchase": "2019-02-03 18:08:00"}
{"customer_id": "C74", "basket": [{"product_id": "P19", "price": 744}, {"product_id": "P15", "price": 739}], "date_of_purchase": "2019-02-03 17:18:00"}
{"customer_id": "C75", "basket": [{"product_id": "P16", "price": 1594}, {"product_id": "P17", "price": 675}, {"product_id": "P18", "price": 1714}], "date_of_purchase": "2019-02-03 13:19:00"}
{"customer_id": "C82", "basket": [{"product_id": "P19", "price": 421}, {"product_id": "P17", "price": 1883}, {"product_id": "P14", "price": 792}], "date_of_purchase": "2019-02-03 22:21:00"}
{"customer_id": "C84", "basket": [{"product_id": "P24", "price": 1696}], "date_of_purchase": "2019-02-03 19:20:00"}
{"customer_id": "C98", "basket": [{"product_id": "P38", "price": 378}, {"product_id": "P40", "price": 1290}], "date_of_purchase": "2019-02-03 05:52:00"}
{"customer_id": "C118", "basket": [{"product_id": "P41", "price": 101}, {"product_id": "P56", "price": 1420}], "date_of_purchase": "2019-02-03 22:08:00"}
{"customer_id": "C119", "basket": [{"product_id": "P38", "price": 468}, {"product_id": "P36", "price": 1890}, {"product_id": "P39", "price": 1321}], "date_of_purchase": "2019-02-03 10:01:00"}
{"customer_id": "C125", "basket": [{"product_id": "P27", "price": 460}, {"product_id": "P30", "price": 1563}, {"product_id": "P26", "price": 1741}], "date_of_purchase": "2019-02-03 19:40:00"}
{"customer_id": "C129", "basket": [{"product_id": "P30", "price": 742}], "date_of_purchase": "2019-02-03 15:17:00"}
{"customer_id": "C130", "basket": [{"product_id": "P37", "price": 939}, {"product_id": "P36", "price": 183}, {"product_id": "P38", "price": 1241}], "date_of_purchase": "2019-02-03 04:33:00"}
