{"customer_id": "C5", "basket": [{"product_id": "P39", "price": 1949}, {"product_id": "P40", "price": 1308}], "date_of_purchase": "2019-02-12 06:18:00"}
{"customer_id": "C11", "basket": [{"product_id": "P38", "price": 1206}, {"product_id": "P37", "price": 361}, {"product_id": "P38", "price": 1939}], "date_of_purchase": "2019-02-12 11:21:00"}
{"customer_id": "C19", "basket": [{"product_id": "P38", "price": 1783}, {"product_id": "P35", "price": 1339}, {"product_id": "P37", "price": 717}], "date_of_purchase": "2019-02-12 09:44:00"}
{"customer_id": "C21", "basket": [{"product_id": "P29", "price": 1572}, {"product_id": "P22", "price": 1228}, {"product_id": "P29", "price": 385}], "date_of_purchase": "2019-02-12 11:06:00"}
{"customer_id": "C25", "basket": [{"product_id": "P10", "price": 953}], "date_of_purchase": "2019-02-12 08:50:00"}
{"customer_id": "C27", "basket": [{"product_id": "P25", "price": 500}, {"product_id": "P28", "price": 786}], "date_of_purchase": "2019-02-12 21:02:00"}
{"customer_id": "C31", "basket": [{"product_id": "P58", "price": 1507}, {"product_id": "P50", "price": 1571}], "date_of_purchase": "2019-02-12 14:18:00"}
{"customer_id": "C33", "basket": [{"product_id": "P39", "price": 1532}, {"product_id": "P40", "price": 1580}], "date_of_purchase": "2019-02-12 14:46:00"}
{"customer_id": "C35", "basket": [{"product_id": "P27", "price": 352}], "date_of_purchase": "2019-02-12 16:41:00"}
{"customer_id": "C41", "basket": [{"product_id": "P25", "price": 579}], "date_of_purchase": "2019-02-12 14:04:00"}
{"customer_id": "C49", "basket": [{"product_id": "P56", "price": 1126}, {"product_id": "P43", "price": 109}], "date_of_purchase": "2019-02-12 18:23:00"}
{"customer_id": "C50", "basket": [{"product_id": "P61", "price": 344}, {"product_id": "P62", "price": 1503}, {"product_id": "P61", "price": 366}], "date_of_purchase": "2019-02-12 08:01:00"}
{"customer_id": "C55", "basket": [{"product_id": "P43", "price": 1013}], "date_of_purchase": "2019-02-12 13:09:00"}
{"customer_id": "C69", "basket": [{"product_id": "P63", "price": 1089}, {"product_id": "P63", "price": 1833}], "date_of_purchase": "2019-02-12 21:29:00"}
{"customer_id": "C70", "basket": [{"product_id": "P30", "price": 113}, {"product_id": "P32", "price": 12}], "date_of_purchase": "2019-02-12 12:18:00"}
{"customer_id": "C71", "basket": [{"product_id": "P31", "price": 1966}, {"product_id": "P23", "price": 1715}, {"product_id": "P23", "price": 1928}], "date_of_purchase": "2019-02-12 19:05:00"}
{"customer_id": "C82", "basket": [{"product_id": "P16", "price": 1231}], "date_of_purchase": "2019-02-12 23:39:00"}
{"customer_id": "C84", "basket": [{"product_id": "P51", "price": 735}, {"product_id": "P44", "price": 1705}], "date_of_purchase": "2019-02-12 16:03:00"}
{"customer_id": "C85", "basket": [{"product_id": "P38", "price": 178}, {"product_id": "P39", "price": 1878}], "date_of_purchase": "2019-02-12 18:44:00"}
{"customer_id": "C86", "basket": [{"product_id": "P32", "price": 1090}], "date_of_purchase": "2019-02-12 19:00:00"}
{"customer_id": "C89", "basket": [{"product_id": "P13", "price": 572}], "date_of_purchase": "2019-02-12 14:54:00"}
{"customer_id": "C92", "basket": [{"product_id": "P32", "price": 105}, {"product_id": "P27", "price": 201}, {"product_id": "P31", "price": 413}], "date_of_purchase": "2019-02-12 20:26:00"}
{"customer_id": "C105", "basket": [{"product_id": "P03", "price": 832}, {"product_id": "P05", "price": 1153}, {"product_id": "P09", "price": 621}], "date_of_purchase": "2019-02-12 04:06:00"}
{"customer_id": "C107", "basket": [{"product_id": "P45", "price": 203}], "date_of_purchase": "2019-02-12 23:17:00"}
{"customer_id": "C110", "basket": [{"product_id": "P22", "price": 988}, {"product_id": "P26", "price": 1404}, {"product_id": "P32", "price": 1290}], "date_of_purchase": "2019-02-12 09:35:00"}
{"customer_id": "C125", "basket": [{"product_id": "P22", "price": 1283}, {"product_id": "P34", "price": 1066}, {"product_id": "P23", "price": 344}], "date_of_purchase": "2019-02-12 03:19:00"}
{"customer_id": "C133", "basket": [{"product_id": "P62", "price": 1172}, {"product_id": "P61", "price": 176}, {"product_id": "P61", "price": 443}], "date_of_purchase": "2019-02-12 20:12:00"}
{"customer_id": "C136", "basket": [{"product_id": "P55", "price": 481}, {"product_id": "P54", "price": 1520}], "date_of_purchase": "2019-02-12 06:22:00"}
