{"customer_id": "C4", "basket": [{"product_id": "P20", "price": 1244}, {"product_id": "P13", "price": 1054}, {"product_id": "P18", "price": 866}], "date_of_purchase": "2019-01-30 07:43:00"}
{"customer_id": "C5", "basket": [{"product_id": "P37", "price": 319}, {"product_id": "P39", "price": 1896}], "date_of_purchase": "2019-01-30 20:01:00"}
{"customer_id": "C14", "basket": [{"product_id": "P30", "price": 786}], "date_of_purchase": "2019-01-30 20:33:00"}
{"customer_id": "C23", "basket": [{"product_id": "P59", "price": 961}, {"product_id": "P53", "price": 78}, {"product_id": "P53", "price": 431}], "date_of_purchase": "2019-01-30 22:29:00"}
{"customer_id": "C24", "basket": [{"product_id": "P22", "price": 1355}], "date_of_purchase": "2019-01-30 07:36:00"}
{"customer_id": "C25", "basket": [{"product_id": "P47", "price": 1753}, {"product_id": "P42", "price": 1674}, {"product_id": "P55", "price": 1780}], "date_of_purchase": "2019-01-30 19:34:00"}
{"customer_id": "C27", "basket": [{"product_id": "P28", "price": 554}], "date_of_purchase": "2019-01-30 06:53:00"}
{"customer_id": "C37", "basket": [{"product_id": "P07", "price": 1869}, {"product_id": "P10", "price": 674}, {"product_id": "P10", "price": 1048}], "date_of_purchase": "2019-01-30 20:40:00"}
{"customer_id": "C40", "basket": [{"product_id": "P52", "price": 1475}], "date_of_purchase": "2019-01-30 19:06:00"}
{"customer_id": "C44", "basket": [{"product_id": "P42", "price": 731}, {"product_id": "P60", "price": 1425}], "date_of_purchase": "2019-01-30 13:06:00"}
{"customer_id": "C51", "basket": [{"product_id": "P28", "price": 1292}, {"product_id": "P30", "price": 1414}, {"product_id": "P25", "price": 347}], "date_of_purchase": "2019-01-30 15:59:00"}
{"customer_id": "C52", "basket": [{"product_id": "P09", "price": 1666}, {"product_id": "P11", "price": 295}], "date_of_purchase": "2019-01-30 04:05:00"}
{"customer_id": "C64", "basket": [{"product_id": "P04", "price": 1563}, {"product_id": "P07", "price": 442}, {"product_id": "P05", "price": 1056}], "date_of_purchase": "2019-01-30 07:54:00"}
{"customer_id": "C66", "basket": [{"product_id": "P40", "price": 1003}, {"product_id": "P35", "price": 1688}, {"product_id": "P35", "price": 1736}], "date_of_purchase": "2019-01-30 11:51:00"}
{"customer_id": "C67", "basket": [{"product_id": "P39", "price": 956}, {"product_id": "P39", "price": 1674}], "date_of_purchase": "2019-01-30 14:26:00"}
{"customer_id": "C74", "basket": [{"product_id": "P20", "price": 1619}], "date_of_purchase": "2019-01-30 22:35:00"}
{"customer_id": "C76", "basket": [{"product_id": "P50", "price": 1993}, {"product_id": "P52", "price": 331}, {"product_id": "P60", "price": 1375}], "date_of_purchase": "2019-01-30 14:51:00"}
{"customer_id": "C77", "basket": [{"product_id": "P41", "price": 573}], "date_of_purchase": "2019-01-30 13:22:00"}
{"customer_id": "C82", "basket": [{"product_id": "P40", "price": 114}, {"product_id": "P35", "price": 144}], "date_of_purchase": "2019-01-30 12:56:00"}
{"customer_id": "C84", "basket": [{"product_id": "P27", "price": 1346}], "date_of_purchase": "2019-01-30 05:02:00"}
{"customer_id": "C93", "basket": [{"product_id": "P42", "price": 1619}, {"product_id": "P48", "price": 1793}, {"product_id": "P43", "price": 1246}], "date_of_purchase": "2019-01-30 23:51:00"}
{"customer_id": "C95", "basket": [{"product_id": "P60", "price": 46}, {"product_id": "P59", "price": 1402}, {"product_id": "P48", "price": 466}], "date_of_purchase": "2019-01-30 16:28:00"}
{"customer_id": "C96", "basket": [{"product_id": "P24", "price": 1964}, {"product_id": "P33", "price": 1149}, {"product_id": "P28", "price": 92}], "date_of_purchase": "2019-01-30 04:56:00"}
{"customer_id": "C98", "basket": [{"product_id": "P38", "price": 1111}, {"product_id": "P38", "price": 56}], "date_of_purchase": "2019-01-30 23:08:00"}
{"customer_id": "C113", "basket": [{"product_id": "P45", "price": 1384}, {"product_id": "P50", "price": 1619}], "date_of_purchase": "2019-01-30 18:26:00"}
{"customer_id": "C119", "basket": [{"product_id": "P49", "price": 1496}, {"product_id": "P42", "price": 741}], "date_of_purchase": "2019-01-30 23:24:00"}
{"customer_id": "C122", "basket": [{"product_id": "P63", "price": 1995}], "date_of_purchase": "2019-01-30 09:54:00"}
{"customer_id": "C124", "basket": [{"product_id": "P54", "price": 1194}, {"product_id": "P55", "price": 23}], "date_of_purchase": "2019-01-30 09:28:00"}
{"customer_id": "C127", "basket": [{"product_id": "P03", "price": 1540}], "date_of_purchase": "2019-01-30 04:15:00"}
{"customer_id": "C136", "basket": [{"product_id": "P57", "price": 1371}, {"product_id": "P49", "price": 1803}, {"product_id": "P60", "price": 1033}], "date_of_purchase": "2019-01-30 20:30:00"}
{"customer_id": "C137", "basket": [{"product_id": "P11", "price": 3}, {"product_id": "P03", "price": 1906}], "date_of_purchase": "2019-01-30 10:02:00"}
