{"customer_id": "C16", "basket": [{"product_id": "P51", "price": 1410}], "date_of_purchase": "2018-12-18 11:29:00"}
{"customer_id": "C18", "basket": [{"product_id": "P45", "price": 1380}, {"product_id": "P42", "price": 1081}, {"product_id": "P41", "price": 1278}], "date_of_purchase": "2018-12-18 10:03:00"}
{"customer_id": "C39", "basket": [{"product_id": "P12", "price": 307}], "date_of_purchase": "2018-12-18 10:13:00"}
{"customer_id": "C40", "basket": [{"product_id": "P36", "price": 152}, {"product_id": "P35", "price": 1802}], "date_of_purchase": "2018-12-18 03:13:00"}
{"customer_id": "C48", "basket": [{"product_id": "P35", "price": 979}], "date_of_purchase": "2018-12-18 13:17:00"}
{"customer_id": "C49", "basket": [{"product_id": "P30", "price": 1579}, {"product_id": "P22", "price": 339}], "date_of_purchase": "2018-12-18 07:17:00"}
{"customer_id": "C52", "basket": [{"product_id": "P06", "price": 1076}], "date_of_purchase": "2018-12-18 09:59:00"}
{"customer_id": "C82", "basket": [{"product_id": "P15", "price": 713}], "date_of_purchase": "2018-12-18 12:34:00"}
{"customer_id": "C91", "basket": [{"product_id": "P23", "price": 599}, {"product_id": "P29", "price": 132}, {"product_id": "P22", "price": 1466}], "date_of_purchase": "2018-12-18 11:07:00"}
{"customer_id": "C93", "basket": [{"product_id": "P49", "price": 1042}], "date_of_purchase": "2018-12-18 21:15:00"}
{"customer_id": "C95", "basket": [{"product_id": "P57", "price": 1059}], "date_of_purchase": "2018-12-18 04:58:00"}
{"customer_id": "C97", "basket": [{"product_id": "P50", "price": 1617}], "date_of_purchase": "2018-12-18 18:45:00"}
{"customer_id": "C100", "basket": [{"product_id": "P33", "price": 976}], "date_of_purchase": "2018-12-18 21:12:00"}
{"customer_id": "C101", "basket": [{"product_id": "P08", "price": 1316}], "date_of_purchase": "2018-12-18 20:32:00"}
{"customer_id": "C115", "basket": [{"product_id": "P47", "price": 758}], "date_of_purchase": "2018-12-18 21:20:00"}
{"customer_id": "C118", "basket": [{"product_id": "P08", "price": 1957}, {"product_id": "P10", "price": 1343}], "date_of_purchase": "2018-12-18 08:05:00"}
{"customer_id": "C120", "basket": [{"product_id": "P30", "price": 1418}, {"product_id": "P28", "price": 1446}], "date_of_purchase": "2018-12-18 04:06:00"}
{"customer_id": "C123", "basket": [{"product_id": "P11", "price": 1740}], "date_of_purchase": "2018-12-18 13:08:00"}
{"customer_id": "C124", "basket": [{"product_id": "P25", "price": 1136}, {"product_id": "P34", "price": 1787}, {"product_id": "P26", "price": 1820}], "date_of_purchase": "2018-12-18 17:16:00"}
{"customer_id": "C125", "basket": [{"product_id": "P31", "price": 1482}, {"product_id": "P28", "price": 1982}, {"product_id": "P24", "price": 321}], "date_of_purchase": "2018-12-18 16:19:00"}
{"customer_id": "C129", "basket": [{"product_id": "P34", "price": 763}, {"product_id": "P23", "price": 1430}, {"product_id": "P26", "price": 350}], "date_of_purchase": "2018-12-18 16:48:00"}
