{"customer_id": "C11", "basket": [{"product_id": "P38", "price": 1269}], "date_of_purchase": "2019-01-29 12:14:00"}
{"customer_id": "C14", "basket": [{"product_id": "P12", "price": 684}], "date_of_purchase": "2019-01-29 07:08:00"}
{"customer_id": "C22", "basket": [{"product_id": "P55", "price": 1478}], "date_of_purchase": "2019-01-29 18:48:00"}
{"customer_id": "C25", "basket": [{"product_id": "P55", "price": 386}], "date_of_purchase": "2019-01-29 07:46:00"}
{"customer_id": "C26", "basket": [{"product_id": "P36", "price": 1700}, {"product_id": "P40", "price": 872}, {"product_id": "P37", "price": 934}], "date_of_purchase": "2019-01-29 12:19:00"}
{"customer_id": "C38", "basket": [{"product_id": "P40", "price": 1255}, {"product_id": "P38", "price": 1411}, {"product_id": "P39", "price": 388}], "date_of_purchase": "2019-01-29 05:51:00"}
{"customer_id": "C43", "basket": [{"product_id": "P63", "price": 1719}, {"product_id": "P64", "price": 1510}, {"product_id": "P63", "price": 137}], "date_of_purchase": "2019-01-29 23:00:00"}
{"customer_id": "C45", "basket": [{"product_id": "P56", "price": 1964}, {"product_id": "P55", "price": 136}], "date_of_purchase": "2019-01-29 14:52:00"}
{"customer_id": "C48", "basket": [{"product_id": "P40", "price": 1621}, {"product_id": "P39", "price": 936}], "date_of_purchase": "2019-01-29 19:48:00"}
{"customer_id": "C50", "basket": [{"product_id": "P63", "price": 1611}, {"product_id": "P64", "price": 7}, {"product_id": "P63", "price": 181}], "date_of_purchase": "2019-01-29 06:29:00"}
{"customer_id": "C52", "basket": [{"product_id": "P10", "price": 1989}], "date_of_purchase": "2019-01-29 04:58:00"}
{"customer_id": "C56", "basket": [{"product_id": "P36", "price": 935}, {"product_id": "P40", "price": 1678}], "date_of_purchase": "2019-01-29 09:38:00"}
{"customer_id": "C59", "basket": [{"product_id": "P27", "price": 809}, {"product_id": "P23", "price": 464}], "date_of_purchase": "2019-01-29 04:39:00"}
{"customer_id": "C62", "basket": [{"product_id": "P09", "price": 1164}, {"product_id": "P04", "price": 155}], "date_of_purchase": "2019-01-29 06:33:00"}
{"customer_id": "C64", "basket": [{"product_id": "P61", "price": 262}, {"product_id": "P62", "price": 1623}], "date_of_purchase": "2019-01-29 10:17:00"}
{"customer_id": "C67", "basket": [{"product_id": "P35", "price": 1551}], "date_of_purchase": "2019-01-29 13:38:00"}
{"customer_id": "C71", "basket": [{"product_id": "P33", "price": 495}, {"product_id": "P29", "price": 1810}, {"product_id": "P27", "price": 1737}], "date_of_purchase": "2019-01-29 22:43:00"}
{"customer_id": "C72", "basket": [{"product_id": "P61", "price": 1171}], "date_of_purchase": "2019-01-29 23:34:00"}
{"customer_id": "C82", "basket": [{"product_id": "P40", "price": 562}, {"product_id": "P39", "price": 157}, {"product_id": "P38", "price": 1418}], "date_of_purchase": "2019-01-29 08:04:00"}
{"customer_id": "C93", "basket": [{"product_id": "P42", "price": 521}, {"product_id": "P48", "price": 510}, {"product_id": "P52", "price": 1788}], "date_of_purchase": "2019-01-29 18:00:00"}
{"customer_id": "C95", "basket": [{"product_id": "P55", "price": 1428}], "date_of_purchase": "2019-01-29 16:47:00"}
{"customer_id": "C105", "basket": [{"product_id": "P10", "price": 937}, {"product_id": "P08", "price": 1139}, {"product_id": "P03", "price": 1778}], "date_of_purchase": "2019-01-29 18:03:00"}
{"customer_id": "C108", "basket": [{"product_id": "P23", "price": 1334}, {"product_id": "P27", "price": 163}], "date_of_purchase": "2019-01-29 12:59:00"}
{"customer_id": "C114", "basket": [{"product_id": "P51", "price": 1263}], "date_of_purchase": "2019-01-29 09:28:00"}
{"customer_id": "C117", "basket": [{"product_id": "P58", "price": 54}, {"product_id": "P58", "price": 1288}], "date_of_purchase": "2019-01-29 15:31:00"}
{"customer_id": "C118", "basket": [{"product_id": "P53", "price": 465}], "date_of_purchase": "2019-01-29 22:29:00"}
{"customer_id": "C123", "basket": [{"product_id": "P62", "price": 1597}], "date_of_purchase": "2019-01-29 20:43:00"}
{"customer_id": "C131", "basket": [{"product_id": "P34", "price": 296}, {"product_id": "P24", "price": 353}], "date_of_purchase": "2019-01-29 11:11:00"}
{"customer_id": "C136", "basket": [{"product_id": "P53", "price": 821}, {"product_id": "P56", "price": 699}], "date_of_purchase": "2019-01-29 23:33:00"}
{"customer_id": "C137", "basket": [{"product_id": "P38", "price": 569}], "date_of_purchase": "2019-01-29 09:39:00"}
