{"customer_id": "C8", "basket": [{"product_id": "P06", "price": 1444}, {"product_id": "P09", "price": 1310}], "date_of_purchase": "2018-12-13 16:15:00"}
{"customer_id": "C14", "basket": [{"product_id": "P34", "price": 454}, {"product_id": "P23", "price": 1894}], "date_of_purchase": "2018-12-13 10:10:00"}
{"customer_id": "C16", "basket": [{"product_id": "P37", "price": 1758}, {"product_id": "P38", "price": 1690}, {"product_id": "P40", "price": 746}], "date_of_purchase": "2018-12-13 09:27:00"}
{"customer_id": "C20", "basket": [{"product_id": "P64", "price": 1649}, {"product_id": "P61", "price": 61}, {"product_id": "P64", "price": 763}], "date_of_purchase": "2018-12-13 05:33:00"}
{"customer_id": "C25", "basket": [{"product_id": "P43", "price": 1227}, {"product_id": "P46", "price": 536}], "date_of_purchase": "2018-12-13 16:05:00"}
{"customer_id": "C31", "basket": [{"product_id": "P59", "price": 1889}, {"product_id": "P47", "price": 32}], "date_of_purchase": "2018-12-13 06:33:00"}
{"customer_id": "C33", "basket": [{"product_id": "P40", "price": 1360}, {"product_id": "P39", "price": 650}, {"product_id": "P37", "price": 1290}], "date_of_purchase": "2018-12-13 13:56:00"}
{"customer_id": "C41", "basket": [{"product_id": "P27", "price": 1795}, {"product_id": "P27", "price": 1386}], "date_of_purchase": "2018-12-13 17:25:00"}
{"customer_id": "C44", "basket": [{"product_id": "P44", "price": 1348}], "date_of_purchase": "2018-12-13 03:34:00"}
{"customer_id": "C45", "basket": [{"product_id": "P01", "price": 931}], "date_of_purchase": "2018-12-13 11:08:00"}
{"customer_id": "C49", "basket": [{"product_id": "P24", "price": 7}, {"product_id": "P27", "price": 1250}, {"product_id": "P24", "price": 22}], "date_of_purchase": "2018-12-13 18:25:00"}
{"customer_id": "C50", "basket": [{"product_id": "P64", "price": 450}, {"product_id": "P64", "price": 1022}, {"product_id": "P64", "price": 339}], "date_of_purchase": "2018-12-13 17:48:00"}
{"customer_id": "C53", "basket": [{"product_id": "P31", "price": 1800}, {"product_id": "P28", "price": 230}], "date_of_purchase": "2018-12-13 12:49:00"}
{"customer_id": "C64", "basket": [{"product_id": "P04", "price": 256}], "date_of_purchase": "2018-12-13 21:47:00"}
{"customer_id": "C67", "basket": [{"product_id": "P22", "price": 1036}, {"product_id": "P32", "price": 1848}, {"product_id": "P28", "price": 1754}], "date_of_purchase": "2018-12-13 12:41:00"}
{"customer_id": "C77", "basket": [{"product_id": "P49", "price": 1680}], "date_of_purchase": "2018-12-13 19:47:00"}
{"customer_id": "C78", "basket": [{"product_id": "P62", "price": 1305}, {"product_id": "P63", "price": 1430}, {"product_id": "P62", "price": 520}], "date_of_purchase": "2018-12-13 04:15:00"}
{"customer_id": "C84", "basket": [{"product_id": "P60", "price": 1234}, {"product_id": "P44", "price": 772}, {"product_id": "P52", "price": 1059}], "date_of_purchase": "2018-12-13 03:32:00"}
{"customer_id": "C86", "basket": [{"product_id": "P38", "price": 230}, {"product_id": "P39", "price": 1828}], "date_of_purchase": "2018-12-13 05:46:00"}
{"customer_id": "C92", "basket": [{"product_id": "P63", "price": 102}, {"product_id": "P63", "price": 26}], "date_of_purchase": "2018-12-13 14:14:00"}
{"customer_id": "C95", "basket": [{"product_id": "P45", "price": 669}, {"product_id": "P57", "price": 1467}, {"product_id": "P57", "price": 1405}], "date_of_purchase": "2018-12-13 14:21:00"}
{"customer_id": "C112", "basket": [{"product_id": "P55", "price": 546}, {"product_id": "P42", "price": 140}, {"product_id": "P53", "price": 1636}], "date_of_purchase": "2018-12-13 16:24:00"}
{"customer_id": "C114", "basket": [{"product_id": "P60", "price": 1415}, {"product_id": "P60", "price": 1046}, {"product_id": "P43", "price": 107}], "date_of_purchase": "2018-12-13 22:40:00"}
{"customer_id": "C119", "basket": [{"product_id": "P20", "price": 1287}], "date_of_purchase": "2018-12-13 03:02:00"}
{"customer_id": "C122", "basket": [{"product_id": "P62", "price": 534}, {"product_id": "P63", "price": 415}], "date_of_purchase": "2018-12-13 04:32:00"}
{"customer_id": "C123", "basket": [{"product_id": "P03", "price": 1599}, {"product_id": "P01", "price": 863}], "date_of_purchase": "2018-12-13 08:26:00"}
{"customer_id": "C135", "basket": [{"product_id": "P59", "price": 1938}, {"product_id": "P46", "price": 1660}], "date_of_purchase": "2018-12-13 18:08:00"}
