{"customer_id": "C8", "basket": [{"product_id": "P32", "price": 856}, {"product_id": "P31", "price": 1113}, {"product_id": "P32", "price": 1237}], "date_of_purchase": "2019-01-16 15:06:00"}
{"customer_id": "C14", "basket": [{"product_id": "P08", "price": 1826}, {"product_id": "P01", "price": 651}, {"product_id": "P09", "price": 547}], "date_of_purchase": "2019-01-16 05:13:00"}
{"customer_id": "C15", "basket": [{"product_id": "P13", "price": 1986}, {"product_id": "P18", "price": 315}], "date_of_purchase": "2019-01-16 05:31:00"}
{"customer_id": "C21", "basket": [{"product_id": "P19", "price": 280}, {"product_id": "P19", "price": 1832}, {"product_id": "P14", "price": 61}], "date_of_purchase": "2019-01-16 06:44:00"}
{"customer_id": "C27", "basket": [{"product_id": "P34", "price": 269}, {"product_id": "P31", "price": 752}, {"product_id": "P31", "price": 895}], "date_of_purchase": "2019-01-16 11:20:00"}
{"customer_id": "C28", "basket": [{"product_id": "P39", "price": 235}, {"product_id": "P35", "price": 405}, {"product_id": "P35", "price": 1207}], "date_of_purchase": "2019-01-16 15:58:00"}
{"customer_id": "C44", "basket": [{"product_id": "P45", "price": 871}, {"product_id": "P60", "price": 807}, {"product_id": "P47", "price": 151}], "date_of_purchase": "2019-01-16 09:38:00"}
{"customer_id": "C45", "basket": [{"product_id": "P43", "price": 998}, {"product_id": "P43", "price": 943}], "date_of_purchase": "2019-01-16 07:03:00"}
{"customer_id": "C46", "basket": [{"product_id": "P28", "price": 374}, {"product_id": "P25", "price": 48}], "date_of_purchase": "2019-01-16 11:33:00"}
{"customer_id": "C52", "basket": [{"product_id": "P49", "price": 738}, {"product_id": "P48", "price": 84}], "date_of_purchase": "2019-01-16 17:31:00"}
{"customer_id": "C63", "basket": [{"product_id": "P08", "price": 1055}, {"product_id": "P05", "price": 1138}, {"product_id": "P05", "price": 517}], "date_of_purchase": "2019-01-16 08:07:00"}
{"customer_id": "C77", "basket": [{"product_id": "P59", "price": 375}, {"product_id": "P54", "price": 153}, {"product_id": "P44", "price": 1532}], "date_of_purchase": "2019-01-16 03:47:00"}
{"customer_id": "C80", "basket": [{"product_id": "P62", "price": 1990}, {"product_id": "P61", "price": 1539}, {"product_id": "P64", "price": 1608}], "date_of_purchase": "2019-01-16 06:22:00"}
{"customer_id": "C81", "basket": [{"product_id": "P45", "price": 905}, {"product_id": "P50", "price": 69}], "date_of_purchase": "2019-01-16 09:28:00"}
{"customer_id": "C84", "basket": [{"product_id": "P38", "price": 316}, {"product_id": "P37", "price": 1751}], "date_of_purchase": "2019-01-16 12:10:00"}
{"customer_id": "C89", "basket": [{"product_id": "P24", "price": 235}, {"product_id": "P26", "price": 1990}, {"product_id": "P27", "price": 1997}], "date_of_purchase": "2019-01-16 11:47:00"}
{"customer_id": "C95", "basket": [{"product_id": "P52", "price": 432}, {"product_id": "P44", "price": 1832}], "date_of_purchase": "2019-01-16 19:55:00"}
{"customer_id": "C98", "basket": [{"product_id": "P39", "price": 1103}, {"product_id": "P40", "price": 1925}], "date_of_purchase": "2019-01-16 07:23:00"}
{"customer_id": "C112", "basket": [{"product_id": "P40", "price": 1520}, {"product_id": "P37", "price": 1163}], "date_of_purchase": "2019-01-16 06:39:00"}
{"customer_id": "C113", "basket": [{"product_id": "P06", "price": 1134}], "date_of_purchase": "2019-01-16 22:36:00"}
{"customer_id": "C119", "basket": [{"product_id": "P02", "price": 1465}], "date_of_purchase": "2019-01-16 14:55:00"}
{"customer_id": "C120", "basket": [{"product_id": "P29", "price": 1896}], "date_of_purchase": "2019-01-16 12:04:00"}
{"customer_id": "C122", "basket": [{"product_id": "P63", "price": 661}], "date_of_purchase": "2019-01-16 09:39:00"}
{"customer_id": "C125", "basket": [{"product_id": "P62", "price": 274}, {"product_id": "P64", "price": 348}], "date_of_purchase": "2019-01-16 23:45:00"}
{"customer_id": "C126", "basket": [{"product_id": "P04", "price": 35}], "date_of_purchase": "2019-01-16 16:21:00"}
{"customer_id": "C129", "basket": [{"product_id": "P33", "price": 719}], "date_of_purchase": "2019-01-16 18:18:00"}
{"customer_id": "C134", "basket": [{"product_id": "P23", "price": 1643}], "date_of_purchase": "2019-01-16 07:55:00"}
