{"customer_id": "C1", "basket": [{"product_id": "P50", "price": 1283}, {"product_id": "P54", "price": 606}, {"product_id": "P59", "price": 1954}], "date_of_purchase": "2019-01-28 09:11:00"}
{"customer_id": "C11", "basket": [{"product_id": "P63", "price": 1215}, {"product_id": "P61", "price": 1680}, {"product_id": "P62", "price": 759}], "date_of_purchase": "2019-01-28 15:44:00"}
{"customer_id": "C14", "basket": [{"product_id": "P26", "price": 1291}, {"product_id": "P22", "price": 1235}, {"product_id": "P26", "price": 249}], "date_of_purchase": "2019-01-28 03:10:00"}
{"customer_id": "C22", "basket": [{"product_id": "P41", "price": 1418}], "date_of_purchase": "2019-01-28 05:05:00"}
{"customer_id": "C31", "basket": [{"product_id": "P46", "price": 1088}, {"product_id": "P59", "price": 225}], "date_of_purchase": "2019-01-28 09:28:00"}
{"customer_id": "C55", "basket": [{"product_id": "P50", "price": 366}, {"product_id": "P48", "price": 1350}, {"product_id": "P48", "price": 206}], "date_of_purchase": "2019-01-28 12:52:00"}
{"customer_id": "C84", "basket": [{"product_id": "P32", "price": 1902}], "date_of_purchase": "2019-01-28 20:44:00"}
{"customer_id": "C90", "basket": [{"product_id": "P63", "price": 1303}, {"product_id": "P64", "price": 1029}, {"product_id": "P63", "price": 1118}], "date_of_purchase": "2019-01-28 06:00:00"}
{"customer_id": "C97", "basket": [{"product_id": "P33", "price": 1879}, {"product_id": "P25", "price": 893}], "date_of_purchase": "2019-01-28 08:09:00"}
{"customer_id": "C98", "basket": [{"product_id": "P40", "price": 1902}, {"product_id": "P37", "price": 725}, {"product_id": "P40", "price": 1359}], "date_of_purchase": "2019-01-28 04:22:00"}
{"customer_id": "C99", "basket": [{"product_id": "P27", "price": 1731}, {"product_id": "P24", "price": 625}, {"product_id": "P22", "price": 1599}], "date_of_purchase": "2019-01-28 06:46:00"}
{"customer_id": "C101", "basket": [{"product_id": "P62", "price": 310}], "date_of_purchase": "2019-01-28 12:10:00"}
{"customer_id": "C103", "basket": [{"product_id": "P31", "price": 1951}], "date_of_purchase": "2019-01-28 22:42:00"}
{"customer_id": "C105", "basket": [{"product_id": "P08", "price": 197}, {"product_id": "P03", "price": 1896}], "date_of_purchase": "2019-01-28 08:22:00"}
{"customer_id": "C111", "basket": [{"product_id": "P46", "price": 878}, {"product_id": "P58", "price": 768}], "date_of_purchase": "2019-01-28 10:49:00"}
{"customer_id": "C114", "basket": [{"product_id": "P32", "price": 1225}, {"product_id": "P28", "price": 730}], "date_of_purchase": "2019-01-28 12:07:00"}
{"customer_id": "C119", "basket": [{"product_id": "P10", "price": 1179}], "date_of_purchase": "2019-01-28 15:22:00"}
{"customer_id": "C129", "basket": [{"product_id": "P27", "price": 1507}], "date_of_purchase": "2019-01-28 14:14:00"}
{"customer_id": "C131", "basket": [{"product_id": "P33", "price": 290}, {"product_id": "P25", "price": 1323}, {"product_id": "P24", "price": 339}], "date_of_purchase": "2019-01-28 04:54:00"}
{"customer_id": "C135", "basket": [{"product_id": "P57", "price": 713}, {"product_id": "P51", "price": 312}], "date_of_purchase": "2019-01-28 12:13:00"}
{"customer_id": "C136", "basket": [{"product_id": "P53", "price": 1545}], "date_of_purchase": "2019-01-28 10:27:00"}
