{"customer_id": "C8", "basket": [{"product_id": "P53", "price": 1920}, {"product_id": "P43", "price": 1765}], "date_of_purchase": "2019-02-25 21:07:00"}
{"customer_id": "C15", "basket": [{"product_id": "P18", "price": 455}, {"product_id": "P14", "price": 1904}, {"product_id": "P20", "price": 1711}], "date_of_purchase": "2019-02-25 06:02:00"}
{"customer_id": "C24", "basket": [{"product_id": "P33", "price": 1142}, {"product_id": "P28", "price": 608}, {"product_id": "P23", "price": 1914}], "date_of_purchase": "2019-02-25 04:30:00"}
{"customer_id": "C32", "basket": [{"product_id": "P32", "price": 1025}, {"product_id": "P34", "price": 83}], "date_of_purchase": "2019-02-25 06:51:00"}
{"customer_id": "C35", "basket": [{"product_id": "P33", "price": 448}], "date_of_purchase": "2019-02-25 10:57:00"}
{"customer_id": "C38", "basket": [{"product_id": "P26", "price": 130}, {"product_id": "P27", "price": 910}, {"product_id": "P22", "price": 773}], "date_of_purchase": "2019-02-25 09:27:00"}
{"customer_id": "C58", "basket": [{"product_id": "P39", "price": 420}, {"product_id": "P36", "price": 1394}, {"product_id": "P35", "price": 1993}], "date_of_purchase": "2019-02-25 23:35:00"}
{"customer_id": "C60", "basket": [{"product_id": "P36", "price": 1990}, {"product_id": "P35", "price": 249}], "date_of_purchase": "2019-02-25 15:17:00"}
{"customer_id": "C67", "basket": [{"product_id": "P39", "price": 217}, {"product_id": "P37", "price": 1381}], "date_of_purchase": "2019-02-25 22:06:00"}
{"customer_id": "C77", "basket": [{"product_id": "P42", "price": 661}, {"product_id": "P60", "price": 1404}], "date_of_purchase": "2019-02-25 04:47:00"}
{"customer_id": "C80", "basket": [{"product_id": "P61", "price": 710}, {"product_id": "P62", "price": 1529}, {"product_id": "P64", "price": 1300}], "date_of_purchase": "2019-02-25 17:40:00"}
{"customer_id": "C84", "basket": [{"product_id": "P31", "price": 604}, {"product_id": "P31", "price": 292}, {"product_id": "P30", "price": 275}], "date_of_purchase": "2019-02-25 03:00:00"}
{"customer_id": "C86", "basket": [{"product_id": "P37", "price": 306}], "date_of_purchase": "2019-02-25 18:25:00"}
{"customer_id": "C95", "basket": [{"product_id": "P59", "price": 53}, {"product_id": "P49", "price": 1735}], "date_of_purchase": "2019-02-25 19:10:00"}
{"customer_id": "C97", "basket": [{"product_id": "P26", "price": 1023}], "date_of_purchase": "2019-02-25 13:53:00"}
{"customer_id": "C98", "basket": [{"product_id": "P39", "price": 1903}], "date_of_purchase": "2019-02-25 15:42:00"}
{"customer_id": "C103", "basket": [{"product_id": "P33", "price": 690}, {"product_id": "P28", "price": 1160}, {"product_id": "P31", "price": 1978}], "date_of_purchase": "2019-02-25 19:43:00"}
{"customer_id": "C105", "basket": [{"product_id": "P10", "price": 1319}], "date_of_purchase": "2019-02-25 16:38:00"}
{"customer_id": "C108", "basket": [{"product_id": "P24", "price": 761}], "date_of_purchase": "2019-02-25 09:53:00"}
{"customer_id": "C110", "basket": [{"product_id": "P18", "price": 1217}, {"product_id": "P13", "price": 860}, {"product_id": "P17", "price": 1147}], "date_of_purchase": "2019-02-25 16:42:00"}
{"customer_id": "C113", "basket": [{"product_id": "P21", "price": 1768}, {"product_id": "P17", "price": 64}], "date_of_purchase": "2019-02-25 05:52:00"}
{"customer_id": "C114", "basket": [{"product_id": "P49", "price": 1460}, {"product_id": "P47", "price": 1788}], "date_of_purchase": "2019-02-25 10:10:00"}
{"customer_id": "C115", "basket": [{"product_id": "P59", "price": 1985}], "date_of_purchase": "2019-02-25 06:21:00"}
{"customer_id": "C119", "basket": [{"product_id": "P37", "price": 1547}, {"product_id": "P35", "price": 1208}], "date_of_purchase": "2019-02-25 18:44:00"}
{"customer_id": "C120", "basket": [{"product_id": "P24", "price": 423}, {"product_id": "P25", "price": 1372}], "date_of_purchase": "2019-02-25 16:15:00"}
{"customer_id": "C124", "basket": [{"product_id": "P35", "price": 925}, {"product_id": "P38", "price": 896}], "date_of_purchase": "2019-02-25 22:37:00"}
{"customer_id": "C125", "basket": [{"product_id": "P28", "price": 1367}, {"product_id": "P32", "price": 902}, {"product_id": "P30", "price": 656}], "date_of_purchase": "2019-02-25 11:03:00"}
