{"customer_id": "C14", "basket": [{"product_id": "P33", "price": 692}, {"product_id": "P22", "price": 1677}], "date_of_purchase": "2019-01-12 08:56:00"}
{"customer_id": "C19", "basket": [{"product_id": "P39", "price": 997}], "date_of_purchase": "2019-01-12 16:40:00"}
{"customer_id": "C25", "basket": [{"product_id": "P12", "price": 1866}], "date_of_purchase": "2019-01-12 12:47:00"}
{"customer_id": "C29", "basket": [{"product_id": "P58", "price": 1816}], "date_of_purchase": "2019-01-12 12:04:00"}
{"customer_id": "C32", "basket": [{"product_id": "P07", "price": 14}, {"product_id": "P05", "price": 73}], "date_of_purchase": "2019-01-12 06:04:00"}
{"customer_id": "C49", "basket": [{"product_id": "P32", "price": 1115}, {"product_id": "P28", "price": 537}], "date_of_purchase": "2019-01-12 21:45:00"}
{"customer_id": "C50", "basket": [{"product_id": "P63", "price": 522}], "date_of_purchase": "2019-01-12 09:02:00"}
{"customer_id": "C52", "basket": [{"product_id": "P49", "price": 1579}], "date_of_purchase": "2019-01-12 04:08:00"}
{"customer_id": "C58", "basket": [{"product_id": "P35", "price": 21}, {"product_id": "P40", "price": 156}], "date_of_purchase": "2019-01-12 07:01:00"}
{"customer_id": "C67", "basket": [{"product_id": "P36", "price": 1418}], "date_of_purchase": "2019-01-12 22:31:00"}
{"customer_id": "C74", "basket": [{"product_id": "P19", "price": 1431}], "date_of_purchase": "2019-01-12 04:30:00"}
{"customer_id": "C79", "basket": [{"product_id": "P35", "price": 585}, {"product_id": "P39", "price": 1560}, {"product_id": "P40", "price": 798}], "date_of_purchase": "2019-01-12 16:29:00"}
{"customer_id": "C87", "basket": [{"product_id": "P63", "price": 1504}, {"product_id": "P61", "price": 169}, {"product_id": "P63", "price": 40}], "date_of_purchase": "2019-01-12 17:52:00"}
{"customer_id": "C91", "basket": [{"product_id": "P12", "price": 1563}], "date_of_purchase": "2019-01-12 17:44:00"}
{"customer_id": "C104", "basket": [{"product_id": "P40", "price": 807}, {"product_id": "P36", "price": 1316}, {"product_id": "P38", "price": 1823}], "date_of_purchase": "2019-01-12 13:28:00"}
{"customer_id": "C112", "basket": [{"product_id": "P38", "price": 896}, {"product_id": "P38", "price": 313}], "date_of_purchase": "2019-01-12 16:53:00"}
{"customer_id": "C118", "basket": [{"product_id": "P46", "price": 1791}, {"product_id": "P49", "price": 1220}], "date_of_purchase": "2019-01-12 04:33:00"}
{"customer_id": "C126", "basket": [{"product_id": "P25", "price": 1205}, {"product_id": "P26", "price": 1670}, {"product_id": "P27", "price": 591}], "date_of_purchase": "2019-01-12 21:32:00"}
{"customer_id": "C127", "basket": [{"product_id": "P36", "price": 303}, {"product_id": "P40", "price": 66}], "date_of_purchase": "2019-01-12 17:05:00"}
