{"customer_id": "C5", "basket": [{"product_id": "P35", "price": 1747}, {"product_id": "P37", "price": 233}, {"product_id": "P39", "price": 787}], "date_of_purchase": "2019-02-10 13:13:00"}
{"customer_id": "C11", "basket": [{"product_id": "P04", "price": 1043}], "date_of_purchase": "2019-02-10 04:55:00"}
{"customer_id": "C16", "basket": [{"product_id": "P49", "price": 1479}], "date_of_purchase": "2019-02-10 19:18:00"}
{"customer_id": "C19", "basket": [{"product_id": "P10", "price": 1613}, {"product_id": "P02", "price": 868}, {"product_id": "P10", "price": 1785}], "date_of_purchase": "2019-02-10 17:03:00"}
{"customer_id": "C26", "basket": [{"product_id": "P51", "price": 1343}, {"product_id": "P53", "price": 1568}, {"product_id": "P45", "price": 1178}], "date_of_purchase": "2019-02-10 12:59:00"}
{"customer_id": "C35", "basket": [{"product_id": "P26", "price": 1801}, {"product_id": "P25", "price": 674}, {"product_id": "P34", "price": 248}], "date_of_purchase": "2019-02-10 15:59:00"}
{"customer_id": "C38", "basket": [{"product_id": "P62", "price": 489}], "date_of_purchase": "2019-02-10 14:47:00"}
{"customer_id": "C41", "basket": [{"product_id": "P56", "price": 119}, {"product_id": "P58", "price": 1776}], "date_of_purchase": "2019-02-10 21:44:00"}
{"customer_id": "C48", "basket": [{"product_id": "P36", "price": 1186}, {"product_id": "P35", "price": 1208}], "date_of_purchase": "2019-02-10 04:56:00"}
{"customer_id": "C49", "basket": [{"product_id": "P59", "price": 1046}, {"product_id": "P47", "price": 382}], "date_of_purchase": "2019-02-10 23:53:00"}
{"customer_id": "C50", "basket": [{"product_id": "P64", "price": 174}, {"product_id": "P62", "price": 1252}, {"product_id": "P64", "price": 860}], "date_of_purchase": "2019-02-10 17:38:00"}
{"customer_id": "C62", "basket": [{"product_id": "P06", "price": 220}, {"product_id": "P08", "price": 1068}, {"product_id": "P10", "price": 1487}], "date_of_purchase": "2019-02-10 03:48:00"}
{"customer_id": "C98", "basket": [{"product_id": "P40", "price": 383}], "date_of_purchase": "2019-02-10 18:36:00"}
{"customer_id": "C106", "basket": [{"product_id": "P32", "price": 942}, {"product_id": "P26", "price": 352}], "date_of_purchase": "2019-02-10 17:56:00"}
{"customer_id": "C116", "basket": [{"product_id": "P11", "price": 1271}, {"product_id": "P09", "price": 893}, {"product_id": "P08", "price": 299}], "date_of_purchase": "2019-02-10 20:55:00"}
{"customer_id": "C122", "basket": [{"product_id": "P61", "price": 536}, {"product_id": "P64", "price": 275}], "date_of_purchase": "2019-02-10 03:48:00"}
{"customer_id": "C123", "basket": [{"product_id": "P50", "price": 917}], "date_of_purchase": "2019-02-10 21:14:00"}
{"customer_id": "C126", "basket": [{"product_id": "P04", "price": 1044}, {"product_id": "P07", "price": 257}, {"product_id": "P07", "price": 637}], "date_of_purchase": "2019-02-10 05:59:00"}
{"customer_id": "C128", "basket": [{"product_id": "P62", "price": 1530}, {"product_id": "P62", "price": 1298}, {"product_id": "P62", "price": 1522}], "date_of_purchase": "2019-02-10 13:23:00"}
{"customer_id": "C129", "basket": [{"product_id": "P34", "price": 1951}, {"product_id": "P30", "price": 1014}], "date_of_purchase": "2019-02-10 03:25:00"}
