{"customer_id": "C13", "basket": [{"product_id": "P18", "price": 1391}, {"product_id": "P21", "price": 440}], "date_of_purchase": "2019-02-15 15:41:00"}
{"customer_id": "C24", "basket": [{"product_id": "P23", "price": 172}], "date_of_purchase": "2019-02-15 07:00:00"}
{"customer_id": "C27", "basket": [{"product_id": "P29", "price": 1414}, {"product_id": "P24", "price": 101}, {"product_id": "P22", "price": 153}], "date_of_purchase": "2019-02-15 17:44:00"}
{"customer_id": "C31", "basket": [{"product_id": "P40", "price": 557}], "date_of_purchase": "2019-02-15 11:41:00"}
{"customer_id": "C41", "basket": [{"product_id": "P55", "price": 1448}], "date_of_purchase": "2019-02-15 04:00:00"}
{"customer_id": "C42", "basket": [{"product_id": "P29", "price": 1973}, {"product_id": "P26", "price": 1328}, {"product_id": "P29", "price": 1652}], "date_of_purchase": "2019-02-15 06:23:00"}
{"customer_id": "C43", "basket": [{"product_id": "P39", "price": 294}, {"product_id": "P36", "price": 40}, {"product_id": "P40", "price": 33}], "date_of_purchase": "2019-02-15 16:11:00"}
{"customer_id": "C51", "basket": [{"product_id": "P27", "price": 95}, {"product_id": "P30", "price": 429}], "date_of_purchase": "2019-02-15 05:31:00"}
{"customer_id": "C53", "basket": [{"product_id": "P07", "price": 1360}], "date_of_purchase": "2019-02-15 19:11:00"}
{"customer_id": "C56", "basket": [{"product_id": "P39", "price": 763}, {"product_id": "P40", "price": 1732}, {"product_id": "P37", "price": 1510}], "date_of_purchase": "2019-02-15 03:34:00"}
{"customer_id": "C57", "basket": [{"product_id": "P31", "price": 1948}, {"product_id": "P24", "price": 1807}, {"product_id": "P31", "price": 1522}], "date_of_purchase": "2019-02-15 19:19:00"}
{"customer_id": "C77", "basket": [{"product_id": "P56", "price": 363}], "date_of_purchase": "2019-02-15 06:26:00"}
{"customer_id": "C78", "basket": [{"product_id": "P47", "price": 1558}], "date_of_purchase": "2019-02-15 23:09:00"}
{"customer_id": "C80", "basket": [{"product_id": "P64", "price": 1902}, {"product_id": "P61", "price": 1073}], "date_of_purchase": "2019-02-15 06:22:00"}
{"customer_id": "C82", "basket": [{"product_id": "P13", "price": 310}], "date_of_purchase": "2019-02-15 11:50:00"}
{"customer_id": "C85", "basket": [{"product_id": "P35", "price": 867}, {"product_id": "P37", "price": 1508}, {"product_id": "P40", "price": 977}], "date_of_purchase": "2019-02-15 19:29:00"}
{"customer_id": "C96", "basket": [{"product_id": "P14", "price": 112}, {"product_id": "P18", "price": 1032}], "date_of_purchase": "2019-02-15 04:10:00"}
{"customer_id": "C110", "basket": [{"product_id": "P53", "price": 389}, {"product_id": "P50", "price": 120}], "date_of_purchase": "2019-02-15 09:39:00"}
{"customer_id": "C119", "basket": [{"product_id": "P18", "price": 1297}, {"product_id": "P18", "price": 1693}], "date_of_purchase": "2019-02-15 20:11:00"}
{"customer_id": "C120", "basket": [{"product_id": "P33", "price": 1945}, {"product_id": "P26", "price": 292}], "date_of_purchase": "2019-02-15 13:07:00"}
{"customer_id": "C122", "basket": [{"product_id": "P62", "price": 1907}, {"product_id": "P62", "price": 906}], "date_of_purchase": "2019-02-15 22:27:00"}
{"customer_id": "C124", "basket": [{"product_id": "P27", "price": 1915}, {"product_id": "P29", "price": 1211}, {"product_id": "P25", "price": 1944}], "date_of_purchase": "2019-02-15 11:10:00"}
{"customer_id": "C126", "basket": [{"product_id": "P06", "price": 537}], "date_of_purchase": "2019-02-15 23:46:00"}
{"customer_id": "C129", "basket": [{"product_id": "P34", "price": 669}, {"product_id": "P26", "price": 1227}], "date_of_purchase": "2019-02-15 16:28:00"}
