{"customer_id": "C5", "basket": [{"product_id": "P41", "price": 223}, {"product_id": "P55", "price": 1036}], "date_of_purchase": "2019-01-01 23:53:00"}
{"customer_id": "C10", "basket": [{"product_id": "P64", "price": 648}, {"product_id": "P62", "price": 383}], "date_of_purchase": "2019-01-01 12:19:00"}
{"customer_id": "C14", "basket": [{"product_id": "P02", "price": 1618}, {"product_id": "P05", "price": 234}, {"product_id": "P10", "price": 593}], "date_of_purchase": "2019-01-01 14:18:00"}
{"customer_id": "C16", "basket": [{"product_id": "P37", "price": 206}, {"product_id": "P38", "price": 706}], "date_of_purchase": "2019-01-01 22:23:00"}
{"customer_id": "C18", "basket": [{"product_id": "P16", "price": 1990}], "date_of_purchase": "2019-01-01 09:09:00"}
{"customer_id": "C27", "basket": [{"product_id": "P24", "price": 1509}, {"product_id": "P27", "price": 979}, {"product_id": "P22", "price": 1137}], "date_of_purchase": "2019-01-01 12:20:00"}
{"customer_id": "C31", "basket": [{"product_id": "P10", "price": 1846}, {"product_id": "P04", "price": 810}], "date_of_purchase": "2019-01-01 08:32:00"}
{"customer_id": "C37", "basket": [{"product_id": "P03", "price": 1326}, {"product_id": "P09", "price": 381}, {"product_id": "P08", "price": 1485}], "date_of_purchase": "2019-01-01 05:03:00"}
{"customer_id": "C42", "basket": [{"product_id": "P32", "price": 1012}], "date_of_purchase": "2019-01-01 10:01:00"}
{"customer_id": "C48", "basket": [{"product_id": "P40", "price": 1202}, {"product_id": "P40", "price": 1422}], "date_of_purchase": "2019-01-01 11:35:00"}
{"customer_id": "C68", "basket": [{"product_id": "P51", "price": 1294}, {"product_id": "P57", "price": 570}, {"product_id": "P55", "price": 1184}], "date_of_purchase": "2019-01-01 16:23:00"}
{"customer_id": "C72", "basket": [{"product_id": "P41", "price": 1670}], "date_of_purchase": "2019-01-01 06:13:00"}
{"customer_id": "C78", "basket": [{"product_id": "P39", "price": 697}], "date_of_purchase": "2019-01-01 05:52:00"}
{"customer_id": "C82", "basket": [{"product_id": "P35", "price": 4}, {"product_id": "P40", "price": 1502}, {"product_id": "P37", "price": 689}], "date_of_purchase": "2019-01-01 10:23:00"}
{"customer_id": "C85", "basket": [{"product_id": "P40", "price": 1646}, {"product_id": "P36", "price": 706}], "date_of_purchase": "2019-01-01 18:46:00"}
{"customer_id": "C92", "basket": [{"product_id": "P61", "price": 1324}, {"product_id": "P61", "price": 825}], "date_of_purchase": "2019-01-01 16:19:00"}
{"customer_id": "C93", "basket": [{"product_id": "P55", "price": 53}, {"product_id": "P42", "price": 468}], "date_of_purchase": "2019-01-01 12:11:00"}
{"customer_id": "C94", "basket": [{"product_id": "P62", "price": 1582}], "date_of_purchase": "2019-01-01 05:54:00"}
{"customer_id": "C101", "basket": [{"product_id": "P35", "price": 727}], "date_of_purchase": "2019-01-01 21:07:00"}
{"customer_id": "C103", "basket": [{"product_id": "P56", "price": 1596}, {"product_id": "P55", "price": 1979}], "date_of_purchase": "2019-01-01 23:07:00"}
{"customer_id": "C104", "basket": [{"product_id": "P37", "price": 1891}], "date_of_purchase": "2019-01-01 23:04:00"}
{"customer_id": "C108", "basket": [{"product_id": "P49", "price": 894}], "date_of_purchase": "2019-01-01 16:09:00"}
{"customer_id": "C114", "basket": [{"product_id": "P32", "price": 183}, {"product_id": "P23", "price": 1039}, {"product_id": "P31", "price": 705}], "date_of_purchase": "2019-01-01 06:02:00"}
{"customer_id": "C118", "basket": [{"product_id": "P25", "price": 1259}, {"product_id": "P27", "price": 805}], "date_of_purchase": "2019-01-01 21:35:00"}
{"customer_id": "C123", "basket": [{"product_id": "P49", "price": 1785}, {"product_id": "P57", "price": 1764}, {"product_id": "P47", "price": 1546}], "date_of_purchase": "2019-01-01 08:15:00"}
{"customer_id": "C131", "basket": [{"product_id": "P11", "price": 1967}, {"product_id": "P12", "price": 1145}, {"product_id": "P04", "price": 32}], "date_of_purchase": "2019-01-01 18:13:00"}
{"customer_id": "C132", "basket": [{"product_id": "P27", "price": 1824}, {"product_id": "P27", "price": 162}], "date_of_purchase": "2019-01-01 19:25:00"}
{"customer_id": "C134", "basket": [{"product_id": "P27", "price": 468}, {"product_id": "P29", "price": 1998}, {"product_id": "P23", "price": 1728}], "date_of_purchase": "2019-01-01 23:16:00"}
