{"customer_id": "C2", "basket": [{"product_id": "P07", "price": 1786}, {"product_id": "P06", "price": 21}, {"product_id": "P02", "price": 1754}], "date_of_purchase": "2019-02-23 03:48:00"}
{"customer_id": "C7", "basket": [{"product_id": "P48", "price": 512}, {"product_id": "P52", "price": 1960}, {"product_id": "P46", "price": 197}], "date_of_purchase": "2019-02-23 04:28:00"}
{"customer_id": "C8", "basket": [{"product_id": "P31", "price": 553}, {"product_id": "P30", "price": 85}], "date_of_purchase": "2019-02-23 10:37:00"}
{"customer_id": "C11", "basket": [{"product_id": "P64", "price": 1866}], "date_of_purchase": "2019-02-23 08:42:00"}
{"customer_id": "C16", "basket": [{"product_id": "P23", "price": 799}, {"product_id": "P26", "price": 1598}], "date_of_purchase": "2019-02-23 13:37:00"}
{"customer_id": "C19", "basket": [{"product_id": "P33", "price": 1542}, {"product_id": "P31", "price": 1112}, {"product_id": "P34", "price": 447}], "date_of_purchase": "2019-02-23 10:22:00"}
{"customer_id": "C21", "basket": [{"product_id": "P13", "price": 819}, {"product_id": "P18", "price": 1400}, {"product_id": "P17", "price": 1701}], "date_of_purchase": "2019-02-23 14:13:00"}
{"customer_id": "C25", "basket": [{"product_id": "P03", "price": 1096}, {"product_id": "P10", "price": 207}], "date_of_purchase": "2019-02-23 08:58:00"}
{"customer_id": "C26", "basket": [{"product_id": "P35", "price": 1048}, {"product_id": "P35", "price": 1714}], "date_of_purchase": "2019-02-23 20:30:00"}
{"customer_id": "C42", "basket": [{"product_id": "P30", "price": 66}], "date_of_purchase": "2019-02-23 07:25:00"}
{"customer_id": "C50", "basket": [{"product_id": "P62", "price": 586}, {"product_id": "P64", "price": 1690}], "date_of_purchase": "2019-02-23 06:14:00"}
{"customer_id": "C56", "basket": [{"product_id": "P16", "price": 1824}, {"product_id": "P14", "price": 503}, {"product_id": "P20", "price": 1674}], "date_of_purchase": "2019-02-23 21:25:00"}
{"customer_id": "C60", "basket": [{"product_id": "P40", "price": 97}], "date_of_purchase": "2019-02-23 06:25:00"}
{"customer_id": "C61", "basket": [{"product_id": "P16", "price": 102}], "date_of_purchase": "2019-02-23 20:46:00"}
{"customer_id": "C104", "basket": [{"product_id": "P35", "price": 1139}], "date_of_purchase": "2019-02-23 05:59:00"}
{"customer_id": "C112", "basket": [{"product_id": "P44", "price": 636}, {"product_id": "P51", "price": 990}, {"product_id": "P46", "price": 753}], "date_of_purchase": "2019-02-23 13:09:00"}
{"customer_id": "C118", "basket": [{"product_id": "P32", "price": 785}, {"product_id": "P25", "price": 1411}, {"product_id": "P29", "price": 29}], "date_of_purchase": "2019-02-23 07:14:00"}
{"customer_id": "C128", "basket": [{"product_id": "P64", "price": 1918}, {"product_id": "P63", "price": 1549}, {"product_id": "P64", "price": 46}], "date_of_purchase": "2019-02-23 11:03:00"}
{"customer_id": "C133", "basket": [{"product_id": "P62", "price": 365}], "date_of_purchase": "2019-02-23 20:59:00"}
