{"customer_id": "C5", "basket": [{"product_id": "P59", "price": 884}], "date_of_purchase": "2019-02-02 21:04:00"}
{"customer_id": "C39", "basket": [{"product_id": "P58", "price": 1967}], "date_of_purchase": "2019-02-02 07:42:00"}
{"customer_id": "C42", "basket": [{"product_id": "P25", "price": 4}, {"product_id": "P29", "price": 952}], "date_of_purchase": "2019-02-02 11:36:00"}
{"customer_id": "C49", "basket": [{"product_id": "P52", "price": 1064}], "date_of_purchase": "2019-02-02 07:23:00"}
{"customer_id": "C65", "basket": [{"product_id": "P11", "price": 1130}, {"product_id": "P01", "price": 1856}, {"product_id": "P04", "price": 1788}], "date_of_purchase": "2019-02-02 12:45:00"}
{"customer_id": "C67", "basket": [{"product_id": "P27", "price": 1752}, {"product_id": "P26", "price": 58}], "date_of_purchase": "2019-02-02 21:29:00"}
{"customer_id": "C68", "basket": [{"product_id": "P19", "price": 306}, {"product_id": "P20", "price": 1046}], "date_of_purchase": "2019-02-02 11:04:00"}
{"customer_id": "C77", "basket": [{"product_id": "P60", "price": 633}], "date_of_purchase": "2019-02-02 07:37:00"}
{"customer_id": "C78", "basket": [{"product_id": "P39", "price": 790}, {"product_id": "P38", "price": 1677}, {"product_id": "P40", "price": 577}], "date_of_purchase": "2019-02-02 14:08:00"}
{"customer_id": "C79", "basket": [{"product_id": "P38", "price": 1300}, {"product_id": "P40", "price": 1700}, {"product_id": "P36", "price": 671}], "date_of_purchase": "2019-02-02 07:23:00"}
{"customer_id": "C80", "basket": [{"product_id": "P64", "price": 467}, {"product_id": "P61", "price": 426}], "date_of_purchase": "2019-02-02 03:32:00"}
{"customer_id": "C84", "basket": [{"product_id": "P24", "price": 208}, {"product_id": "P32", "price": 138}], "date_of_purchase": "2019-02-02 12:02:00"}
{"customer_id": "C89", "basket": [{"product_id": "P05", "price": 1183}], "date_of_purchase": "2019-02-02 12:21:00"}
{"customer_id": "C103", "basket": [{"product_id": "P38", "price": 164}, {"product_id": "P36", "price": 1804}, {"product_id": "P36", "price": 865}], "date_of_purchase": "2019-02-02 07:16:00"}
{"customer_id": "C104", "basket": [{"product_id": "P36", "price": 733}, {"product_id": "P37", "price": 409}, {"product_id": "P37", "price": 208}], "date_of_purchase": "2019-02-02 16:45:00"}
{"customer_id": "C106", "basket": [{"product_id": "P33", "price": 1481}, {"product_id": "P32", "price": 292}, {"product_id": "P33", "price": 1609}], "date_of_purchase": "2019-02-02 10:48:00"}
{"customer_id": "C109", "basket": [{"product_id": "P14", "price": 1108}], "date_of_purchase": "2019-02-02 11:53:00"}
{"customer_id": "C115", "basket": [{"product_id": "P54", "price": 24}, {"product_id": "P44", "price": 1734}, {"product_id": "P55", "price": 600}], "date_of_purchase": "2019-02-02 22:39:00"}
{"customer_id": "C123", "basket": [{"product_id": "P44", "price": 345}, {"product_id": "P57", "price": 346}, {"product_id": "P56", "price": 286}], "date_of_purchase": "2019-02-02 12:27:00"}
{"customer_id": "C124", "basket": [{"product_id": "P37", "price": 1919}, {"product_id": "P39", "price": 525}], "date_of_purchase": "2019-02-02 21:24:00"}
{"customer_id": "C125", "basket": [{"product_id": "P64", "price": 928}, {"product_id": "P64", "price": 1414}], "date_of_purchase": "2019-02-02 13:46:00"}
{"customer_id": "C129", "basket": [{"product_id": "P28", "price": 1984}, {"product_id": "P25", "price": 1962}], "date_of_purchase": "2019-02-02 04:26:00"}
