{"customer_id": "C4", "basket": [{"product_id": "P25", "price": 1524}, {"product_id": "P26", "price": 952}], "date_of_purchase": "2019-01-26 21:56:00"}
{"customer_id": "C14", "basket": [{"product_id": "P32", "price": 1684}, {"product_id": "P29", "price": 680}, {"product_id": "P25", "price": 739}], "date_of_purchase": "2019-01-26 04:39:00"}
{"customer_id": "C24", "basket": [{"product_id": "P28", "price": 851}, {"product_id": "P22", "price": 212}, {"product_id": "P31", "price": 767}], "date_of_purchase": "2019-01-26 18:40:00"}
{"customer_id": "C35", "basket": [{"product_id": "P31", "price": 1602}, {"product_id": "P27", "price": 624}], "date_of_purchase": "2019-01-26 06:16:00"}
{"customer_id": "C37", "basket": [{"product_id": "P05", "price": 330}, {"product_id": "P10", "price": 1963}], "date_of_purchase": "2019-01-26 05:15:00"}
{"customer_id": "C43", "basket": [{"product_id": "P49", "price": 1890}, {"product_id": "P55", "price": 318}, {"product_id": "P56", "price": 876}], "date_of_purchase": "2019-01-26 11:30:00"}
{"customer_id": "C80", "basket": [{"product_id": "P61", "price": 1982}, {"product_id": "P63", "price": 227}], "date_of_purchase": "2019-01-26 03:50:00"}
{"customer_id": "C86", "basket": [{"product_id": "P34", "price": 361}], "date_of_purchase": "2019-01-26 08:24:00"}
{"customer_id": "C98", "basket": [{"product_id": "P40", "price": 1480}, {"product_id": "P37", "price": 1669}, {"product_id": "P39", "price": 662}], "date_of_purchase": "2019-01-26 03:31:00"}
{"customer_id": "C105", "basket": [{"product_id": "P05", "price": 342}], "date_of_purchase": "2019-01-26 06:19:00"}
{"customer_id": "C122", "basket": [{"product_id": "P61", "price": 1769}, {"product_id": "P63", "price": 1356}, {"product_id": "P64", "price": 1106}], "date_of_purchase": "2019-01-26 22:07:00"}
{"customer_id": "C130", "basket": [{"product_id": "P37", "price": 654}], "date_of_purchase": "2019-01-26 21:26:00"}
{"customer_id": "C131", "basket": [{"product_id": "P22", "price": 1944}, {"product_id": "P31", "price": 1596}], "date_of_purchase": "2019-01-26 17:00:00"}
