{"customer_id": "C5", "basket": [{"product_id": "P43", "price": 805}], "date_of_purchase": "2019-02-16 13:42:00"}
{"customer_id": "C10", "basket": [{"product_id": "P45", "price": 1653}, {"product_id": "P46", "price": 1190}], "date_of_purchase": "2019-02-16 12:07:00"}
{"customer_id": "C16", "basket": [{"product_id": "P22", "price": 1865}, {"product_id": "P25", "price": 1063}, {"product_id": "P33", "price": 1640}], "date_of_purchase": "2019-02-16 14:59:00"}
{"customer_id": "C25", "basket": [{"product_id": "P02", "price": 1330}, {"product_id": "P09", "price": 1182}, {"product_id": "P12", "price": 296}], "date_of_purchase": "2019-02-16 05:41:00"}
{"customer_id": "C26", "basket": [{"product_id": "P12", "price": 1394}, {"product_id": "P08", "price": 960}], "date_of_purchase": "2019-02-16 05:33:00"}
{"customer_id": "C31", "basket": [{"product_id": "P42", "price": 224}, {"product_id": "P44", "price": 880}, {"product_id": "P57", "price": 1530}], "date_of_purchase": "2019-02-16 07:58:00"}
{"customer_id": "C38", "basket": [{"product_id": "P30", "price": 539}], "date_of_purchase": "2019-02-16 15:51:00"}
{"customer_id": "C54", "basket": [{"product_id": "P01", "price": 1570}, {"product_id": "P09", "price": 1876}], "date_of_purchase": "2019-02-16 07:21:00"}
{"customer_id": "C55", "basket": [{"product_id": "P47", "price": 826}, {"product_id": "P60", "price": 1197}], "date_of_purchase": "2019-02-16 23:24:00"}
{"customer_id": "C56", "basket": [{"product_id": "P11", "price": 670}, {"product_id": "P02", "price": 1070}], "date_of_purchase": "2019-02-16 12:28:00"}
{"customer_id": "C60", "basket": [{"product_id": "P35", "price": 154}], "date_of_purchase": "2019-02-16 15:45:00"}
{"customer_id": "C71", "basket": [{"product_id": "P23", "price": 1679}, {"product_id": "P24", "price": 1840}, {"product_id": "P23", "price": 1005}], "date_of_purchase": "2019-02-16 19:14:00"}
{"customer_id": "C81", "basket": [{"product_id": "P44", "price": 270}], "date_of_purchase": "2019-02-16 23:50:00"}
{"customer_id": "C82", "basket": [{"product_id": "P15", "price": 1218}, {"product_id": "P17", "price": 525}, {"product_id": "P18", "price": 123}], "date_of_purchase": "2019-02-16 20:18:00"}
{"customer_id": "C95", "basket": [{"product_id": "P44", "price": 657}, {"product_id": "P58", "price": 344}, {"product_id": "P47", "price": 364}], "date_of_purchase": "2019-02-16 13:34:00"}
{"customer_id": "C97", "basket": [{"product_id": "P56", "price": 1240}, {"product_id": "P42", "price": 1351}], "date_of_purchase": "2019-02-16 10:29:00"}
{"customer_id": "C103", "basket": [{"product_id": "P30", "price": 688}, {"product_id": "P22", "price": 1483}, {"product_id": "P34", "price": 1742}], "date_of_purchase": "2019-02-16 03:03:00"}
{"customer_id": "C109", "basket": [{"product_id": "P23", "price": 1340}, {"product_id": "P30", "price": 559}], "date_of_purchase": "2019-02-16 07:55:00"}
{"customer_id": "C110", "basket": [{"product_id": "P16", "price": 1239}], "date_of_purchase": "2019-02-16 04:44:00"}
{"customer_id": "C123", "basket": [{"product_id": "P46", "price": 665}], "date_of_purchase": "2019-02-16 05:42:00"}
