{"customer_id": "C3", "basket": [{"product_id": "P62", "price": 96}, {"product_id": "P63", "price": 921}, {"product_id": "P62", "price": 190}], "date_of_purchase": "2018-12-15 03:41:00"}
{"customer_id": "C5", "basket": [{"product_id": "P38", "price": 1845}, {"product_id": "P38", "price": 224}], "date_of_purchase": "2018-12-15 10:13:00"}
{"customer_id": "C7", "basket": [{"product_id": "P38", "price": 555}, {"product_id": "P38", "price": 1866}], "date_of_purchase": "2018-12-15 13:28:00"}
{"customer_id": "C12", "basket": [{"product_id": "P38", "price": 1304}], "date_of_purchase": "2018-12-15 12:15:00"}
{"customer_id": "C14", "basket": [{"product_id": "P02", "price": 466}], "date_of_purchase": "2018-12-15 18:57:00"}
{"customer_id": "C26", "basket": [{"product_id": "P38", "price": 947}, {"product_id": "P38", "price": 1801}, {"product_id": "P39", "price": 1050}], "date_of_purchase": "2018-12-15 12:49:00"}
{"customer_id": "C27", "basket": [{"product_id": "P31", "price": 291}], "date_of_purchase": "2018-12-15 05:50:00"}
{"customer_id": "C28", "basket": [{"product_id": "P35", "price": 411}, {"product_id": "P36", "price": 180}], "date_of_purchase": "2018-12-15 16:09:00"}
{"customer_id": "C32", "basket": [{"product_id": "P09", "price": 778}], "date_of_purchase": "2018-12-15 08:38:00"}
{"customer_id": "C48", "basket": [{"product_id": "P56", "price": 271}, {"product_id": "P59", "price": 245}, {"product_id": "P52", "price": 634}], "date_of_purchase": "2018-12-15 16:28:00"}
{"customer_id": "C49", "basket": [{"product_id": "P29", "price": 1928}], "date_of_purchase": "2018-12-15 04:58:00"}
{"customer_id": "C50", "basket": [{"product_id": "P62", "price": 385}, {"product_id": "P62", "price": 22}], "date_of_purchase": "2018-12-15 11:45:00"}
{"customer_id": "C52", "basket": [{"product_id": "P53", "price": 987}], "date_of_purchase": "2018-12-15 06:11:00"}
{"customer_id": "C59", "basket": [{"product_id": "P53", "price": 1598}, {"product_id": "P41", "price": 1543}, {"product_id": "P50", "price": 1585}], "date_of_purchase": "2018-12-15 18:53:00"}
{"customer_id": "C60", "basket": [{"product_id": "P35", "price": 194}, {"product_id": "P37", "price": 1956}, {"product_id": "P35", "price": 1314}], "date_of_purchase": "2018-12-15 21:14:00"}
{"customer_id": "C61", "basket": [{"product_id": "P15", "price": 54}, {"product_id": "P15", "price": 1520}], "date_of_purchase": "2018-12-15 20:58:00"}
{"customer_id": "C73", "basket": [{"product_id": "P61", "price": 1261}], "date_of_purchase": "2018-12-15 11:34:00"}
{"customer_id": "C75", "basket": [{"product_id": "P56", "price": 421}, {"product_id": "P51", "price": 935}], "date_of_purchase": "2018-12-15 13:23:00"}
{"customer_id": "C85", "basket": [{"product_id": "P37", "price": 145}, {"product_id": "P40", "price": 471}], "date_of_purchase": "2018-12-15 04:40:00"}
{"customer_id": "C89", "basket": [{"product_id": "P16", "price": 1374}], "date_of_purchase": "2018-12-15 04:49:00"}
{"customer_id": "C92", "basket": [{"product_id": "P32", "price": 50}, {"product_id": "P27", "price": 967}, {"product_id": "P32", "price": 390}], "date_of_purchase": "2018-12-15 03:44:00"}
{"customer_id": "C103", "basket": [{"product_id": "P37", "price": 1}], "date_of_purchase": "2018-12-15 21:18:00"}
{"customer_id": "C109", "basket": [{"product_id": "P34", "price": 1291}, {"product_id": "P24", "price": 1434}, {"product_id": "P24", "price": 258}], "date_of_purchase": "2018-12-15 20:56:00"}
{"customer_id": "C114", "basket": [{"product_id": "P47", "price": 887}], "date_of_purchase": "2018-12-15 15:49:00"}
{"customer_id": "C122", "basket": [{"product_id": "P61", "price": 759}], "date_of_purchase": "2018-12-15 23:59:00"}
{"customer_id": "C134", "basket": [{"product_id": "P30", "price": 438}, {"product_id": "P29", "price": 1462}], "date_of_purchase": "2018-12-15 08:24:00"}
