{"customer_id": "C16", "basket": [{"product_id": "P36", "price": 1873}, {"product_id": "P40", "price": 1007}, {"product_id": "P36", "price": 1947}], "date_of_purchase": "2018-12-16 19:31:00"}
{"customer_id": "C18", "basket": [{"product_id": "P46", "price": 12}, {"product_id": "P41", "price": 1408}, {"product_id": "P46", "price": 1394}], "date_of_purchase": "2018-12-16 12:56:00"}
{"customer_id": "C24", "basket": [{"product_id": "P29", "price": 1593}, {"product_id": "P22", "price": 675}, {"product_id": "P28", "price": 163}], "date_of_purchase": "2018-12-16 05:43:00"}
{"customer_id": "C25", "basket": [{"product_id": "P45", "price": 835}, {"product_id": "P46", "price": 688}, {"product_id": "P45", "price": 1154}], "date_of_purchase": "2018-12-16 12:24:00"}
{"customer_id": "C31", "basket": [{"product_id": "P12", "price": 174}], "date_of_purchase": "2018-12-16 22:19:00"}
{"customer_id": "C38", "basket": [{"product_id": "P28", "price": 224}, {"product_id": "P31", "price": 1543}], "date_of_purchase": "2018-12-16 09:02:00"}
{"customer_id": "C39", "basket": [{"product_id": "P54", "price": 1198}, {"product_id": "P56", "price": 1401}], "date_of_purchase": "2018-12-16 03:19:00"}
{"customer_id": "C47", "basket": [{"product_id": "P34", "price": 1703}, {"product_id": "P22", "price": 1368}, {"product_id": "P32", "price": 1313}], "date_of_purchase": "2018-12-16 19:16:00"}
{"customer_id": "C53", "basket": [{"product_id": "P05", "price": 183}, {"product_id": "P12", "price": 1789}], "date_of_purchase": "2018-12-16 23:17:00"}
{"customer_id": "C61", "basket": [{"product_id": "P22", "price": 1569}, {"product_id": "P28", "price": 212}, {"product_id": "P26", "price": 1158}], "date_of_purchase": "2018-12-16 18:32:00"}
{"customer_id": "C67", "basket": [{"product_id": "P39", "price": 132}], "date_of_purchase": "2018-12-16 23:47:00"}
{"customer_id": "C82", "basket": [{"product_id": "P37", "price": 304}, {"product_id": "P38", "price": 623}, {"product_id": "P40", "price": 1902}], "date_of_purchase": "2018-12-16 20:17:00"}
{"customer_id": "C85", "basket": [{"product_id": "P62", "price": 246}, {"product_id": "P61", "price": 411}], "date_of_purchase": "2018-12-16 11:39:00"}
{"customer_id": "C88", "basket": [{"product_id": "P29", "price": 1996}], "date_of_purchase": "2018-12-16 23:39:00"}
{"customer_id": "C89", "basket": [{"product_id": "P37", "price": 220}], "date_of_purchase": "2018-12-16 11:09:00"}
{"customer_id": "C92", "basket": [{"product_id": "P38", "price": 5}, {"product_id": "P40", "price": 675}, {"product_id": "P37", "price": 1580}], "date_of_purchase": "2018-12-16 07:54:00"}
{"customer_id": "C99", "basket": [{"product_id": "P31", "price": 1679}, {"product_id": "P22", "price": 1276}, {"product_id": "P22", "price": 1019}], "date_of_purchase": "2018-12-16 18:34:00"}
{"customer_id": "C108", "basket": [{"product_id": "P30", "price": 711}, {"product_id": "P24", "price": 1767}, {"product_id": "P33", "price": 1962}], "date_of_purchase": "2018-12-16 22:38:00"}
{"customer_id": "C111", "basket": [{"product_id": "P57", "price": 1053}, {"product_id": "P44", "price": 933}], "date_of_purchase": "2018-12-16 11:30:00"}
{"customer_id": "C113", "basket": [{"product_id": "P47", "price": 960}], "date_of_purchase": "2018-12-16 12:58:00"}
{"customer_id": "C115", "basket": [{"product_id": "P46", "price": 1908}], "date_of_purchase": "2018-12-16 13:31:00"}
{"customer_id": "C121", "basket": [{"product_id": "P62", "price": 1477}, {"product_id": "P61", "price": 1765}, {"product_id": "P64", "price": 747}], "date_of_purchase": "2018-12-16 09:57:00"}
{"customer_id": "C123", "basket": [{"product_id": "P06", "price": 1489}], "date_of_purchase": "2018-12-16 21:08:00"}
{"customer_id": "C134", "basket": [{"product_id": "P24", "price": 1892}, {"product_id": "P26", "price": 461}, {"product_id": "P34", "price": 118}], "date_of_purchase": "2018-12-16 23:45:00"}
