{"customer_id": "C16", "loyalty_score": "5", "products": [{"product_id": "P40", "product_category": "sweets"}, {"product_id": "P40", "product_category": "sweets"}, {"product_id": "P39", "product_category": "sweets"}], "purchase_count": 3}
{"customer_id": "C61", "loyalty_score": "4", "products": [{"product_id": "P16", "product_category": "clothes"}, {"product_id": "P19", "product_category": "clothes"}], "purchase_count": 2}
{"customer_id": "C125", "loyalty_score": "1", "products": [{"product_id": "P64", "product_category": "bws"}], "purchase_count": 1}
{"customer_id": "C127", "loyalty_score": "4", "products": [{"product_id": "P40", "product_category": "sweets"}], "purchase_count": 1}
{"customer_id": "C49", "loyalty_score": "7", "products": [{"product_id": "P34", "product_category": "fruit_veg"}, {"product_id": "P29", "product_category": "fruit_veg"}, {"product_id": "P22", "product_category": "fruit_veg"}], "purchase_count": 3}
{"customer_id": "C77", "loyalty_score": "9", "products": [{"product_id": "P44", "product_category": "food"}], "purchase_count": 1}
{"customer_id": "C75", "loyalty_score": "8", "products": [{"product_id": "P18", "product_category": "clothes"}, {"product_id": "P14", "product_category": "clothes"}, {"product_id": "P20", "product_category": "clothes"}], "purchase_count": 3}
{"customer_id": "C7", "loyalty_score": "3", "products": [{"product_id": "P38", "product_category": "sweets"}, {"product_id": "P39", "product_category": "sweets"}, {"product_id": "P38", "product_category": "sweets"}], "purchase_count": 3}
{"customer_id": "C44", "loyalty_score": "9", "products": [{"product_id": "P50", "product_category": "food"}], "purchase_count": 1}
{"customer_id": "C66", "loyalty_score": "10", "products": [{"product_id": "P60", "product_category": "food"}, {"product_id": "P41", "product_category": "food"}], "purchase_count": 2}
{"customer_id": "C10", "loyalty_score": "5", "products": [{"product_id": "P64", "product_category": "bws"}, {"product_id": "P62", "product_category": "bws"}, {"product_id": "P62", "product_category": "bws"}], "purchase_count": 3}
{"customer_id": "C137", "loyalty_score": "9", "products": [{"product_id": "P47", "product_category": "food"}], "purchase_count": 1}
{"customer_id": "C92", "loyalty_score": "1", "products": [{"product_id": "P40", "product_category": "sweets"}, {"product_id": "P37", "product_category": "sweets"}], "purchase_count": 2}
{"customer_id": "C124", "loyalty_score": "7", "products": [{"product_id": "P30", "product_category": "fruit_veg"}, {"product_id": "P34", "product_category": "fruit_veg"}], "purchase_count": 2}
{"customer_id": "C86", "loyalty_score": "8", "products": [{"product_id": "P38", "product_category": "sweets"}, {"product_id": "P35", "product_category": "sweets"}], "purchase_count": 2}
{"customer_id": "C56", "loyalty_score": "4", "products": [{"product_id": "P03", "product_category": "house"}], "purchase_count": 1}
{"customer_id": "C116", "loyalty_score": "5", "products": [{"product_id": "P02", "product_category": "house"}, {"product_id": "P07", "product_category": "house"}, {"product_id": "P07", "product_category": "house"}], "purchase_count": 3}
{"customer_id": "C4", "loyalty_score": "5", "products": [{"product_id": "P27", "product_category": "fruit_veg"}, {"product_id": "P29", "product_category": "fruit_veg"}, {"product_id": "P27", "product_category": "fruit_veg"}], "purchase_count": 3}
{"customer_id": "C18", "loyalty_score": "8", "products": [{"product_id": "P46", "product_category": "food"}, {"product_id": "P60", "product_category": "food"}], "purchase_count": 2}
{"customer_id": "C72", "loyalty_score": "5", "products": [{"product_id": "P42", "product_category": "food"}], "purchase_count": 1}
{"customer_id": "C108", "loyalty_score": "8", "products": [{"product_id": "P33", "product_category": "fruit_veg"}, {"product_id": "P33", "product_category": "fruit_veg"}, {"product_id": "P34", "product_category": "fruit_veg"}], "purchase_count": 3}
{"customer_id": "C30", "loyalty_score": "4", "products": [{"product_id": "P52", "product_category": "food"}, {"product_id": "P42", "product_category": "food"}, {"product_id": "P54", "product_category": "food"}], "purchase_count": 3}
{"customer_id": "C122", "loyalty_score": "10", "products": [{"product_id": "P63", "product_category": "bws"}, {"product_id": "P63", "product_category": "bws"}], "purchase_count": 2}
{"customer_id": "C42", "loyalty_score": "2", "products": [{"product_id": "P31", "product_category": "fruit_veg"}], "purchase_count": 1}
{"customer_id": "C130", "loyalty_score": "7", "products": [{"product_id": "P37", "product_category": "sweets"}, {"product_id": "P37", "product_category": "sweets"}], "purchase_count": 2}
