{"customer_id": "C7", "basket": [{"product_id": "P40", "price": 1720}, {"product_id": "P35", "price": 602}, {"product_id": "P36", "price": 790}], "date_of_purchase": "2019-01-08 17:15:00"}
{"customer_id": "C14", "basket": [{"product_id": "P27", "price": 873}, {"product_id": "P28", "price": 800}, {"product_id": "P32", "price": 75}], "date_of_purchase": "2019-01-08 17:45:00"}
{"customer_id": "C15", "basket": [{"product_id": "P19", "price": 73}, {"product_id": "P18", "price": 1538}], "date_of_purchase": "2019-01-08 17:20:00"}
{"customer_id": "C24", "basket": [{"product_id": "P34", "price": 1918}, {"product_id": "P31", "price": 466}], "date_of_purchase": "2019-01-08 13:28:00"}
{"customer_id": "C37", "basket": [{"product_id": "P33", "price": 401}, {"product_id": "P24", "price": 519}, {"product_id": "P33", "price": 250}], "date_of_purchase": "2019-01-08 20:08:00"}
{"customer_id": "C39", "basket": [{"product_id": "P32", "price": 1678}], "date_of_purchase": "2019-01-08 04:55:00"}
{"customer_id": "C43", "basket": [{"product_id": "P63", "price": 1147}, {"product_id": "P61", "price": 1410}, {"product_id": "P62", "price": 1290}], "date_of_purchase": "2019-01-08 23:25:00"}
{"customer_id": "C45", "basket": [{"product_id": "P26", "price": 1896}, {"product_id": "P22", "price": 396}, {"product_id": "P22", "price": 774}], "date_of_purchase": "2019-01-08 20:13:00"}
{"customer_id": "C51", "basket": [{"product_id": "P27", "price": 686}, {"product_id": "P31", "price": 134}], "date_of_purchase": "2019-01-08 20:55:00"}
{"customer_id": "C60", "basket": [{"product_id": "P37", "price": 1601}, {"product_id": "P35", "price": 1724}, {"product_id": "P39", "price": 397}], "date_of_purchase": "2019-01-08 08:14:00"}
{"customer_id": "C64", "basket": [{"product_id": "P31", "price": 1385}], "date_of_purchase": "2019-01-08 16:44:00"}
{"customer_id": "C75", "basket": [{"product_id": "P46", "price": 721}, {"product_id": "P42", "price": 403}, {"product_id": "P49", "price": 698}], "date_of_purchase": "2019-01-08 06:24:00"}
{"customer_id": "C78", "basket": [{"product_id": "P64", "price": 101}, {"product_id": "P64", "price": 883}, {"product_id": "P61", "price": 1491}], "date_of_purchase": "2019-01-08 22:05:00"}
{"customer_id": "C84", "basket": [{"product_id": "P25", "price": 492}, {"product_id": "P31", "price": 1229}], "date_of_purchase": "2019-01-08 19:30:00"}
{"customer_id": "C85", "basket": [{"product_id": "P39", "price": 948}], "date_of_purchase": "2019-01-08 05:56:00"}
{"customer_id": "C91", "basket": [{"product_id": "P05", "price": 1255}, {"product_id": "P10", "price": 589}, {"product_id": "P05", "price": 1408}], "date_of_purchase": "2019-01-08 13:07:00"}
{"customer_id": "C92", "basket": [{"product_id": "P33", "price": 519}, {"product_id": "P32", "price": 1620}, {"product_id": "P33", "price": 1725}], "date_of_purchase": "2019-01-08 15:45:00"}
{"customer_id": "C98", "basket": [{"product_id": "P35", "price": 1126}], "date_of_purchase": "2019-01-08 18:42:00"}
{"customer_id": "C103", "basket": [{"product_id": "P31", "price": 1529}, {"product_id": "P29", "price": 271}, {"product_id": "P22", "price": 886}], "date_of_purchase": "2019-01-08 20:17:00"}
{"customer_id": "C111", "basket": [{"product_id": "P33", "price": 1083}, {"product_id": "P29", "price": 1734}, {"product_id": "P30", "price": 743}], "date_of_purchase": "2019-01-08 13:03:00"}
{"customer_id": "C113", "basket": [{"product_id": "P34", "price": 1480}, {"product_id": "P27", "price": 29}], "date_of_purchase": "2019-01-08 04:46:00"}
{"customer_id": "C131", "basket": [{"product_id": "P57", "price": 1138}], "date_of_purchase": "2019-01-08 12:34:00"}
