{"customer_id": "C3", "basket": [{"product_id": "P59", "price": 891}], "date_of_purchase": "2018-12-11 11:53:00"}
{"customer_id": "C8", "basket": [{"product_id": "P49", "price": 1639}], "date_of_purchase": "2018-12-11 14:32:00"}
{"customer_id": "C16", "basket": [{"product_id": "P49", "price": 1527}, {"product_id": "P50", "price": 1651}, {"product_id": "P58", "price": 395}], "date_of_purchase": "2018-12-11 21:34:00"}
{"customer_id": "C30", "basket": [{"product_id": "P12", "price": 692}, {"product_id": "P01", "price": 35}], "date_of_purchase": "2018-12-11 16:35:00"}
{"customer_id": "C32", "basket": [{"product_id": "P05", "price": 1261}], "date_of_purchase": "2018-12-11 11:08:00"}
{"customer_id": "C37", "basket": [{"product_id": "P03", "price": 75}], "date_of_purchase": "2018-12-11 14:19:00"}
{"customer_id": "C44", "basket": [{"product_id": "P53", "price": 1843}, {"product_id": "P49", "price": 1026}, {"product_id": "P54", "price": 974}], "date_of_purchase": "2018-12-11 09:57:00"}
{"customer_id": "C47", "basket": [{"product_id": "P27", "price": 1240}], "date_of_purchase": "2018-12-11 07:09:00"}
{"customer_id": "C52", "basket": [{"product_id": "P29", "price": 173}, {"product_id": "P22", "price": 995}, {"product_id": "P30", "price": 158}], "date_of_purchase": "2018-12-11 04:37:00"}
{"customer_id": "C53", "basket": [{"product_id": "P04", "price": 863}, {"product_id": "P01", "price": 84}], "date_of_purchase": "2018-12-11 18:04:00"}
{"customer_id": "C55", "basket": [{"product_id": "P57", "price": 1810}, {"product_id": "P54", "price": 1413}], "date_of_purchase": "2018-12-11 08:28:00"}
{"customer_id": "C68", "basket": [{"product_id": "P29", "price": 680}], "date_of_purchase": "2018-12-11 13:50:00"}
{"customer_id": "C78", "basket": [{"product_id": "P61", "price": 1630}, {"product_id": "P61", "price": 269}, {"product_id": "P64", "price": 1135}], "date_of_purchase": "2018-12-11 09:01:00"}
{"customer_id": "C98", "basket": [{"product_id": "P35", "price": 1706}, {"product_id": "P37", "price": 367}, {"product_id": "P38", "price": 1779}], "date_of_purchase": "2018-12-11 06:01:00"}
{"customer_id": "C102", "basket": [{"product_id": "P03", "price": 760}, {"product_id": "P03", "price": 1587}, {"product_id": "P11", "price": 861}], "date_of_purchase": "2018-12-11 12:57:00"}
{"customer_id": "C106", "basket": [{"product_id": "P23", "price": 1747}], "date_of_purchase": "2018-12-11 06:19:00"}
{"customer_id": "C112", "basket": [{"product_id": "P44", "price": 1509}, {"product_id": "P43", "price": 1966}, {"product_id": "P46", "price": 1247}], "date_of_purchase": "2018-12-11 10:06:00"}
{"customer_id": "C114", "basket": [{"product_id": "P28", "price": 1439}, {"product_id": "P24", "price": 437}], "date_of_purchase": "2018-12-11 23:58:00"}
{"customer_id": "C116", "basket": [{"product_id": "P10", "price": 1221}, {"product_id": "P01", "price": 1191}], "date_of_purchase": "2018-12-11 11:19:00"}
{"customer_id": "C117", "basket": [{"product_id": "P52", "price": 136}, {"product_id": "P53", "price": 446}], "date_of_purchase": "2018-12-11 23:08:00"}
{"customer_id": "C123", "basket": [{"product_id": "P47", "price": 532}, {"product_id": "P51", "price": 1195}], "date_of_purchase": "2018-12-11 03:36:00"}
{"customer_id": "C124", "basket": [{"product_id": "P39", "price": 510}, {"product_id": "P35", "price": 1885}, {"product_id": "P40", "price": 896}], "date_of_purchase": "2018-12-11 11:49:00"}
{"customer_id": "C125", "basket": [{"product_id": "P26", "price": 1787}, {"product_id": "P31", "price": 715}, {"product_id": "P29", "price": 1652}], "date_of_purchase": "2018-12-11 13:53:00"}
{"customer_id": "C129", "basket": [{"product_id": "P34", "price": 1826}, {"product_id": "P32", "price": 31}], "date_of_purchase": "2018-12-11 06:55:00"}
