{"customer_id": "C1", "basket": [{"product_id": "P41", "price": 1677}], "date_of_purchase": "2019-01-09 18:33:00"}
{"customer_id": "C8", "basket": [{"product_id": "P47", "price": 962}, {"product_id": "P48", "price": 1672}, {"product_id": "P43", "price": 1779}], "date_of_purchase": "2019-01-09 18:49:00"}
{"customer_id": "C19", "basket": [{"product_id": "P38", "price": 172}, {"product_id": "P40", "price": 1775}, {"product_id": "P37", "price": 1352}], "date_of_purchase": "2019-01-09 10:42:00"}
{"customer_id": "C35", "basket": [{"product_id": "P30", "price": 517}], "date_of_purchase": "2019-01-09 05:28:00"}
{"customer_id": "C38", "basket": [{"product_id": "P29", "price": 698}], "date_of_purchase": "2019-01-09 17:56:00"}
{"customer_id": "C40", "basket": [{"product_id": "P28", "price": 986}], "date_of_purchase": "2019-01-09 07:10:00"}
{"customer_id": "C41", "basket": [{"product_id": "P26", "price": 1721}, {"product_id": "P33", "price": 396}], "date_of_purchase": "2019-01-09 12:33:00"}
{"customer_id": "C47", "basket": [{"product_id": "P49", "price": 1318}], "date_of_purchase": "2019-01-09 05:51:00"}
{"customer_id": "C52", "basket": [{"product_id": "P53", "price": 799}], "date_of_purchase": "2019-01-09 22:20:00"}
{"customer_id": "C53", "basket": [{"product_id": "P24", "price": 143}, {"product_id": "P27", "price": 670}, {"product_id": "P26", "price": 1606}], "date_of_purchase": "2019-01-09 19:31:00"}
{"customer_id": "C63", "basket": [{"product_id": "P23", "price": 849}, {"product_id": "P27", "price": 1172}, {"product_id": "P22", "price": 1844}], "date_of_purchase": "2019-01-09 04:26:00"}
{"customer_id": "C64", "basket": [{"product_id": "P28", "price": 618}], "date_of_purchase": "2019-01-09 22:47:00"}
{"customer_id": "C69", "basket": [{"product_id": "P62", "price": 331}, {"product_id": "P63", "price": 260}, {"product_id": "P63", "price": 1716}], "date_of_purchase": "2019-01-09 14:04:00"}
{"customer_id": "C82", "basket": [{"product_id": "P39", "price": 897}, {"product_id": "P39", "price": 765}], "date_of_purchase": "2019-01-09 09:44:00"}
{"customer_id": "C85", "basket": [{"product_id": "P62", "price": 1460}, {"product_id": "P62", "price": 525}, {"product_id": "P62", "price": 856}], "date_of_purchase": "2019-01-09 04:00:00"}
{"customer_id": "C119", "basket": [{"product_id": "P40", "price": 1933}, {"product_id": "P39", "price": 782}], "date_of_purchase": "2019-01-09 13:56:00"}
{"customer_id": "C121", "basket": [{"product_id": "P40", "price": 714}], "date_of_purchase": "2019-01-09 03:58:00"}
{"customer_id": "C124", "basket": [{"product_id": "P40", "price": 123}, {"product_id": "P40", "price": 190}, {"product_id": "P36", "price": 1141}], "date_of_purchase": "2019-01-09 15:51:00"}
{"customer_id": "C130", "basket": [{"product_id": "P37", "price": 961}, {"product_id": "P37", "price": 812}], "date_of_purchase": "2019-01-09 17:14:00"}
{"customer_id": "C133", "basket": [{"product_id": "P36", "price": 438}, {"product_id": "P35", "price": 853}, {"product_id": "P39", "price": 38}], "date_of_purchase": "2019-01-09 19:14:00"}
{"customer_id": "C134", "basket": [{"product_id": "P44", "price": 444}, {"product_id": "P51", "price": 374}, {"product_id": "P43", "price": 1341}], "date_of_purchase": "2019-01-09 20:48:00"}
