{"customer_id": "C13", "basket": [{"product_id": "P14", "price": 1416}], "date_of_purchase": "2019-02-24 03:28:00"}
{"customer_id": "C14", "basket": [{"product_id": "P22", "price": 1776}], "date_of_purchase": "2019-02-24 09:25:00"}
{"customer_id": "C16", "basket": [{"product_id": "P31", "price": 292}, {"product_id": "P28", "price": 93}, {"product_id": "P31", "price": 151}], "date_of_purchase": "2019-02-24 23:18:00"}
{"customer_id": "C19", "basket": [{"product_id": "P25", "price": 711}, {"product_id": "P33", "price": 353}, {"product_id": "P32", "price": 931}], "date_of_purchase": "2019-02-24 05:51:00"}
{"customer_id": "C52", "basket": [{"product_id": "P12", "price": 1980}], "date_of_purchase": "2019-02-24 22:46:00"}
{"customer_id": "C55", "basket": [{"product_id": "P59", "price": 351}], "date_of_purchase": "2019-02-24 05:43:00"}
{"customer_id": "C56", "basket": [{"product_id": "P07", "price": 1055}, {"product_id": "P08", "price": 1628}, {"product_id": "P01", "price": 837}], "date_of_purchase": "2019-02-24 18:36:00"}
{"customer_id": "C60", "basket": [{"product_id": "P36", "price": 1473}], "date_of_purchase": "2019-02-24 18:47:00"}
{"customer_id": "C64", "basket": [{"product_id": "P07", "price": 55}], "date_of_purchase": "2019-02-24 06:03:00"}
{"customer_id": "C67", "basket": [{"product_id": "P23", "price": 1797}, {"product_id": "P23", "price": 1650}], "date_of_purchase": "2019-02-24 11:22:00"}
{"customer_id": "C70", "basket": [{"product_id": "P49", "price": 656}, {"product_id": "P46", "price": 1432}], "date_of_purchase": "2019-02-24 03:45:00"}
{"customer_id": "C74", "basket": [{"product_id": "P21", "price": 1651}, {"product_id": "P14", "price": 1181}, {"product_id": "P20", "price": 1638}], "date_of_purchase": "2019-02-24 09:42:00"}
{"customer_id": "C79", "basket": [{"product_id": "P49", "price": 1877}, {"product_id": "P47", "price": 590}], "date_of_purchase": "2019-02-24 06:46:00"}
{"customer_id": "C95", "basket": [{"product_id": "P49", "price": 1601}, {"product_id": "P60", "price": 1092}, {"product_id": "P50", "price": 329}], "date_of_purchase": "2019-02-24 12:31:00"}
{"customer_id": "C104", "basket": [{"product_id": "P37", "price": 1438}, {"product_id": "P37", "price": 1103}, {"product_id": "P39", "price": 1172}], "date_of_purchase": "2019-02-24 03:44:00"}
{"customer_id": "C125", "basket": [{"product_id": "P22", "price": 1326}, {"product_id": "P32", "price": 69}, {"product_id": "P22", "price": 677}], "date_of_purchase": "2019-02-24 18:34:00"}
