{"customer_id": "C6", "basket": [{"product_id": "P38", "price": 178}, {"product_id": "P36", "price": 30}, {"product_id": "P37", "price": 1568}], "date_of_purchase": "2019-02-17 10:16:00"}
{"customer_id": "C7", "basket": [{"product_id": "P45", "price": 703}, {"product_id": "P53", "price": 816}], "date_of_purchase": "2019-02-17 10:54:00"}
{"customer_id": "C14", "basket": [{"product_id": "P25", "price": 802}, {"product_id": "P22", "price": 282}], "date_of_purchase": "2019-02-17 10:47:00"}
{"customer_id": "C18", "basket": [{"product_id": "P60", "price": 266}, {"product_id": "P48", "price": 386}, {"product_id": "P47", "price": 534}], "date_of_purchase": "2019-02-17 05:18:00"}
{"customer_id": "C19", "basket": [{"product_id": "P01", "price": 204}, {"product_id": "P04", "price": 939}, {"product_id": "P11", "price": 229}], "date_of_purchase": "2019-02-17 16:24:00"}
{"customer_id": "C21", "basket": [{"product_id": "P20", "price": 149}, {"product_id": "P18", "price": 1196}, {"product_id": "P21", "price": 1850}], "date_of_purchase": "2019-02-17 12:30:00"}
{"customer_id": "C25", "basket": [{"product_id": "P53", "price": 498}, {"product_id": "P60", "price": 824}, {"product_id": "P51", "price": 1093}], "date_of_purchase": "2019-02-17 07:07:00"}
{"customer_id": "C28", "basket": [{"product_id": "P35", "price": 1747}, {"product_id": "P37", "price": 1156}, {"product_id": "P36", "price": 571}], "date_of_purchase": "2019-02-17 03:31:00"}
{"customer_id": "C35", "basket": [{"product_id": "P31", "price": 825}, {"product_id": "P26", "price": 828}, {"product_id": "P31", "price": 1815}], "date_of_purchase": "2019-02-17 20:36:00"}
{"customer_id": "C46", "basket": [{"product_id": "P29", "price": 793}, {"product_id": "P24", "price": 877}], "date_of_purchase": "2019-02-17 18:30:00"}
{"customer_id": "C48", "basket": [{"product_id": "P10", "price": 155}, {"product_id": "P05", "price": 1168}, {"product_id": "P02", "price": 110}], "date_of_purchase": "2019-02-17 17:04:00"}
{"customer_id": "C50", "basket": [{"product_id": "P64", "price": 1741}, {"product_id": "P64", "price": 1750}, {"product_id": "P63", "price": 1658}], "date_of_purchase": "2019-02-17 03:57:00"}
{"customer_id": "C76", "basket": [{"product_id": "P59", "price": 907}], "date_of_purchase": "2019-02-17 05:46:00"}
{"customer_id": "C77", "basket": [{"product_id": "P53", "price": 625}, {"product_id": "P41", "price": 1571}, {"product_id": "P60", "price": 1013}], "date_of_purchase": "2019-02-17 09:17:00"}
{"customer_id": "C80", "basket": [{"product_id": "P61", "price": 195}], "date_of_purchase": "2019-02-17 11:52:00"}
{"customer_id": "C83", "basket": [{"product_id": "P61", "price": 206}, {"product_id": "P64", "price": 1394}], "date_of_purchase": "2019-02-17 08:55:00"}
{"customer_id": "C84", "basket": [{"product_id": "P42", "price": 1730}], "date_of_purchase": "2019-02-17 09:07:00"}
{"customer_id": "C86", "basket": [{"product_id": "P33", "price": 120}], "date_of_purchase": "2019-02-17 22:04:00"}
{"customer_id": "C91", "basket": [{"product_id": "P03", "price": 1081}, {"product_id": "P10", "price": 56}, {"product_id": "P12", "price": 94}], "date_of_purchase": "2019-02-17 10:52:00"}
{"customer_id": "C92", "basket": [{"product_id": "P27", "price": 181}, {"product_id": "P22", "price": 828}, {"product_id": "P24", "price": 150}], "date_of_purchase": "2019-02-17 15:24:00"}
{"customer_id": "C98", "basket": [{"product_id": "P40", "price": 25}, {"product_id": "P39", "price": 758}], "date_of_purchase": "2019-02-17 08:13:00"}
{"customer_id": "C101", "basket": [{"product_id": "P35", "price": 504}, {"product_id": "P37", "price": 1260}], "date_of_purchase": "2019-02-17 23:26:00"}
{"customer_id": "C103", "basket": [{"product_id": "P24", "price": 800}, {"product_id": "P23", "price": 684}], "date_of_purchase": "2019-02-17 19:12:00"}
{"customer_id": "C106", "basket": [{"product_id": "P34", "price": 721}, {"product_id": "P24", "price": 1281}, {"product_id": "P34", "price": 488}], "date_of_purchase": "2019-02-17 23:33:00"}
{"customer_id": "C109", "basket": [{"product_id": "P30", "price": 680}, {"product_id": "P26", "price": 1338}], "date_of_purchase": "2019-02-17 21:55:00"}
{"customer_id": "C113", "basket": [{"product_id": "P03", "price": 1037}, {"product_id": "P02", "price": 861}], "date_of_purchase": "2019-02-17 03:24:00"}
{"customer_id": "C115", "basket": [{"product_id": "P54", "price": 1658}], "date_of_purchase": "2019-02-17 21:08:00"}
{"customer_id": "C128", "basket": [{"product_id": "P64", "price": 641}], "date_of_purchase": "2019-02-17 10:00:00"}
{"customer_id": "C129", "basket": [{"product_id": "P29", "price": 888}, {"product_id": "P30", "price": 1992}, {"product_id": "P34", "price": 1766}], "date_of_purchase": "2019-02-17 21:00:00"}
{"customer_id": "C131", "basket": [{"product_id": "P07", "price": 807}, {"product_id": "P02", "price": 200}, {"product_id": "P05", "price": 858}], "date_of_purchase": "2019-02-17 09:28:00"}
{"customer_id": "C133", "basket": [{"product_id": "P37", "price": 134}], "date_of_purchase": "2019-02-17 22:07:00"}
