{"customer_id": "C5", "basket": [{"product_id": "P36", "price": 1846}, {"product_id": "P39", "price": 67}, {"product_id": "P36", "price": 1556}], "date_of_purchase": "2018-12-25 20:29:00"}
{"customer_id": "C9", "basket": [{"product_id": "P16", "price": 960}], "date_of_purchase": "2018-12-25 04:08:00"}
{"customer_id": "C12", "basket": [{"product_id": "P43", "price": 586}, {"product_id": "P50", "price": 1777}, {"product_id": "P45", "price": 1776}], "date_of_purchase": "2018-12-25 21:07:00"}
{"customer_id": "C13", "basket": [{"product_id": "P14", "price": 894}], "date_of_purchase": "2018-12-25 06:02:00"}
{"customer_id": "C16", "basket": [{"product_id": "P44", "price": 1649}, {"product_id": "P49", "price": 1749}], "date_of_purchase": "2018-12-25 14:18:00"}
{"customer_id": "C19", "basket": [{"product_id": "P29", "price": 1077}], "date_of_purchase": "2018-12-25 19:16:00"}
{"customer_id": "C24", "basket": [{"product_id": "P32", "price": 455}], "date_of_purchase": "2018-12-25 16:57:00"}
{"customer_id": "C38", "basket": [{"product_id": "P27", "price": 274}, {"product_id": "P31", "price": 198}, {"product_id": "P31", "price": 638}], "date_of_purchase": "2018-12-25 18:10:00"}
{"customer_id": "C43", "basket": [{"product_id": "P54", "price": 344}, {"product_id": "P43", "price": 1781}, {"product_id": "P48", "price": 1668}], "date_of_purchase": "2018-12-25 03:04:00"}
{"customer_id": "C50", "basket": [{"product_id": "P61", "price": 1597}, {"product_id": "P62", "price": 979}, {"product_id": "P63", "price": 1671}], "date_of_purchase": "2018-12-25 18:35:00"}
{"customer_id": "C57", "basket": [{"product_id": "P26", "price": 252}, {"product_id": "P28", "price": 1282}, {"product_id": "P31", "price": 1374}], "date_of_purchase": "2018-12-25 03:54:00"}
{"customer_id": "C60", "basket": [{"product_id": "P40", "price": 615}], "date_of_purchase": "2018-12-25 12:15:00"}
{"customer_id": "C65", "basket": [{"product_id": "P29", "price": 1895}, {"product_id": "P23", "price": 11}], "date_of_purchase": "2018-12-25 10:31:00"}
{"customer_id": "C67", "basket": [{"product_id": "P27", "price": 259}, {"product_id": "P26", "price": 1804}], "date_of_purchase": "2018-12-25 14:50:00"}
{"customer_id": "C69", "basket": [{"product_id": "P64", "price": 697}, {"product_id": "P62", "price": 419}, {"product_id": "P62", "price": 1009}], "date_of_purchase": "2018-12-25 04:33:00"}
{"customer_id": "C74", "basket": [{"product_id": "P16", "price": 1829}, {"product_id": "P13", "price": 933}], "date_of_purchase": "2018-12-25 14:33:00"}
{"customer_id": "C75", "basket": [{"product_id": "P48", "price": 115}, {"product_id": "P54", "price": 916}, {"product_id": "P53", "price": 833}], "date_of_purchase": "2018-12-25 04:29:00"}
{"customer_id": "C78", "basket": [{"product_id": "P61", "price": 1459}, {"product_id": "P64", "price": 372}], "date_of_purchase": "2018-12-25 09:31:00"}
{"customer_id": "C82", "basket": [{"product_id": "P38", "price": 1232}], "date_of_purchase": "2018-12-25 13:31:00"}
{"customer_id": "C85", "basket": [{"product_id": "P64", "price": 935}, {"product_id": "P64", "price": 475}, {"product_id": "P64", "price": 1322}], "date_of_purchase": "2018-12-25 03:33:00"}
{"customer_id": "C92", "basket": [{"product_id": "P38", "price": 11}, {"product_id": "P39", "price": 1121}], "date_of_purchase": "2018-12-25 07:48:00"}
{"customer_id": "C95", "basket": [{"product_id": "P47", "price": 1187}, {"product_id": "P41", "price": 581}], "date_of_purchase": "2018-12-25 16:16:00"}
{"customer_id": "C97", "basket": [{"product_id": "P05", "price": 143}, {"product_id": "P07", "price": 354}, {"product_id": "P01", "price": 203}], "date_of_purchase": "2018-12-25 11:02:00"}
{"customer_id": "C105", "basket": [{"product_id": "P10", "price": 984}, {"product_id": "P06", "price": 1397}], "date_of_purchase": "2018-12-25 06:41:00"}
{"customer_id": "C106", "basket": [{"product_id": "P22", "price": 625}, {"product_id": "P27", "price": 751}, {"product_id": "P25", "price": 1235}], "date_of_purchase": "2018-12-25 20:04:00"}
{"customer_id": "C108", "basket": [{"product_id": "P58", "price": 1794}], "date_of_purchase": "2018-12-25 08:12:00"}
{"customer_id": "C118", "basket": [{"product_id": "P23", "price": 1018}], "date_of_purchase": "2018-12-25 05:57:00"}
{"customer_id": "C123", "basket": [{"product_id": "P60", "price": 1528}], "date_of_purchase": "2018-12-25 13:26:00"}
{"customer_id": "C124", "basket": [{"product_id": "P58", "price": 1806}], "date_of_purchase": "2018-12-25 05:12:00"}
{"customer_id": "C127", "basket": [{"product_id": "P07", "price": 1200}], "date_of_purchase": "2018-12-25 22:54:00"}
{"customer_id": "C129", "basket": [{"product_id": "P30", "price": 1933}], "date_of_purchase": "2018-12-25 19:04:00"}
{"customer_id": "C136", "basket": [{"product_id": "P56", "price": 1974}, {"product_id": "P49", "price": 528}, {"product_id": "P44", "price": 756}], "date_of_purchase": "2018-12-25 18:33:00"}
{"customer_id": "C137", "basket": [{"product_id": "P01", "price": 1007}, {"product_id": "P08", "price": 1797}], "date_of_purchase": "2018-12-25 05:57:00"}
