{"customer_id": "C1", "basket": [{"product_id": "P53", "price": 471}, {"product_id": "P41", "price": 963}], "date_of_purchase": "2018-12-12 09:15:00"}
{"customer_id": "C14", "basket": [{"product_id": "P11", "price": 1721}], "date_of_purchase": "2018-12-12 22:59:00"}
{"customer_id": "C24", "basket": [{"product_id": "P24", "price": 1834}, {"product_id": "P25", "price": 295}, {"product_id": "P32", "price": 1834}], "date_of_purchase": "2018-12-12 12:27:00"}
{"customer_id": "C25", "basket": [{"product_id": "P52", "price": 1106}, {"product_id": "P44", "price": 455}, {"product_id": "P58", "price": 1627}], "date_of_purchase": "2018-12-12 06:48:00"}
{"customer_id": "C27", "basket": [{"product_id": "P25", "price": 1305}], "date_of_purchase": "2018-12-12 08:04:00"}
{"customer_id": "C37", "basket": [{"product_id": "P11", "price": 1966}], "date_of_purchase": "2018-12-12 12:37:00"}
{"customer_id": "C39", "basket": [{"product_id": "P06", "price": 1278}], "date_of_purchase": "2018-12-12 08:54:00"}
{"customer_id": "C46", "basket": [{"product_id": "P29", "price": 846}, {"product_id": "P29", "price": 1579}, {"product_id": "P31", "price": 611}], "date_of_purchase": "2018-12-12 13:41:00"}
{"customer_id": "C55", "basket": [{"product_id": "P60", "price": 204}, {"product_id": "P57", "price": 1102}], "date_of_purchase": "2018-12-12 03:26:00"}
{"customer_id": "C61", "basket": [{"product_id": "P20", "price": 1266}], "date_of_purchase": "2018-12-12 11:19:00"}
{"customer_id": "C83", "basket": [{"product_id": "P40", "price": 1430}, {"product_id": "P38", "price": 1135}], "date_of_purchase": "2018-12-12 19:16:00"}
{"customer_id": "C86", "basket": [{"product_id": "P37", "price": 1064}, {"product_id": "P37", "price": 609}, {"product_id": "P36", "price": 329}], "date_of_purchase": "2018-12-12 13:06:00"}
{"customer_id": "C94", "basket": [{"product_id": "P56", "price": 471}, {"product_id": "P50", "price": 1071}], "date_of_purchase": "2018-12-12 11:00:00"}
{"customer_id": "C105", "basket": [{"product_id": "P10", "price": 1031}, {"product_id": "P10", "price": 1930}, {"product_id": "P04", "price": 322}], "date_of_purchase": "2018-12-12 23:57:00"}
{"customer_id": "C109", "basket": [{"product_id": "P22", "price": 767}], "date_of_purchase": "2018-12-12 04:46:00"}
{"customer_id": "C112", "basket": [{"product_id": "P49", "price": 605}], "date_of_purchase": "2018-12-12 21:19:00"}
{"customer_id": "C115", "basket": [{"product_id": "P43", "price": 990}, {"product_id": "P49", "price": 124}], "date_of_purchase": "2018-12-12 05:37:00"}
{"customer_id": "C120", "basket": [{"product_id": "P33", "price": 1295}, {"product_id": "P23", "price": 241}], "date_of_purchase": "2018-12-12 09:57:00"}
{"customer_id": "C122", "basket": [{"product_id": "P63", "price": 714}, {"product_id": "P61", "price": 1717}], "date_of_purchase": "2018-12-12 22:22:00"}
{"customer_id": "C123", "basket": [{"product_id": "P64", "price": 1964}, {"product_id": "P62", "price": 1974}], "date_of_purchase": "2018-12-12 22:25:00"}
{"customer_id": "C124", "basket": [{"product_id": "P22", "price": 1798}, {"product_id": "P24", "price": 1544}, {"product_id": "P23", "price": 208}], "date_of_purchase": "2018-12-12 12:57:00"}
{"customer_id": "C126", "basket": [{"product_id": "P43", "price": 1315}, {"product_id": "P42", "price": 767}, {"product_id": "P55", "price": 202}], "date_of_purchase": "2018-12-12 10:17:00"}
{"customer_id": "C130", "basket": [{"product_id": "P39", "price": 615}, {"product_id": "P36", "price": 845}, {"product_id": "P37", "price": 1398}], "date_of_purchase": "2018-12-12 11:35:00"}
