{"customer_id": "C3", "basket": [{"product_id": "P10", "price": 735}, {"product_id": "P10", "price": 703}, {"product_id": "P03", "price": 228}], "date_of_purchase": "2019-01-05 19:52:00"}
{"customer_id": "C6", "basket": [{"product_id": "P36", "price": 1087}, {"product_id": "P37", "price": 1174}], "date_of_purchase": "2019-01-05 23:21:00"}
{"customer_id": "C7", "basket": [{"product_id": "P38", "price": 1333}, {"product_id": "P37", "price": 1015}, {"product_id": "P40", "price": 1284}], "date_of_purchase": "2019-01-05 06:05:00"}
{"customer_id": "C11", "basket": [{"product_id": "P35", "price": 1511}, {"product_id": "P35", "price": 1931}, {"product_id": "P40", "price": 1355}], "date_of_purchase": "2019-01-05 05:48:00"}
{"customer_id": "C12", "basket": [{"product_id": "P36", "price": 1433}], "date_of_purchase": "2019-01-05 23:00:00"}
{"customer_id": "C16", "basket": [{"product_id": "P29", "price": 1336}, {"product_id": "P27", "price": 1675}, {"product_id": "P25", "price": 67}], "date_of_purchase": "2019-01-05 13:36:00"}
{"customer_id": "C37", "basket": [{"product_id": "P01", "price": 1862}], "date_of_purchase": "2019-01-05 07:11:00"}
{"customer_id": "C38", "basket": [{"product_id": "P36", "price": 1485}], "date_of_purchase": "2019-01-05 05:19:00"}
{"customer_id": "C40", "basket": [{"product_id": "P36", "price": 1523}, {"product_id": "P37", "price": 142}, {"product_id": "P39", "price": 470}], "date_of_purchase": "2019-01-05 09:45:00"}
{"customer_id": "C43", "basket": [{"product_id": "P49", "price": 1578}], "date_of_purchase": "2019-01-05 11:52:00"}
{"customer_id": "C46", "basket": [{"product_id": "P32", "price": 1754}, {"product_id": "P27", "price": 809}], "date_of_purchase": "2019-01-05 16:13:00"}
{"customer_id": "C52", "basket": [{"product_id": "P25", "price": 18}, {"product_id": "P23", "price": 1458}], "date_of_purchase": "2019-01-05 11:22:00"}
{"customer_id": "C53", "basket": [{"product_id": "P32", "price": 1790}, {"product_id": "P32", "price": 1260}], "date_of_purchase": "2019-01-05 18:08:00"}
{"customer_id": "C67", "basket": [{"product_id": "P31", "price": 754}], "date_of_purchase": "2019-01-05 11:43:00"}
{"customer_id": "C73", "basket": [{"product_id": "P28", "price": 933}, {"product_id": "P31", "price": 1220}, {"product_id": "P27", "price": 196}], "date_of_purchase": "2019-01-05 15:48:00"}
{"customer_id": "C82", "basket": [{"product_id": "P39", "price": 360}], "date_of_purchase": "2019-01-05 12:14:00"}
{"customer_id": "C86", "basket": [{"product_id": "P13", "price": 1141}, {"product_id": "P18", "price": 23}, {"product_id": "P17", "price": 1097}], "date_of_purchase": "2019-01-05 15:09:00"}
{"customer_id": "C92", "basket": [{"product_id": "P40", "price": 470}], "date_of_purchase": "2019-01-05 10:44:00"}
{"customer_id": "C101", "basket": [{"product_id": "P39", "price": 1199}], "date_of_purchase": "2019-01-05 12:49:00"}
{"customer_id": "C104", "basket": [{"product_id": "P39", "price": 1175}], "date_of_purchase": "2019-01-05 14:31:00"}
{"customer_id": "C105", "basket": [{"product_id": "P12", "price": 1836}], "date_of_purchase": "2019-01-05 06:25:00"}
{"customer_id": "C106", "basket": [{"product_id": "P28", "price": 1203}], "date_of_purchase": "2019-01-05 19:46:00"}
{"customer_id": "C108", "basket": [{"product_id": "P58", "price": 1952}, {"product_id": "P48", "price": 1250}], "date_of_purchase": "2019-01-05 12:41:00"}
{"customer_id": "C118", "basket": [{"product_id": "P49", "price": 1454}, {"product_id": "P60", "price": 1321}], "date_of_purchase": "2019-01-05 11:17:00"}
{"customer_id": "C121", "basket": [{"product_id": "P35", "price": 1608}], "date_of_purchase": "2019-01-05 02:50:00"}
{"customer_id": "C126", "basket": [{"product_id": "P01", "price": 1951}, {"product_id": "P01", "price": 702}, {"product_id": "P02", "price": 1905}], "date_of_purchase": "2019-01-05 18:01:00"}
{"customer_id": "C134", "basket": [{"product_id": "P36", "price": 1296}, {"product_id": "P38", "price": 149}], "date_of_purchase": "2019-01-05 21:21:00"}
{"customer_id": "C136", "basket": [{"product_id": "P47", "price": 64}], "date_of_purchase": "2019-01-05 13:52:00"}
