{"customer_id": "C5", "basket": [{"product_id": "P60", "price": 496}, {"product_id": "P41", "price": 1537}], "date_of_purchase": "2018-12-14 08:21:00"}
{"customer_id": "C19", "basket": [{"product_id": "P36", "price": 1734}], "date_of_purchase": "2018-12-14 08:46:00"}
{"customer_id": "C26", "basket": [{"product_id": "P07", "price": 457}, {"product_id": "P01", "price": 129}], "date_of_purchase": "2018-12-14 04:00:00"}
{"customer_id": "C30", "basket": [{"product_id": "P47", "price": 1854}, {"product_id": "P41", "price": 798}], "date_of_purchase": "2018-12-14 20:58:00"}
{"customer_id": "C35", "basket": [{"product_id": "P24", "price": 449}, {"product_id": "P31", "price": 787}], "date_of_purchase": "2018-12-14 19:38:00"}
{"customer_id": "C37", "basket": [{"product_id": "P03", "price": 661}, {"product_id": "P04", "price": 316}, {"product_id": "P10", "price": 994}], "date_of_purchase": "2018-12-14 18:39:00"}
{"customer_id": "C39", "basket": [{"product_id": "P30", "price": 213}, {"product_id": "P33", "price": 346}, {"product_id": "P31", "price": 592}], "date_of_purchase": "2018-12-14 16:29:00"}
{"customer_id": "C40", "basket": [{"product_id": "P37", "price": 1811}, {"product_id": "P40", "price": 1293}, {"product_id": "P38", "price": 40}], "date_of_purchase": "2018-12-14 14:28:00"}
{"customer_id": "C41", "basket": [{"product_id": "P26", "price": 929}, {"product_id": "P27", "price": 127}, {"product_id": "P29", "price": 704}], "date_of_purchase": "2018-12-14 19:27:00"}
{"customer_id": "C44", "basket": [{"product_id": "P45", "price": 1896}, {"product_id": "P43", "price": 1283}], "date_of_purchase": "2018-12-14 17:01:00"}
{"customer_id": "C50", "basket": [{"product_id": "P64", "price": 1491}], "date_of_purchase": "2018-12-14 19:47:00"}
{"customer_id": "C70", "basket": [{"product_id": "P25", "price": 859}, {"product_id": "P28", "price": 1446}], "date_of_purchase": "2018-12-14 03:03:00"}
{"customer_id": "C73", "basket": [{"product_id": "P30", "price": 1489}], "date_of_purchase": "2018-12-14 18:08:00"}
{"customer_id": "C74", "basket": [{"product_id": "P18", "price": 1816}, {"product_id": "P20", "price": 1491}, {"product_id": "P21", "price": 1573}], "date_of_purchase": "2018-12-14 10:14:00"}
{"customer_id": "C77", "basket": [{"product_id": "P46", "price": 1408}, {"product_id": "P43", "price": 1944}, {"product_id": "P60", "price": 484}], "date_of_purchase": "2018-12-14 18:31:00"}
{"customer_id": "C82", "basket": [{"product_id": "P17", "price": 1748}, {"product_id": "P16", "price": 345}, {"product_id": "P19", "price": 364}], "date_of_purchase": "2018-12-14 16:33:00"}
{"customer_id": "C92", "basket": [{"product_id": "P55", "price": 638}, {"product_id": "P59", "price": 18}, {"product_id": "P43", "price": 459}], "date_of_purchase": "2018-12-14 18:27:00"}
{"customer_id": "C94", "basket": [{"product_id": "P61", "price": 1807}], "date_of_purchase": "2018-12-14 03:58:00"}
{"customer_id": "C102", "basket": [{"product_id": "P24", "price": 267}, {"product_id": "P31", "price": 128}, {"product_id": "P29", "price": 1009}], "date_of_purchase": "2018-12-14 13:33:00"}
{"customer_id": "C104", "basket": [{"product_id": "P36", "price": 1873}], "date_of_purchase": "2018-12-14 17:01:00"}
{"customer_id": "C106", "basket": [{"product_id": "P32", "price": 389}, {"product_id": "P26", "price": 1609}, {"product_id": "P28", "price": 635}], "date_of_purchase": "2018-12-14 08:16:00"}
{"customer_id": "C108", "basket": [{"product_id": "P29", "price": 1075}], "date_of_purchase": "2018-12-14 05:37:00"}
{"customer_id": "C115", "basket": [{"product_id": "P42", "price": 331}], "date_of_purchase": "2018-12-14 10:58:00"}
{"customer_id": "C120", "basket": [{"product_id": "P25", "price": 61}], "date_of_purchase": "2018-12-14 17:59:00"}
{"customer_id": "C121", "basket": [{"product_id": "P35", "price": 517}], "date_of_purchase": "2018-12-14 15:05:00"}
{"customer_id": "C122", "basket": [{"product_id": "P64", "price": 616}, {"product_id": "P64", "price": 771}, {"product_id": "P64", "price": 1538}], "date_of_purchase": "2018-12-14 10:54:00"}
{"customer_id": "C124", "basket": [{"product_id": "P22", "price": 781}], "date_of_purchase": "2018-12-14 17:31:00"}
{"customer_id": "C134", "basket": [{"product_id": "P25", "price": 1497}, {"product_id": "P29", "price": 891}, {"product_id": "P33", "price": 1512}], "date_of_purchase": "2018-12-14 13:01:00"}
