{"customer_id": "C16", "basket": [{"product_id": "P53", "price": 842}, {"product_id": "P44", "price": 1573}, {"product_id": "P55", "price": 690}], "date_of_purchase": "2019-03-01 15:18:00"}
{"customer_id": "C19", "basket": [{"product_id": "P27", "price": 1148}, {"product_id": "P26", "price": 1105}, {"product_id": "P28", "price": 1962}], "date_of_purchase": "2019-03-01 10:30:00"}
{"customer_id": "C22", "basket": [{"product_id": "P37", "price": 582}, {"product_id": "P36", "price": 676}], "date_of_purchase": "2019-03-01 06:42:00"}
{"customer_id": "C26", "basket": [{"product_id": "P11", "price": 1095}, {"product_id": "P02", "price": 497}], "date_of_purchase": "2019-03-01 10:18:00"}
{"customer_id": "C31", "basket": [{"product_id": "P37", "price": 1919}, {"product_id": "P35", "price": 997}, {"product_id": "P36", "price": 1554}], "date_of_purchase": "2019-03-01 10:11:00"}
{"customer_id": "C35", "basket": [{"product_id": "P28", "price": 491}, {"product_id": "P34", "price": 420}], "date_of_purchase": "2019-03-01 06:36:00"}
{"customer_id": "C43", "basket": [{"product_id": "P36", "price": 16}, {"product_id": "P35", "price": 1073}], "date_of_purchase": "2019-03-01 06:46:00"}
{"customer_id": "C49", "basket": [{"product_id": "P45", "price": 324}, {"product_id": "P56", "price": 1111}, {"product_id": "P53", "price": 930}], "date_of_purchase": "2019-03-01 18:28:00"}
{"customer_id": "C60", "basket": [{"product_id": "P40", "price": 874}], "date_of_purchase": "2019-03-01 10:06:00"}
{"customer_id": "C81", "basket": [{"product_id": "P47", "price": 1288}, {"product_id": "P43", "price": 1312}], "date_of_purchase": "2019-03-01 21:24:00"}
{"customer_id": "C82", "basket": [{"product_id": "P21", "price": 417}, {"product_id": "P20", "price": 172}], "date_of_purchase": "2019-03-01 06:52:00"}
{"customer_id": "C83", "basket": [{"product_id": "P37", "price": 411}], "date_of_purchase": "2019-03-01 08:04:00"}
{"customer_id": "C86", "basket": [{"product_id": "P34", "price": 1494}, {"product_id": "P30", "price": 527}, {"product_id": "P24", "price": 1011}], "date_of_purchase": "2019-03-01 11:12:00"}
{"customer_id": "C97", "basket": [{"product_id": "P46", "price": 1219}], "date_of_purchase": "2019-03-01 08:29:00"}
{"customer_id": "C104", "basket": [{"product_id": "P35", "price": 1010}, {"product_id": "P37", "price": 1642}, {"product_id": "P35", "price": 1572}], "date_of_purchase": "2019-03-01 03:33:00"}
{"customer_id": "C105", "basket": [{"product_id": "P05", "price": 184}, {"product_id": "P06", "price": 1524}], "date_of_purchase": "2019-03-01 18:41:00"}
{"customer_id": "C106", "basket": [{"product_id": "P24", "price": 520}, {"product_id": "P23", "price": 1656}, {"product_id": "P33", "price": 414}], "date_of_purchase": "2019-03-01 12:30:00"}
{"customer_id": "C112", "basket": [{"product_id": "P59", "price": 1319}, {"product_id": "P60", "price": 246}], "date_of_purchase": "2019-03-01 08:59:00"}
{"customer_id": "C115", "basket": [{"product_id": "P44", "price": 291}], "date_of_purchase": "2019-03-01 21:02:00"}
{"customer_id": "C117", "basket": [{"product_id": "P48", "price": 1511}, {"product_id": "P45", "price": 941}], "date_of_purchase": "2019-03-01 05:10:00"}
{"customer_id": "C120", "basket": [{"product_id": "P28", "price": 471}, {"product_id": "P23", "price": 157}], "date_of_purchase": "2019-03-01 14:38:00"}
{"customer_id": "C132", "basket": [{"product_id": "P39", "price": 1736}, {"product_id": "P40", "price": 280}], "date_of_purchase": "2019-03-01 04:44:00"}
