{"customer_id": "C10", "basket": [{"product_id": "P41", "price": 1465}], "date_of_purchase": "2018-12-07 22:24:00"}
{"customer_id": "C11", "basket": [{"product_id": "P10", "price": 736}, {"product_id": "P01", "price": 1714}, {"product_id": "P10", "price": 1426}], "date_of_purchase": "2018-12-07 12:52:00"}
{"customer_id": "C14", "basket": [{"product_id": "P24", "price": 1123}, {"product_id": "P33", "price": 1575}, {"product_id": "P28", "price": 1868}], "date_of_purchase": "2018-12-07 06:05:00"}
{"customer_id": "C17", "basket": [{"product_id": "P31", "price": 1315}, {"product_id": "P32", "price": 986}, {"product_id": "P33", "price": 1129}], "date_of_purchase": "2018-12-07 03:17:00"}
{"customer_id": "C19", "basket": [{"product_id": "P29", "price": 1243}], "date_of_purchase": "2018-12-07 21:37:00"}
{"customer_id": "C27", "basket": [{"product_id": "P24", "price": 1283}, {"product_id": "P22", "price": 1622}, {"product_id": "P26", "price": 1656}], "date_of_purchase": "2018-12-07 17:28:00"}
{"customer_id": "C33", "basket": [{"product_id": "P38", "price": 1687}, {"product_id": "P36", "price": 1123}], "date_of_purchase": "2018-12-07 16:35:00"}
{"customer_id": "C35", "basket": [{"product_id": "P23", "price": 822}], "date_of_purchase": "2018-12-07 04:27:00"}
{"customer_id": "C38", "basket": [{"product_id": "P40", "price": 1468}], "date_of_purchase": "2018-12-07 03:51:00"}
{"customer_id": "C41", "basket": [{"product_id": "P54", "price": 103}, {"product_id": "P50", "price": 1265}], "date_of_purchase": "2018-12-07 14:03:00"}
{"customer_id": "C42", "basket": [{"product_id": "P33", "price": 1470}, {"product_id": "P33", "price": 442}], "date_of_purchase": "2018-12-07 09:58:00"}
{"customer_id": "C46", "basket": [{"product_id": "P22", "price": 1471}, {"product_id": "P23", "price": 538}, {"product_id": "P27", "price": 611}], "date_of_purchase": "2018-12-07 12:20:00"}
{"customer_id": "C48", "basket": [{"product_id": "P11", "price": 548}, {"product_id": "P10", "price": 808}], "date_of_purchase": "2018-12-07 09:58:00"}
{"customer_id": "C53", "basket": [{"product_id": "P24", "price": 1291}, {"product_id": "P29", "price": 1266}], "date_of_purchase": "2018-12-07 09:55:00"}
{"customer_id": "C64", "basket": [{"product_id": "P33", "price": 918}, {"product_id": "P32", "price": 1281}], "date_of_purchase": "2018-12-07 04:39:00"}
{"customer_id": "C67", "basket": [{"product_id": "P31", "price": 439}, {"product_id": "P24", "price": 327}, {"product_id": "P29", "price": 73}], "date_of_purchase": "2018-12-07 15:27:00"}
{"customer_id": "C77", "basket": [{"product_id": "P55", "price": 739}], "date_of_purchase": "2018-12-07 21:51:00"}
{"customer_id": "C79", "basket": [{"product_id": "P27", "price": 483}, {"product_id": "P33", "price": 942}], "date_of_purchase": "2018-12-07 07:23:00"}
{"customer_id": "C80", "basket": [{"product_id": "P64", "price": 1856}, {"product_id": "P62", "price": 1741}, {"product_id": "P62", "price": 74}], "date_of_purchase": "2018-12-07 19:11:00"}
{"customer_id": "C81", "basket": [{"product_id": "P43", "price": 680}, {"product_id": "P54", "price": 268}], "date_of_purchase": "2018-12-07 11:43:00"}
{"customer_id": "C95", "basket": [{"product_id": "P49", "price": 1339}, {"product_id": "P53", "price": 1523}], "date_of_purchase": "2018-12-07 18:38:00"}
{"customer_id": "C104", "basket": [{"product_id": "P36", "price": 1048}], "date_of_purchase": "2018-12-07 10:11:00"}
{"customer_id": "C112", "basket": [{"product_id": "P60", "price": 304}, {"product_id": "P56", "price": 1191}], "date_of_purchase": "2018-12-07 20:10:00"}
{"customer_id": "C115", "basket": [{"product_id": "P49", "price": 1864}], "date_of_purchase": "2018-12-07 18:29:00"}
{"customer_id": "C118", "basket": [{"product_id": "P31", "price": 1631}, {"product_id": "P29", "price": 409}, {"product_id": "P29", "price": 399}], "date_of_purchase": "2018-12-07 20:52:00"}
{"customer_id": "C121", "basket": [{"product_id": "P62", "price": 1266}, {"product_id": "P64", "price": 117}], "date_of_purchase": "2018-12-07 19:10:00"}
{"customer_id": "C123", "basket": [{"product_id": "P03", "price": 1233}, {"product_id": "P12", "price": 1328}, {"product_id": "P09", "price": 483}], "date_of_purchase": "2018-12-07 10:05:00"}
{"customer_id": "C129", "basket": [{"product_id": "P32", "price": 564}, {"product_id": "P33", "price": 273}], "date_of_purchase": "2018-12-07 03:34:00"}
{"customer_id": "C133", "basket": [{"product_id": "P36", "price": 1099}, {"product_id": "P37", "price": 1797}], "date_of_purchase": "2018-12-07 16:57:00"}
{"customer_id": "C137", "basket": [{"product_id": "P30", "price": 282}, {"product_id": "P34", "price": 1020}, {"product_id": "P25", "price": 769}], "date_of_purchase": "2018-12-07 20:33:00"}
