{"customer_id": "C1", "basket": [{"product_id": "P60", "price": 628}], "date_of_purchase": "2019-02-08 11:00:00"}
{"customer_id": "C2", "basket": [{"product_id": "P47", "price": 701}, {"product_id": "P58", "price": 519}], "date_of_purchase": "2019-02-08 17:57:00"}
{"customer_id": "C5", "basket": [{"product_id": "P47", "price": 458}], "date_of_purchase": "2019-02-08 21:50:00"}
{"customer_id": "C8", "basket": [{"product_id": "P51", "price": 1417}, {"product_id": "P43", "price": 1249}, {"product_id": "P44", "price": 1461}], "date_of_purchase": "2019-02-08 12:20:00"}
{"customer_id": "C13", "basket": [{"product_id": "P17", "price": 1663}, {"product_id": "P18", "price": 1450}, {"product_id": "P14", "price": 1165}], "date_of_purchase": "2019-02-08 22:15:00"}
{"customer_id": "C14", "basket": [{"product_id": "P02", "price": 1956}], "date_of_purchase": "2019-02-08 19:27:00"}
{"customer_id": "C22", "basket": [{"product_id": "P39", "price": 1785}, {"product_id": "P35", "price": 1723}, {"product_id": "P38", "price": 1662}], "date_of_purchase": "2019-02-08 16:51:00"}
{"customer_id": "C29", "basket": [{"product_id": "P18", "price": 1758}, {"product_id": "P21", "price": 1655}, {"product_id": "P16", "price": 1274}], "date_of_purchase": "2019-02-08 10:24:00"}
{"customer_id": "C31", "basket": [{"product_id": "P52", "price": 51}, {"product_id": "P45", "price": 129}], "date_of_purchase": "2019-02-08 20:46:00"}
{"customer_id": "C32", "basket": [{"product_id": "P48", "price": 264}, {"product_id": "P47", "price": 249}], "date_of_purchase": "2019-02-08 21:20:00"}
{"customer_id": "C40", "basket": [{"product_id": "P59", "price": 1913}, {"product_id": "P45", "price": 540}], "date_of_purchase": "2019-02-08 17:36:00"}
{"customer_id": "C43", "basket": [{"product_id": "P62", "price": 932}], "date_of_purchase": "2019-02-08 05:31:00"}
{"customer_id": "C48", "basket": [{"product_id": "P38", "price": 188}, {"product_id": "P38", "price": 1215}, {"product_id": "P37", "price": 871}], "date_of_purchase": "2019-02-08 11:32:00"}
{"customer_id": "C56", "basket": [{"product_id": "P40", "price": 1828}], "date_of_purchase": "2019-02-08 16:06:00"}
{"customer_id": "C57", "basket": [{"product_id": "P24", "price": 1536}, {"product_id": "P27", "price": 387}], "date_of_purchase": "2019-02-08 18:33:00"}
{"customer_id": "C72", "basket": [{"product_id": "P31", "price": 521}], "date_of_purchase": "2019-02-08 15:07:00"}
{"customer_id": "C80", "basket": [{"product_id": "P61", "price": 1494}, {"product_id": "P64", "price": 559}, {"product_id": "P63", "price": 138}], "date_of_purchase": "2019-02-08 06:54:00"}
{"customer_id": "C81", "basket": [{"product_id": "P44", "price": 714}], "date_of_purchase": "2019-02-08 21:27:00"}
{"customer_id": "C82", "basket": [{"product_id": "P19", "price": 119}, {"product_id": "P21", "price": 799}], "date_of_purchase": "2019-02-08 05:37:00"}
{"customer_id": "C85", "basket": [{"product_id": "P36", "price": 418}, {"product_id": "P40", "price": 1380}, {"product_id": "P37", "price": 664}], "date_of_purchase": "2019-02-08 02:58:00"}
{"customer_id": "C90", "basket": [{"product_id": "P62", "price": 1078}, {"product_id": "P61", "price": 425}], "date_of_purchase": "2019-02-08 07:20:00"}
{"customer_id": "C91", "basket": [{"product_id": "P02", "price": 1534}], "date_of_purchase": "2019-02-08 17:34:00"}
{"customer_id": "C95", "basket": [{"product_id": "P50", "price": 831}, {"product_id": "P43", "price": 1007}, {"product_id": "P45", "price": 439}], "date_of_purchase": "2019-02-08 03:42:00"}
{"customer_id": "C99", "basket": [{"product_id": "P36", "price": 919}, {"product_id": "P37", "price": 1734}, {"product_id": "P39", "price": 1107}], "date_of_purchase": "2019-02-08 14:59:00"}
{"customer_id": "C105", "basket": [{"product_id": "P11", "price": 572}, {"product_id": "P05", "price": 739}, {"product_id": "P08", "price": 514}], "date_of_purchase": "2019-02-08 18:46:00"}
{"customer_id": "C108", "basket": [{"product_id": "P42", "price": 972}, {"product_id": "P41", "price": 27}], "date_of_purchase": "2019-02-08 19:06:00"}
{"customer_id": "C114", "basket": [{"product_id": "P23", "price": 1003}, {"product_id": "P27", "price": 743}, {"product_id": "P32", "price": 333}], "date_of_purchase": "2019-02-08 19:15:00"}
{"customer_id": "C115", "basket": [{"product_id": "P51", "price": 866}], "date_of_purchase": "2019-02-08 16:50:00"}
{"customer_id": "C118", "basket": [{"product_id": "P32", "price": 1393}], "date_of_purchase": "2019-02-08 09:36:00"}
{"customer_id": "C125", "basket": [{"product_id": "P30", "price": 1775}, {"product_id": "P31", "price": 1265}], "date_of_purchase": "2019-02-08 09:22:00"}
{"customer_id": "C126", "basket": [{"product_id": "P57", "price": 1736}], "date_of_purchase": "2019-02-08 09:16:00"}
{"customer_id": "C137", "basket": [{"product_id": "P07", "price": 1193}, {"product_id": "P06", "price": 63}, {"product_id": "P02", "price": 1813}], "date_of_purchase": "2019-02-08 21:16:00"}
