{"customer_id": "C1", "basket": [{"product_id": "P53", "price": 1663}, {"product_id": "P42", "price": 1259}, {"product_id": "P59", "price": 604}], "date_of_purchase": "2019-02-22 11:53:00"}
{"customer_id": "C5", "basket": [{"product_id": "P35", "price": 1434}, {"product_id": "P35", "price": 1897}], "date_of_purchase": "2019-02-22 09:32:00"}
{"customer_id": "C11", "basket": [{"product_id": "P01", "price": 898}, {"product_id": "P03", "price": 293}, {"product_id": "P08", "price": 1620}], "date_of_purchase": "2019-02-22 19:40:00"}
{"customer_id": "C13", "basket": [{"product_id": "P19", "price": 475}], "date_of_purchase": "2019-02-22 08:43:00"}
{"customer_id": "C14", "basket": [{"product_id": "P29", "price": 1590}, {"product_id": "P24", "price": 40}], "date_of_purchase": "2019-02-22 15:08:00"}
{"customer_id": "C19", "basket": [{"product_id": "P42", "price": 396}, {"product_id": "P41", "price": 85}, {"product_id": "P43", "price": 942}], "date_of_purchase": "2019-02-22 18:29:00"}
{"customer_id": "C25", "basket": [{"product_id": "P11", "price": 1153}, {"product_id": "P04", "price": 993}, {"product_id": "P03", "price": 1437}], "date_of_purchase": "2019-02-22 08:50:00"}
{"customer_id": "C38", "basket": [{"product_id": "P36", "price": 393}, {"product_id": "P35", "price": 326}, {"product_id": "P38", "price": 1750}], "date_of_purchase": "2019-02-22 14:59:00"}
{"customer_id": "C43", "basket": [{"product_id": "P62", "price": 713}, {"product_id": "P64", "price": 406}, {"product_id": "P64", "price": 877}], "date_of_purchase": "2019-02-22 12:36:00"}
{"customer_id": "C48", "basket": [{"product_id": "P09", "price": 158}, {"product_id": "P03", "price": 1008}], "date_of_purchase": "2019-02-22 21:14:00"}
{"customer_id": "C50", "basket": [{"product_id": "P63", "price": 1985}], "date_of_purchase": "2019-02-22 07:53:00"}
{"customer_id": "C61", "basket": [{"product_id": "P14", "price": 1319}], "date_of_purchase": "2019-02-22 22:00:00"}
{"customer_id": "C67", "basket": [{"product_id": "P36", "price": 1362}], "date_of_purchase": "2019-02-22 03:53:00"}
{"customer_id": "C69", "basket": [{"product_id": "P63", "price": 708}], "date_of_purchase": "2019-02-22 06:47:00"}
{"customer_id": "C77", "basket": [{"product_id": "P48", "price": 1017}, {"product_id": "P42", "price": 968}, {"product_id": "P58", "price": 587}], "date_of_purchase": "2019-02-22 10:16:00"}
{"customer_id": "C84", "basket": [{"product_id": "P47", "price": 1847}, {"product_id": "P53", "price": 590}], "date_of_purchase": "2019-02-22 12:12:00"}
{"customer_id": "C91", "basket": [{"product_id": "P12", "price": 265}, {"product_id": "P02", "price": 359}], "date_of_purchase": "2019-02-22 11:48:00"}
{"customer_id": "C92", "basket": [{"product_id": "P62", "price": 1982}], "date_of_purchase": "2019-02-22 12:07:00"}
{"customer_id": "C114", "basket": [{"product_id": "P23", "price": 1926}, {"product_id": "P24", "price": 1134}, {"product_id": "P27", "price": 742}], "date_of_purchase": "2019-02-22 13:58:00"}
{"customer_id": "C130", "basket": [{"product_id": "P37", "price": 1688}], "date_of_purchase": "2019-02-22 08:31:00"}
{"customer_id": "C134", "basket": [{"product_id": "P28", "price": 716}, {"product_id": "P30", "price": 1221}], "date_of_purchase": "2019-02-22 04:32:00"}
{"customer_id": "C135", "basket": [{"product_id": "P51", "price": 1904}], "date_of_purchase": "2019-02-22 20:39:00"}
