{"customer_id": "C2", "basket": [{"product_id": "P62", "price": 1603}, {"product_id": "P64", "price": 1900}], "date_of_purchase": "2018-12-27 15:28:00"}
{"customer_id": "C6", "basket": [{"product_id": "P36", "price": 1760}, {"product_id": "P40", "price": 19}, {"product_id": "P35", "price": 1716}], "date_of_purchase": "2018-12-27 18:04:00"}
{"customer_id": "C15", "basket": [{"product_id": "P17", "price": 408}, {"product_id": "P18", "price": 1009}, {"product_id": "P17", "price": 302}], "date_of_purchase": "2018-12-27 18:20:00"}
{"customer_id": "C23", "basket": [{"product_id": "P36", "price": 1145}, {"product_id": "P40", "price": 221}], "date_of_purchase": "2018-12-27 22:02:00"}
{"customer_id": "C24", "basket": [{"product_id": "P29", "price": 312}], "date_of_purchase": "2018-12-27 23:13:00"}
{"customer_id": "C25", "basket": [{"product_id": "P06", "price": 1583}], "date_of_purchase": "2018-12-27 21:39:00"}
{"customer_id": "C35", "basket": [{"product_id": "P33", "price": 1549}, {"product_id": "P32", "price": 1974}], "date_of_purchase": "2018-12-27 18:19:00"}
{"customer_id": "C38", "basket": [{"product_id": "P07", "price": 613}, {"product_id": "P07", "price": 384}, {"product_id": "P10", "price": 819}], "date_of_purchase": "2018-12-27 15:37:00"}
{"customer_id": "C41", "basket": [{"product_id": "P45", "price": 185}], "date_of_purchase": "2018-12-27 11:10:00"}
{"customer_id": "C49", "basket": [{"product_id": "P24", "price": 296}, {"product_id": "P33", "price": 849}, {"product_id": "P25", "price": 214}], "date_of_purchase": "2018-12-27 17:28:00"}
{"customer_id": "C55", "basket": [{"product_id": "P55", "price": 1614}, {"product_id": "P47", "price": 1161}], "date_of_purchase": "2018-12-27 18:09:00"}
{"customer_id": "C77", "basket": [{"product_id": "P47", "price": 256}, {"product_id": "P57", "price": 161}, {"product_id": "P60", "price": 1623}], "date_of_purchase": "2018-12-27 18:02:00"}
{"customer_id": "C78", "basket": [{"product_id": "P49", "price": 1151}, {"product_id": "P49", "price": 528}], "date_of_purchase": "2018-12-27 09:35:00"}
{"customer_id": "C80", "basket": [{"product_id": "P61", "price": 183}, {"product_id": "P62", "price": 524}], "date_of_purchase": "2018-12-27 05:24:00"}
{"customer_id": "C85", "basket": [{"product_id": "P36", "price": 1886}, {"product_id": "P36", "price": 802}, {"product_id": "P38", "price": 1262}], "date_of_purchase": "2018-12-27 17:59:00"}
{"customer_id": "C90", "basket": [{"product_id": "P40", "price": 494}], "date_of_purchase": "2018-12-27 16:18:00"}
{"customer_id": "C92", "basket": [{"product_id": "P23", "price": 355}, {"product_id": "P28", "price": 397}], "date_of_purchase": "2018-12-27 22:55:00"}
{"customer_id": "C95", "basket": [{"product_id": "P60", "price": 614}], "date_of_purchase": "2018-12-27 11:35:00"}
{"customer_id": "C98", "basket": [{"product_id": "P35", "price": 1263}, {"product_id": "P40", "price": 336}, {"product_id": "P38", "price": 1614}], "date_of_purchase": "2018-12-27 07:30:00"}
{"customer_id": "C105", "basket": [{"product_id": "P07", "price": 1825}, {"product_id": "P03", "price": 1693}], "date_of_purchase": "2018-12-27 15:49:00"}
{"customer_id": "C110", "basket": [{"product_id": "P52", "price": 85}, {"product_id": "P56", "price": 160}, {"product_id": "P60", "price": 930}], "date_of_purchase": "2018-12-27 11:35:00"}
{"customer_id": "C114", "basket": [{"product_id": "P22", "price": 421}, {"product_id": "P27", "price": 1681}, {"product_id": "P31", "price": 1130}], "date_of_purchase": "2018-12-27 23:43:00"}
{"customer_id": "C115", "basket": [{"product_id": "P45", "price": 683}, {"product_id": "P44", "price": 70}, {"product_id": "P57", "price": 1689}], "date_of_purchase": "2018-12-27 06:14:00"}
{"customer_id": "C118", "basket": [{"product_id": "P08", "price": 1455}, {"product_id": "P06", "price": 321}, {"product_id": "P10", "price": 1373}], "date_of_purchase": "2018-12-27 04:44:00"}
{"customer_id": "C129", "basket": [{"product_id": "P34", "price": 128}, {"product_id": "P32", "price": 809}, {"product_id": "P25", "price": 670}], "date_of_purchase": "2018-12-27 13:01:00"}
{"customer_id": "C133", "basket": [{"product_id": "P40", "price": 1918}, {"product_id": "P35", "price": 1689}], "date_of_purchase": "2018-12-27 20:10:00"}
{"customer_id": "C134", "basket": [{"product_id": "P57", "price": 1256}], "date_of_purchase": "2018-12-27 16:04:00"}
