{"customer_id": "C1", "basket": [{"product_id": "P59", "price": 1862}, {"product_id": "P50", "price": 1535}], "date_of_purchase": "2019-01-13 05:40:00"}
{"customer_id": "C24", "basket": [{"product_id": "P29", "price": 673}, {"product_id": "P27", "price": 97}, {"product_id": "P24", "price": 1758}], "date_of_purchase": "2019-01-13 12:13:00"}
{"customer_id": "C27", "basket": [{"product_id": "P30", "price": 892}, {"product_id": "P30", "price": 777}], "date_of_purchase": "2019-01-13 15:24:00"}
{"customer_id": "C37", "basket": [{"product_id": "P05", "price": 861}, {"product_id": "P06", "price": 821}, {"product_id": "P08", "price": 725}], "date_of_purchase": "2019-01-13 11:36:00"}
{"customer_id": "C39", "basket": [{"product_id": "P51", "price": 1646}, {"product_id": "P44", "price": 1616}], "date_of_purchase": "2019-01-13 03:54:00"}
{"customer_id": "C44", "basket": [{"product_id": "P51", "price": 1376}], "date_of_purchase": "2019-01-13 08:46:00"}
{"customer_id": "C47", "basket": [{"product_id": "P39", "price": 399}, {"product_id": "P36", "price": 1457}, {"product_id": "P37", "price": 352}], "date_of_purchase": "2019-01-13 21:17:00"}
{"customer_id": "C48", "basket": [{"product_id": "P50", "price": 347}, {"product_id": "P54", "price": 1060}, {"product_id": "P47", "price": 467}], "date_of_purchase": "2019-01-13 18:50:00"}
{"customer_id": "C50", "basket": [{"product_id": "P61", "price": 1666}, {"product_id": "P61", "price": 204}, {"product_id": "P61", "price": 801}], "date_of_purchase": "2019-01-13 20:18:00"}
{"customer_id": "C52", "basket": [{"product_id": "P06", "price": 1268}], "date_of_purchase": "2019-01-13 17:42:00"}
{"customer_id": "C77", "basket": [{"product_id": "P43", "price": 1304}], "date_of_purchase": "2019-01-13 13:27:00"}
{"customer_id": "C84", "basket": [{"product_id": "P40", "price": 1003}], "date_of_purchase": "2019-01-13 03:11:00"}
{"customer_id": "C86", "basket": [{"product_id": "P32", "price": 1843}, {"product_id": "P33", "price": 1126}], "date_of_purchase": "2019-01-13 06:40:00"}
{"customer_id": "C87", "basket": [{"product_id": "P29", "price": 589}], "date_of_purchase": "2019-01-13 04:52:00"}
{"customer_id": "C92", "basket": [{"product_id": "P53", "price": 1784}, {"product_id": "P49", "price": 1575}], "date_of_purchase": "2019-01-13 21:41:00"}
{"customer_id": "C94", "basket": [{"product_id": "P62", "price": 1108}, {"product_id": "P62", "price": 417}], "date_of_purchase": "2019-01-13 21:33:00"}
{"customer_id": "C98", "basket": [{"product_id": "P40", "price": 171}], "date_of_purchase": "2019-01-13 19:01:00"}
{"customer_id": "C102", "basket": [{"product_id": "P24", "price": 752}], "date_of_purchase": "2019-01-13 13:45:00"}
{"customer_id": "C105", "basket": [{"product_id": "P11", "price": 952}], "date_of_purchase": "2019-01-13 19:06:00"}
{"customer_id": "C118", "basket": [{"product_id": "P25", "price": 1713}], "date_of_purchase": "2019-01-13 20:38:00"}
{"customer_id": "C119", "basket": [{"product_id": "P30", "price": 865}, {"product_id": "P32", "price": 1997}], "date_of_purchase": "2019-01-13 22:58:00"}
{"customer_id": "C129", "basket": [{"product_id": "P26", "price": 1474}], "date_of_purchase": "2019-01-13 11:24:00"}
{"customer_id": "C132", "basket": [{"product_id": "P06", "price": 1513}], "date_of_purchase": "2019-01-13 14:04:00"}
