{"customer_id": "C5", "basket": [{"product_id": "P25", "price": 1818}, {"product_id": "P30", "price": 791}, {"product_id": "P32", "price": 597}], "date_of_purchase": "2018-12-03 15:23:00"}
{"customer_id": "C8", "basket": [{"product_id": "P23", "price": 813}, {"product_id": "P29", "price": 1067}, {"product_id": "P22", "price": 585}], "date_of_purchase": "2018-12-03 17:10:00"}
{"customer_id": "C16", "basket": [{"product_id": "P39", "price": 285}, {"product_id": "P39", "price": 1591}], "date_of_purchase": "2018-12-03 08:18:00"}
{"customer_id": "C18", "basket": [{"product_id": "P14", "price": 135}], "date_of_purchase": "2018-12-03 04:37:00"}
{"customer_id": "C21", "basket": [{"product_id": "P24", "price": 1636}, {"product_id": "P23", "price": 318}, {"product_id": "P25", "price": 1610}], "date_of_purchase": "2018-12-03 03:17:00"}
{"customer_id": "C25", "basket": [{"product_id": "P55", "price": 748}, {"product_id": "P54", "price": 612}, {"product_id": "P42", "price": 227}], "date_of_purchase": "2018-12-03 22:33:00"}
{"customer_id": "C27", "basket": [{"product_id": "P33", "price": 330}, {"product_id": "P27", "price": 1647}], "date_of_purchase": "2018-12-03 23:48:00"}
{"customer_id": "C32", "basket": [{"product_id": "P16", "price": 788}, {"product_id": "P19", "price": 446}], "date_of_purchase": "2018-12-03 05:10:00"}
{"customer_id": "C39", "basket": [{"product_id": "P30", "price": 513}, {"product_id": "P30", "price": 762}], "date_of_purchase": "2018-12-03 14:53:00"}
{"customer_id": "C42", "basket": [{"product_id": "P33", "price": 1717}], "date_of_purchase": "2018-12-03 15:30:00"}
{"customer_id": "C67", "basket": [{"product_id": "P31", "price": 1670}, {"product_id": "P33", "price": 88}], "date_of_purchase": "2018-12-03 06:12:00"}
{"customer_id": "C70", "basket": [{"product_id": "P41", "price": 1224}, {"product_id": "P41", "price": 1400}], "date_of_purchase": "2018-12-03 17:16:00"}
{"customer_id": "C89", "basket": [{"product_id": "P61", "price": 889}, {"product_id": "P63", "price": 74}, {"product_id": "P61", "price": 1245}], "date_of_purchase": "2018-12-03 11:32:00"}
{"customer_id": "C99", "basket": [{"product_id": "P32", "price": 531}], "date_of_purchase": "2018-12-03 16:12:00"}
{"customer_id": "C100", "basket": [{"product_id": "P12", "price": 511}, {"product_id": "P05", "price": 639}, {"product_id": "P12", "price": 1553}], "date_of_purchase": "2018-12-03 04:52:00"}
{"customer_id": "C101", "basket": [{"product_id": "P38", "price": 1410}, {"product_id": "P40", "price": 630}, {"product_id": "P39", "price": 248}], "date_of_purchase": "2018-12-03 14:24:00"}
{"customer_id": "C103", "basket": [{"product_id": "P33", "price": 604}, {"product_id": "P30", "price": 42}, {"product_id": "P22", "price": 539}], "date_of_purchase": "2018-12-03 02:51:00"}
{"customer_id": "C115", "basket": [{"product_id": "P53", "price": 1234}, {"product_id": "P54", "price": 325}], "date_of_purchase": "2018-12-03 21:58:00"}
{"customer_id": "C119", "basket": [{"product_id": "P18", "price": 1492}, {"product_id": "P19", "price": 1829}, {"product_id": "P15", "price": 1261}], "date_of_purchase": "2018-12-03 08:36:00"}
{"customer_id": "C122", "basket": [{"product_id": "P62", "price": 1941}, {"product_id": "P64", "price": 1921}, {"product_id": "P62", "price": 1751}], "date_of_purchase": "2018-12-03 11:59:00"}
{"customer_id": "C125", "basket": [{"product_id": "P29", "price": 275}, {"product_id": "P23", "price": 1565}], "date_of_purchase": "2018-12-03 07:10:00"}
{"customer_id": "C128", "basket": [{"product_id": "P01", "price": 745}, {"product_id": "P10", "price": 1758}, {"product_id": "P06", "price": 956}], "date_of_purchase": "2018-12-03 21:58:00"}
