{"customer_id": "C5", "basket": [{"product_id": "P22", "price": 1881}], "date_of_purchase": "2019-02-07 20:11:00"}
{"customer_id": "C8", "basket": [{"product_id": "P10", "price": 1726}, {"product_id": "P03", "price": 446}], "date_of_purchase": "2019-02-07 21:35:00"}
{"customer_id": "C9", "basket": [{"product_id": "P12", "price": 1170}, {"product_id": "P09", "price": 1420}, {"product_id": "P03", "price": 250}], "date_of_purchase": "2019-02-07 15:54:00"}
{"customer_id": "C17", "basket": [{"product_id": "P25", "price": 1190}, {"product_id": "P25", "price": 1864}], "date_of_purchase": "2019-02-07 08:32:00"}
{"customer_id": "C21", "basket": [{"product_id": "P34", "price": 1429}, {"product_id": "P32", "price": 1974}], "date_of_purchase": "2019-02-07 21:15:00"}
{"customer_id": "C32", "basket": [{"product_id": "P14", "price": 219}, {"product_id": "P13", "price": 1208}, {"product_id": "P14", "price": 1163}], "date_of_purchase": "2019-02-07 07:34:00"}
{"customer_id": "C36", "basket": [{"product_id": "P64", "price": 23}, {"product_id": "P62", "price": 512}, {"product_id": "P64", "price": 1489}], "date_of_purchase": "2019-02-07 08:59:00"}
{"customer_id": "C39", "basket": [{"product_id": "P41", "price": 76}, {"product_id": "P53", "price": 1080}], "date_of_purchase": "2019-02-07 12:26:00"}
{"customer_id": "C40", "basket": [{"product_id": "P44", "price": 1294}], "date_of_purchase": "2019-02-07 14:17:00"}
{"customer_id": "C41", "basket": [{"product_id": "P22", "price": 660}, {"product_id": "P24", "price": 1365}, {"product_id": "P28", "price": 878}], "date_of_purchase": "2019-02-07 18:24:00"}
{"customer_id": "C44", "basket": [{"product_id": "P52", "price": 1617}, {"product_id": "P58", "price": 1577}], "date_of_purchase": "2019-02-07 12:46:00"}
{"customer_id": "C47", "basket": [{"product_id": "P49", "price": 794}, {"product_id": "P49", "price": 930}, {"product_id": "P58", "price": 118}], "date_of_purchase": "2019-02-07 16:20:00"}
{"customer_id": "C48", "basket": [{"product_id": "P59", "price": 715}], "date_of_purchase": "2019-02-07 23:37:00"}
{"customer_id": "C58", "basket": [{"product_id": "P62", "price": 1637}, {"product_id": "P63", "price": 1101}, {"product_id": "P63", "price": 459}], "date_of_purchase": "2019-02-07 06:23:00"}
{"customer_id": "C63", "basket": [{"product_id": "P02", "price": 1979}, {"product_id": "P05", "price": 1659}, {"product_id": "P05", "price": 373}], "date_of_purchase": "2019-02-07 05:38:00"}
{"customer_id": "C71", "basket": [{"product_id": "P33", "price": 1056}, {"product_id": "P25", "price": 697}], "date_of_purchase": "2019-02-07 09:29:00"}
{"customer_id": "C93", "basket": [{"product_id": "P52", "price": 1981}, {"product_id": "P48", "price": 474}], "date_of_purchase": "2019-02-07 03:39:00"}
{"customer_id": "C105", "basket": [{"product_id": "P12", "price": 1337}], "date_of_purchase": "2019-02-07 19:30:00"}
{"customer_id": "C118", "basket": [{"product_id": "P33", "price": 601}, {"product_id": "P24", "price": 500}, {"product_id": "P28", "price": 1162}], "date_of_purchase": "2019-02-07 04:43:00"}
{"customer_id": "C120", "basket": [{"product_id": "P28", "price": 1270}, {"product_id": "P24", "price": 1422}, {"product_id": "P33", "price": 1221}], "date_of_purchase": "2019-02-07 10:06:00"}
{"customer_id": "C125", "basket": [{"product_id": "P62", "price": 927}], "date_of_purchase": "2019-02-07 22:38:00"}
