{"customer_id": "C8", "basket": [{"product_id": "P27", "price": 450}, {"product_id": "P25", "price": 299}], "date_of_purchase": "2018-12-17 08:23:00"}
{"customer_id": "C11", "basket": [{"product_id": "P37", "price": 1661}, {"product_id": "P38", "price": 933}, {"product_id": "P38", "price": 785}], "date_of_purchase": "2018-12-17 16:16:00"}
{"customer_id": "C16", "basket": [{"product_id": "P10", "price": 1262}, {"product_id": "P06", "price": 47}, {"product_id": "P11", "price": 1532}], "date_of_purchase": "2018-12-17 12:43:00"}
{"customer_id": "C21", "basket": [{"product_id": "P18", "price": 750}, {"product_id": "P14", "price": 355}], "date_of_purchase": "2018-12-17 10:58:00"}
{"customer_id": "C25", "basket": [{"product_id": "P12", "price": 1327}], "date_of_purchase": "2018-12-17 13:36:00"}
{"customer_id": "C28", "basket": [{"product_id": "P39", "price": 876}], "date_of_purchase": "2018-12-17 20:03:00"}
{"customer_id": "C31", "basket": [{"product_id": "P36", "price": 1914}, {"product_id": "P37", "price": 433}], "date_of_purchase": "2018-12-17 15:52:00"}
{"customer_id": "C37", "basket": [{"product_id": "P29", "price": 499}, {"product_id": "P32", "price": 414}], "date_of_purchase": "2018-12-17 10:05:00"}
{"customer_id": "C39", "basket": [{"product_id": "P29", "price": 573}], "date_of_purchase": "2018-12-17 04:31:00"}
{"customer_id": "C41", "basket": [{"product_id": "P11", "price": 1702}, {"product_id": "P11", "price": 1750}], "date_of_purchase": "2018-12-17 16:07:00"}
{"customer_id": "C44", "basket": [{"product_id": "P53", "price": 243}, {"product_id": "P48", "price": 1947}, {"product_id": "P42", "price": 1965}], "date_of_purchase": "2018-12-17 03:49:00"}
{"customer_id": "C50", "basket": [{"product_id": "P61", "price": 691}, {"product_id": "P61", "price": 705}, {"product_id": "P61", "price": 1143}], "date_of_purchase": "2018-12-17 05:04:00"}
{"customer_id": "C67", "basket": [{"product_id": "P38", "price": 1758}, {"product_id": "P39", "price": 1719}, {"product_id": "P40", "price": 267}], "date_of_purchase": "2018-12-17 10:45:00"}
{"customer_id": "C70", "basket": [{"product_id": "P41", "price": 23}, {"product_id": "P52", "price": 1788}], "date_of_purchase": "2018-12-17 07:13:00"}
{"customer_id": "C73", "basket": [{"product_id": "P43", "price": 835}], "date_of_purchase": "2018-12-17 22:25:00"}
{"customer_id": "C74", "basket": [{"product_id": "P18", "price": 1199}, {"product_id": "P13", "price": 1090}], "date_of_purchase": "2018-12-17 08:04:00"}
{"customer_id": "C80", "basket": [{"product_id": "P64", "price": 1739}, {"product_id": "P61", "price": 1691}, {"product_id": "P61", "price": 1876}], "date_of_purchase": "2018-12-17 20:06:00"}
{"customer_id": "C81", "basket": [{"product_id": "P56", "price": 611}, {"product_id": "P44", "price": 462}, {"product_id": "P50", "price": 1014}], "date_of_purchase": "2018-12-17 05:49:00"}
{"customer_id": "C82", "basket": [{"product_id": "P16", "price": 1293}, {"product_id": "P16", "price": 1015}], "date_of_purchase": "2018-12-17 13:14:00"}
{"customer_id": "C90", "basket": [{"product_id": "P64", "price": 489}], "date_of_purchase": "2018-12-17 06:19:00"}
{"customer_id": "C101", "basket": [{"product_id": "P09", "price": 1589}, {"product_id": "P11", "price": 1986}], "date_of_purchase": "2018-12-17 07:21:00"}
{"customer_id": "C104", "basket": [{"product_id": "P38", "price": 1602}, {"product_id": "P38", "price": 1571}], "date_of_purchase": "2018-12-17 14:23:00"}
{"customer_id": "C115", "basket": [{"product_id": "P45", "price": 1401}, {"product_id": "P47", "price": 110}], "date_of_purchase": "2018-12-17 05:01:00"}
{"customer_id": "C119", "basket": [{"product_id": "P11", "price": 1013}, {"product_id": "P09", "price": 583}], "date_of_purchase": "2018-12-17 09:05:00"}
{"customer_id": "C120", "basket": [{"product_id": "P31", "price": 1192}], "date_of_purchase": "2018-12-17 19:42:00"}
{"customer_id": "C121", "basket": [{"product_id": "P63", "price": 351}], "date_of_purchase": "2018-12-17 07:34:00"}
{"customer_id": "C124", "basket": [{"product_id": "P39", "price": 631}, {"product_id": "P36", "price": 261}, {"product_id": "P38", "price": 1391}], "date_of_purchase": "2018-12-17 22:51:00"}
{"customer_id": "C125", "basket": [{"product_id": "P61", "price": 1695}, {"product_id": "P62", "price": 1015}], "date_of_purchase": "2018-12-17 12:19:00"}
