{"customer_id": "C8", "basket": [{"product_id": "P45", "price": 640}, {"product_id": "P45", "price": 1685}], "date_of_purchase": "2018-12-24 08:11:00"}
{"customer_id": "C16", "basket": [{"product_id": "P58", "price": 1938}, {"product_id": "P46", "price": 1552}], "date_of_purchase": "2018-12-24 14:04:00"}
{"customer_id": "C19", "basket": [{"product_id": "P30", "price": 10}, {"product_id": "P22", "price": 1288}], "date_of_purchase": "2018-12-24 18:01:00"}
{"customer_id": "C28", "basket": [{"product_id": "P36", "price": 943}, {"product_id": "P39", "price": 902}, {"product_id": "P39", "price": 189}], "date_of_purchase": "2018-12-24 11:32:00"}
{"customer_id": "C36", "basket": [{"product_id": "P38", "price": 1920}], "date_of_purchase": "2018-12-24 09:18:00"}
{"customer_id": "C39", "basket": [{"product_id": "P56", "price": 909}], "date_of_purchase": "2018-12-24 05:50:00"}
{"customer_id": "C43", "basket": [{"product_id": "P57", "price": 1837}, {"product_id": "P60", "price": 1256}, {"product_id": "P57", "price": 624}], "date_of_purchase": "2018-12-24 12:10:00"}
{"customer_id": "C48", "basket": [{"product_id": "P49", "price": 1861}], "date_of_purchase": "2018-12-24 06:02:00"}
{"customer_id": "C71", "basket": [{"product_id": "P34", "price": 537}], "date_of_purchase": "2018-12-24 12:34:00"}
{"customer_id": "C80", "basket": [{"product_id": "P64", "price": 1872}], "date_of_purchase": "2018-12-24 16:53:00"}
{"customer_id": "C91", "basket": [{"product_id": "P31", "price": 1597}], "date_of_purchase": "2018-12-24 18:57:00"}
{"customer_id": "C95", "basket": [{"product_id": "P53", "price": 1959}, {"product_id": "P53", "price": 1561}], "date_of_purchase": "2018-12-24 05:33:00"}
{"customer_id": "C119", "basket": [{"product_id": "P39", "price": 1615}, {"product_id": "P35", "price": 1955}], "date_of_purchase": "2018-12-24 06:04:00"}
{"customer_id": "C125", "basket": [{"product_id": "P32", "price": 1396}, {"product_id": "P28", "price": 1737}], "date_of_purchase": "2018-12-24 14:00:00"}
{"customer_id": "C129", "basket": [{"product_id": "P32", "price": 970}], "date_of_purchase": "2018-12-24 18:15:00"}
{"customer_id": "C133", "basket": [{"product_id": "P64", "price": 463}, {"product_id": "P63", "price": 1598}, {"product_id": "P64", "price": 438}], "date_of_purchase": "2018-12-24 20:07:00"}
{"customer_id": "C135", "basket": [{"product_id": "P59", "price": 61}], "date_of_purchase": "2018-12-24 03:24:00"}
