{"customer_id": "C7", "basket": [{"product_id": "P37", "price": 489}], "date_of_purchase": "2019-01-10 23:02:00"}
{"customer_id": "C11", "basket": [{"product_id": "P36", "price": 1128}, {"product_id": "P35", "price": 1298}], "date_of_purchase": "2019-01-10 07:39:00"}
{"customer_id": "C15", "basket": [{"product_id": "P14", "price": 595}], "date_of_purchase": "2019-01-10 07:17:00"}
{"customer_id": "C19", "basket": [{"product_id": "P25", "price": 1512}, {"product_id": "P34", "price": 968}], "date_of_purchase": "2019-01-10 09:36:00"}
{"customer_id": "C29", "basket": [{"product_id": "P51", "price": 654}, {"product_id": "P44", "price": 1344}], "date_of_purchase": "2019-01-10 11:45:00"}
{"customer_id": "C33", "basket": [{"product_id": "P36", "price": 468}], "date_of_purchase": "2019-01-10 12:16:00"}
{"customer_id": "C35", "basket": [{"product_id": "P34", "price": 1469}, {"product_id": "P33", "price": 1101}, {"product_id": "P30", "price": 1018}], "date_of_purchase": "2019-01-10 07:48:00"}
{"customer_id": "C37", "basket": [{"product_id": "P01", "price": 129}], "date_of_purchase": "2019-01-10 12:25:00"}
{"customer_id": "C47", "basket": [{"product_id": "P30", "price": 35}], "date_of_purchase": "2019-01-10 07:53:00"}
{"customer_id": "C52", "basket": [{"product_id": "P56", "price": 772}, {"product_id": "P49", "price": 938}, {"product_id": "P60", "price": 162}], "date_of_purchase": "2019-01-10 03:20:00"}
{"customer_id": "C53", "basket": [{"product_id": "P24", "price": 751}, {"product_id": "P23", "price": 880}], "date_of_purchase": "2019-01-10 23:18:00"}
{"customer_id": "C55", "basket": [{"product_id": "P48", "price": 404}], "date_of_purchase": "2019-01-10 08:20:00"}
{"customer_id": "C59", "basket": [{"product_id": "P27", "price": 514}], "date_of_purchase": "2019-01-10 10:36:00"}
{"customer_id": "C67", "basket": [{"product_id": "P35", "price": 734}], "date_of_purchase": "2019-01-10 18:22:00"}
{"customer_id": "C78", "basket": [{"product_id": "P64", "price": 1436}], "date_of_purchase": "2019-01-10 08:59:00"}
{"customer_id": "C82", "basket": [{"product_id": "P35", "price": 1736}, {"product_id": "P35", "price": 1326}, {"product_id": "P38", "price": 1574}], "date_of_purchase": "2019-01-10 07:37:00"}
{"customer_id": "C92", "basket": [{"product_id": "P40", "price": 43}, {"product_id": "P38", "price": 1732}], "date_of_purchase": "2019-01-10 12:04:00"}
{"customer_id": "C98", "basket": [{"product_id": "P35", "price": 391}, {"product_id": "P37", "price": 358}, {"product_id": "P39", "price": 914}], "date_of_purchase": "2019-01-10 23:49:00"}
{"customer_id": "C104", "basket": [{"product_id": "P40", "price": 951}], "date_of_purchase": "2019-01-10 16:50:00"}
{"customer_id": "C106", "basket": [{"product_id": "P31", "price": 309}, {"product_id": "P30", "price": 470}], "date_of_purchase": "2019-01-10 10:53:00"}
{"customer_id": "C122", "basket": [{"product_id": "P61", "price": 1400}, {"product_id": "P61", "price": 633}], "date_of_purchase": "2019-01-10 07:02:00"}
{"customer_id": "C132", "basket": [{"product_id": "P30", "price": 5}, {"product_id": "P26", "price": 1755}], "date_of_purchase": "2019-01-10 07:27:00"}
{"customer_id": "C133", "basket": [{"product_id": "P36", "price": 1888}], "date_of_purchase": "2019-01-10 20:00:00"}
{"customer_id": "C135", "basket": [{"product_id": "P46", "price": 1454}], "date_of_purchase": "2019-01-10 13:14:00"}
