{"customer_id": "C10", "basket": [{"product_id": "P36", "price": 1841}, {"product_id": "P36", "price": 1435}, {"product_id": "P37", "price": 1443}], "date_of_purchase": "2018-12-20 12:27:00"}
{"customer_id": "C16", "basket": [{"product_id": "P32", "price": 436}], "date_of_purchase": "2018-12-20 05:48:00"}
{"customer_id": "C29", "basket": [{"product_id": "P50", "price": 482}, {"product_id": "P52", "price": 1160}], "date_of_purchase": "2018-12-20 12:54:00"}
{"customer_id": "C35", "basket": [{"product_id": "P25", "price": 1975}], "date_of_purchase": "2018-12-20 10:58:00"}
{"customer_id": "C39", "basket": [{"product_id": "P32", "price": 1930}, {"product_id": "P23", "price": 1296}], "date_of_purchase": "2018-12-20 17:39:00"}
{"customer_id": "C43", "basket": [{"product_id": "P54", "price": 1332}, {"product_id": "P41", "price": 1840}, {"product_id": "P55", "price": 143}], "date_of_purchase": "2018-12-20 10:41:00"}
{"customer_id": "C49", "basket": [{"product_id": "P26", "price": 948}, {"product_id": "P30", "price": 243}], "date_of_purchase": "2018-12-20 10:57:00"}
{"customer_id": "C50", "basket": [{"product_id": "P62", "price": 1325}, {"product_id": "P61", "price": 1808}], "date_of_purchase": "2018-12-20 16:41:00"}
{"customer_id": "C52", "basket": [{"product_id": "P06", "price": 756}], "date_of_purchase": "2018-12-20 10:14:00"}
{"customer_id": "C69", "basket": [{"product_id": "P61", "price": 352}, {"product_id": "P62", "price": 1434}, {"product_id": "P61", "price": 83}], "date_of_purchase": "2018-12-20 11:11:00"}
{"customer_id": "C72", "basket": [{"product_id": "P46", "price": 762}, {"product_id": "P43", "price": 1397}, {"product_id": "P41", "price": 1253}], "date_of_purchase": "2018-12-20 15:44:00"}
{"customer_id": "C76", "basket": [{"product_id": "P55", "price": 1264}, {"product_id": "P59", "price": 45}], "date_of_purchase": "2018-12-20 18:59:00"}
{"customer_id": "C77", "basket": [{"product_id": "P42", "price": 1344}], "date_of_purchase": "2018-12-20 03:49:00"}
{"customer_id": "C83", "basket": [{"product_id": "P64", "price": 841}], "date_of_purchase": "2018-12-20 16:06:00"}
{"customer_id": "C86", "basket": [{"product_id": "P27", "price": 362}], "date_of_purchase": "2018-12-20 17:50:00"}
{"customer_id": "C88", "basket": [{"product_id": "P28", "price": 1978}, {"product_id": "P33", "price": 1470}], "date_of_purchase": "2018-12-20 23:38:00"}
{"customer_id": "C90", "basket": [{"product_id": "P64", "price": 1933}], "date_of_purchase": "2018-12-20 14:42:00"}
{"customer_id": "C93", "basket": [{"product_id": "P51", "price": 1319}, {"product_id": "P57", "price": 424}], "date_of_purchase": "2018-12-20 12:18:00"}
{"customer_id": "C104", "basket": [{"product_id": "P37", "price": 1032}], "date_of_purchase": "2018-12-20 22:12:00"}
{"customer_id": "C105", "basket": [{"product_id": "P04", "price": 99}], "date_of_purchase": "2018-12-20 09:45:00"}
{"customer_id": "C110", "basket": [{"product_id": "P34", "price": 133}], "date_of_purchase": "2018-12-20 10:00:00"}
{"customer_id": "C115", "basket": [{"product_id": "P51", "price": 921}, {"product_id": "P54", "price": 929}], "date_of_purchase": "2018-12-20 11:21:00"}
{"customer_id": "C120", "basket": [{"product_id": "P26", "price": 674}, {"product_id": "P30", "price": 1999}, {"product_id": "P25", "price": 306}], "date_of_purchase": "2018-12-20 22:50:00"}
{"customer_id": "C130", "basket": [{"product_id": "P37", "price": 110}, {"product_id": "P40", "price": 1464}], "date_of_purchase": "2018-12-20 20:39:00"}
{"customer_id": "C132", "basket": [{"product_id": "P29", "price": 24}, {"product_id": "P31", "price": 1474}], "date_of_purchase": "2018-12-20 12:12:00"}
