{"customer_id": "C5", "basket": [{"product_id": "P37", "price": 1800}, {"product_id": "P37", "price": 332}], "date_of_purchase": "2019-02-14 22:40:00"}
{"customer_id": "C17", "basket": [{"product_id": "P40", "price": 839}, {"product_id": "P37", "price": 415}, {"product_id": "P37", "price": 360}], "date_of_purchase": "2019-02-14 19:48:00"}
{"customer_id": "C23", "basket": [{"product_id": "P56", "price": 1948}], "date_of_purchase": "2019-02-14 06:31:00"}
{"customer_id": "C25", "basket": [{"product_id": "P10", "price": 671}, {"product_id": "P01", "price": 1303}, {"product_id": "P11", "price": 504}], "date_of_purchase": "2019-02-14 23:53:00"}
{"customer_id": "C26", "basket": [{"product_id": "P45", "price": 1000}], "date_of_purchase": "2019-02-14 17:00:00"}
{"customer_id": "C27", "basket": [{"product_id": "P22", "price": 1492}, {"product_id": "P22", "price": 1628}, {"product_id": "P28", "price": 1198}], "date_of_purchase": "2019-02-14 07:07:00"}
{"customer_id": "C32", "basket": [{"product_id": "P31", "price": 1540}], "date_of_purchase": "2019-02-14 07:49:00"}
{"customer_id": "C42", "basket": [{"product_id": "P23", "price": 1405}, {"product_id": "P26", "price": 1168}, {"product_id": "P25", "price": 1891}], "date_of_purchase": "2019-02-14 13:59:00"}
{"customer_id": "C46", "basket": [{"product_id": "P25", "price": 1879}, {"product_id": "P25", "price": 1625}], "date_of_purchase": "2019-02-14 03:55:00"}
{"customer_id": "C48", "basket": [{"product_id": "P53", "price": 650}, {"product_id": "P46", "price": 1907}, {"product_id": "P51", "price": 1366}], "date_of_purchase": "2019-02-14 20:50:00"}
{"customer_id": "C59", "basket": [{"product_id": "P41", "price": 1365}], "date_of_purchase": "2019-02-14 06:33:00"}
{"customer_id": "C61", "basket": [{"product_id": "P23", "price": 921}], "date_of_purchase": "2019-02-14 13:53:00"}
{"customer_id": "C67", "basket": [{"product_id": "P35", "price": 1967}, {"product_id": "P37", "price": 117}, {"product_id": "P38", "price": 614}], "date_of_purchase": "2019-02-14 05:03:00"}
{"customer_id": "C70", "basket": [{"product_id": "P12", "price": 1836}], "date_of_purchase": "2019-02-14 23:29:00"}
{"customer_id": "C78", "basket": [{"product_id": "P63", "price": 418}, {"product_id": "P62", "price": 1968}], "date_of_purchase": "2019-02-14 08:31:00"}
{"customer_id": "C80", "basket": [{"product_id": "P63", "price": 504}, {"product_id": "P62", "price": 415}], "date_of_purchase": "2019-02-14 03:08:00"}
{"customer_id": "C81", "basket": [{"product_id": "P57", "price": 1067}, {"product_id": "P50", "price": 221}, {"product_id": "P57", "price": 649}], "date_of_purchase": "2019-02-14 14:51:00"}
{"customer_id": "C84", "basket": [{"product_id": "P40", "price": 1452}], "date_of_purchase": "2019-02-14 07:38:00"}
{"customer_id": "C85", "basket": [{"product_id": "P37", "price": 858}], "date_of_purchase": "2019-02-14 19:58:00"}
{"customer_id": "C86", "basket": [{"product_id": "P37", "price": 1457}], "date_of_purchase": "2019-02-14 14:02:00"}
{"customer_id": "C87", "basket": [{"product_id": "P62", "price": 198}], "date_of_purchase": "2019-02-14 22:20:00"}
{"customer_id": "C88", "basket": [{"product_id": "P23", "price": 1861}], "date_of_purchase": "2019-02-14 23:50:00"}
{"customer_id": "C92", "basket": [{"product_id": "P42", "price": 1858}, {"product_id": "P59", "price": 1773}, {"product_id": "P50", "price": 149}], "date_of_purchase": "2019-02-14 16:28:00"}
{"customer_id": "C96", "basket": [{"product_id": "P31", "price": 1863}], "date_of_purchase": "2019-02-14 03:06:00"}
{"customer_id": "C101", "basket": [{"product_id": "P09", "price": 39}, {"product_id": "P03", "price": 36}], "date_of_purchase": "2019-02-14 22:01:00"}
{"customer_id": "C105", "basket": [{"product_id": "P11", "price": 1214}], "date_of_purchase": "2019-02-14 22:56:00"}
{"customer_id": "C106", "basket": [{"product_id": "P23", "price": 1242}, {"product_id": "P31", "price": 516}, {"product_id": "P26", "price": 1447}], "date_of_purchase": "2019-02-14 06:38:00"}
{"customer_id": "C122", "basket": [{"product_id": "P62", "price": 427}], "date_of_purchase": "2019-02-14 13:37:00"}
{"customer_id": "C123", "basket": [{"product_id": "P55", "price": 1555}, {"product_id": "P47", "price": 348}], "date_of_purchase": "2019-02-14 11:45:00"}
{"customer_id": "C125", "basket": [{"product_id": "P61", "price": 1538}], "date_of_purchase": "2019-02-14 23:12:00"}
