{"customer_id": "C2", "basket": [{"product_id": "P12", "price": 496}], "date_of_purchase": "2019-02-13 11:08:00"}
{"customer_id": "C5", "basket": [{"product_id": "P37", "price": 499}, {"product_id": "P39", "price": 1308}], "date_of_purchase": "2019-02-13 06:22:00"}
{"customer_id": "C6", "basket": [{"product_id": "P42", "price": 1003}], "date_of_purchase": "2019-02-13 16:12:00"}
{"customer_id": "C15", "basket": [{"product_id": "P16", "price": 1860}], "date_of_purchase": "2019-02-13 11:36:00"}
{"customer_id": "C16", "basket": [{"product_id": "P37", "price": 808}, {"product_id": "P36", "price": 714}], "date_of_purchase": "2019-02-13 12:29:00"}
{"customer_id": "C24", "basket": [{"product_id": "P29", "price": 912}, {"product_id": "P30", "price": 525}, {"product_id": "P23", "price": 1270}], "date_of_purchase": "2019-02-13 19:32:00"}
{"customer_id": "C29", "basket": [{"product_id": "P49", "price": 1965}, {"product_id": "P51", "price": 1776}], "date_of_purchase": "2019-02-13 21:58:00"}
{"customer_id": "C35", "basket": [{"product_id": "P34", "price": 1393}, {"product_id": "P23", "price": 1857}, {"product_id": "P22", "price": 1376}], "date_of_purchase": "2019-02-13 18:36:00"}
{"customer_id": "C48", "basket": [{"product_id": "P56", "price": 626}, {"product_id": "P46", "price": 1850}], "date_of_purchase": "2019-02-13 23:18:00"}
{"customer_id": "C55", "basket": [{"product_id": "P50", "price": 477}, {"product_id": "P55", "price": 1823}], "date_of_purchase": "2019-02-13 21:21:00"}
{"customer_id": "C62", "basket": [{"product_id": "P13", "price": 1359}, {"product_id": "P19", "price": 440}], "date_of_purchase": "2019-02-13 15:50:00"}
{"customer_id": "C72", "basket": [{"product_id": "P63", "price": 1977}, {"product_id": "P62", "price": 577}, {"product_id": "P62", "price": 145}], "date_of_purchase": "2019-02-13 11:37:00"}
{"customer_id": "C74", "basket": [{"product_id": "P14", "price": 673}, {"product_id": "P15", "price": 1458}, {"product_id": "P16", "price": 1578}], "date_of_purchase": "2019-02-13 17:07:00"}
{"customer_id": "C79", "basket": [{"product_id": "P56", "price": 1345}, {"product_id": "P51", "price": 715}], "date_of_purchase": "2019-02-13 04:14:00"}
{"customer_id": "C80", "basket": [{"product_id": "P62", "price": 334}, {"product_id": "P62", "price": 332}, {"product_id": "P63", "price": 1164}], "date_of_purchase": "2019-02-13 18:38:00"}
{"customer_id": "C84", "basket": [{"product_id": "P27", "price": 932}], "date_of_purchase": "2019-02-13 15:17:00"}
{"customer_id": "C89", "basket": [{"product_id": "P20", "price": 1799}, {"product_id": "P19", "price": 1108}], "date_of_purchase": "2019-02-13 22:52:00"}
{"customer_id": "C93", "basket": [{"product_id": "P42", "price": 1422}], "date_of_purchase": "2019-02-13 12:12:00"}
{"customer_id": "C94", "basket": [{"product_id": "P43", "price": 158}, {"product_id": "P47", "price": 1196}, {"product_id": "P44", "price": 1398}], "date_of_purchase": "2019-02-13 17:03:00"}
{"customer_id": "C103", "basket": [{"product_id": "P61", "price": 1532}, {"product_id": "P62", "price": 1480}], "date_of_purchase": "2019-02-13 23:23:00"}
{"customer_id": "C109", "basket": [{"product_id": "P26", "price": 1270}, {"product_id": "P30", "price": 620}], "date_of_purchase": "2019-02-13 11:09:00"}
{"customer_id": "C125", "basket": [{"product_id": "P28", "price": 465}, {"product_id": "P24", "price": 93}, {"product_id": "P25", "price": 990}], "date_of_purchase": "2019-02-13 06:57:00"}
{"customer_id": "C129", "basket": [{"product_id": "P25", "price": 571}], "date_of_purchase": "2019-02-13 21:10:00"}
{"customer_id": "C135", "basket": [{"product_id": "P42", "price": 1516}, {"product_id": "P49", "price": 1040}], "date_of_purchase": "2019-02-13 15:23:00"}
