{"customer_id": "C2", "basket": [{"product_id": "P44", "price": 1645}], "date_of_purchase": "2019-01-18 20:11:00"}
{"customer_id": "C5", "basket": [{"product_id": "P53", "price": 220}, {"product_id": "P58", "price": 1263}], "date_of_purchase": "2019-01-18 13:30:00"}
{"customer_id": "C11", "basket": [{"product_id": "P37", "price": 561}], "date_of_purchase": "2019-01-18 22:27:00"}
{"customer_id": "C25", "basket": [{"product_id": "P10", "price": 1738}], "date_of_purchase": "2019-01-18 21:07:00"}
{"customer_id": "C37", "basket": [{"product_id": "P23", "price": 692}, {"product_id": "P26", "price": 434}, {"product_id": "P23", "price": 881}], "date_of_purchase": "2019-01-18 11:01:00"}
{"customer_id": "C38", "basket": [{"product_id": "P29", "price": 1838}, {"product_id": "P24", "price": 392}, {"product_id": "P27", "price": 1692}], "date_of_purchase": "2019-01-18 14:51:00"}
{"customer_id": "C39", "basket": [{"product_id": "P46", "price": 786}, {"product_id": "P59", "price": 1300}, {"product_id": "P41", "price": 740}], "date_of_purchase": "2019-01-18 03:15:00"}
{"customer_id": "C55", "basket": [{"product_id": "P46", "price": 1022}, {"product_id": "P57", "price": 1060}], "date_of_purchase": "2019-01-18 08:55:00"}
{"customer_id": "C57", "basket": [{"product_id": "P24", "price": 1100}, {"product_id": "P29", "price": 1442}, {"product_id": "P34", "price": 1215}], "date_of_purchase": "2019-01-18 07:42:00"}
{"customer_id": "C59", "basket": [{"product_id": "P41", "price": 132}], "date_of_purchase": "2019-01-18 16:31:00"}
{"customer_id": "C65", "basket": [{"product_id": "P26", "price": 865}, {"product_id": "P25", "price": 533}], "date_of_purchase": "2019-01-18 05:04:00"}
{"customer_id": "C80", "basket": [{"product_id": "P61", "price": 1644}, {"product_id": "P61", "price": 1959}, {"product_id": "P64", "price": 127}], "date_of_purchase": "2019-01-18 22:21:00"}
{"customer_id": "C87", "basket": [{"product_id": "P61", "price": 305}, {"product_id": "P63", "price": 666}, {"product_id": "P63", "price": 278}], "date_of_purchase": "2019-01-18 17:21:00"}
{"customer_id": "C101", "basket": [{"product_id": "P39", "price": 749}], "date_of_purchase": "2019-01-18 03:47:00"}
{"customer_id": "C105", "basket": [{"product_id": "P12", "price": 1480}], "date_of_purchase": "2019-01-18 12:06:00"}
{"customer_id": "C114", "basket": [{"product_id": "P28", "price": 1312}, {"product_id": "P25", "price": 1155}], "date_of_purchase": "2019-01-18 12:14:00"}
{"customer_id": "C118", "basket": [{"product_id": "P31", "price": 1054}, {"product_id": "P34", "price": 992}, {"product_id": "P28", "price": 1327}], "date_of_purchase": "2019-01-18 03:42:00"}
{"customer_id": "C120", "basket": [{"product_id": "P29", "price": 518}, {"product_id": "P34", "price": 1195}], "date_of_purchase": "2019-01-18 05:20:00"}
{"customer_id": "C121", "basket": [{"product_id": "P35", "price": 1685}, {"product_id": "P36", "price": 92}, {"product_id": "P35", "price": 1076}], "date_of_purchase": "2019-01-18 05:39:00"}
{"customer_id": "C128", "basket": [{"product_id": "P06", "price": 572}, {"product_id": "P08", "price": 1900}, {"product_id": "P03", "price": 1288}], "date_of_purchase": "2019-01-18 05:51:00"}
{"customer_id": "C132", "basket": [{"product_id": "P53", "price": 298}, {"product_id": "P49", "price": 1953}], "date_of_purchase": "2019-01-18 20:59:00"}
{"customer_id": "C135", "basket": [{"product_id": "P45", "price": 1776}, {"product_id": "P46", "price": 3}, {"product_id": "P45", "price": 1354}], "date_of_purchase": "2019-01-18 20:18:00"}
{"customer_id": "C137", "basket": [{"product_id": "P03", "price": 710}, {"product_id": "P02", "price": 1968}, {"product_id": "P05", "price": 1077}], "date_of_purchase": "2019-01-18 10:22:00"}
