{"customer_id": "C8", "basket": [{"product_id": "P54", "price": 47}], "date_of_purchase": "2018-12-04 10:56:00"}
{"customer_id": "C13", "basket": [{"product_id": "P16", "price": 1234}, {"product_id": "P19", "price": 540}], "date_of_purchase": "2018-12-04 23:02:00"}
{"customer_id": "C18", "basket": [{"product_id": "P14", "price": 1037}, {"product_id": "P19", "price": 853}, {"product_id": "P13", "price": 732}], "date_of_purchase": "2018-12-04 04:26:00"}
{"customer_id": "C23", "basket": [{"product_id": "P53", "price": 1837}], "date_of_purchase": "2018-12-04 18:53:00"}
{"customer_id": "C29", "basket": [{"product_id": "P52", "price": 388}, {"product_id": "P50", "price": 582}], "date_of_purchase": "2018-12-04 12:58:00"}
{"customer_id": "C31", "basket": [{"product_id": "P56", "price": 170}], "date_of_purchase": "2018-12-04 16:44:00"}
{"customer_id": "C47", "basket": [{"product_id": "P39", "price": 708}, {"product_id": "P40", "price": 997}, {"product_id": "P35", "price": 1901}], "date_of_purchase": "2018-12-04 17:49:00"}
{"customer_id": "C48", "basket": [{"product_id": "P36", "price": 941}], "date_of_purchase": "2018-12-04 12:42:00"}
{"customer_id": "C50", "basket": [{"product_id": "P62", "price": 1104}], "date_of_purchase": "2018-12-04 22:21:00"}
{"customer_id": "C63", "basket": [{"product_id": "P36", "price": 24}, {"product_id": "P37", "price": 934}], "date_of_purchase": "2018-12-04 12:11:00"}
{"customer_id": "C67", "basket": [{"product_id": "P26", "price": 1065}, {"product_id": "P34", "price": 444}], "date_of_purchase": "2018-12-04 17:35:00"}
{"customer_id": "C71", "basket": [{"product_id": "P27", "price": 850}, {"product_id": "P33", "price": 1489}], "date_of_purchase": "2018-12-04 09:12:00"}
{"customer_id": "C72", "basket": [{"product_id": "P29", "price": 1109}], "date_of_purchase": "2018-12-04 17:54:00"}
{"customer_id": "C74", "basket": [{"product_id": "P15", "price": 619}], "date_of_purchase": "2018-12-04 07:44:00"}
{"customer_id": "C82", "basket": [{"product_id": "P13", "price": 1095}], "date_of_purchase": "2018-12-04 19:23:00"}
{"customer_id": "C83", "basket": [{"product_id": "P38", "price": 618}], "date_of_purchase": "2018-12-04 07:37:00"}
{"customer_id": "C100", "basket": [{"product_id": "P39", "price": 554}], "date_of_purchase": "2018-12-04 10:41:00"}
{"customer_id": "C105", "basket": [{"product_id": "P07", "price": 634}, {"product_id": "P01", "price": 458}, {"product_id": "P11", "price": 205}], "date_of_purchase": "2018-12-04 18:19:00"}
{"customer_id": "C106", "basket": [{"product_id": "P34", "price": 1238}, {"product_id": "P27", "price": 1567}], "date_of_purchase": "2018-12-04 20:54:00"}
{"customer_id": "C112", "basket": [{"product_id": "P36", "price": 1707}], "date_of_purchase": "2018-12-04 19:00:00"}
{"customer_id": "C120", "basket": [{"product_id": "P25", "price": 1176}, {"product_id": "P33", "price": 455}, {"product_id": "P28", "price": 711}], "date_of_purchase": "2018-12-04 08:17:00"}
{"customer_id": "C123", "basket": [{"product_id": "P43", "price": 1001}, {"product_id": "P43", "price": 1563}], "date_of_purchase": "2018-12-04 17:57:00"}
{"customer_id": "C135", "basket": [{"product_id": "P59", "price": 50}], "date_of_purchase": "2018-12-04 12:17:00"}
