{"customer_id": "C5", "basket": [{"product_id": "P31", "price": 1118}], "date_of_purchase": "2018-12-10 12:48:00"}
{"customer_id": "C11", "basket": [{"product_id": "P61", "price": 1242}, {"product_id": "P61", "price": 41}], "date_of_purchase": "2018-12-10 09:58:00"}
{"customer_id": "C14", "basket": [{"product_id": "P31", "price": 1265}, {"product_id": "P31", "price": 792}], "date_of_purchase": "2018-12-10 06:51:00"}
{"customer_id": "C16", "basket": [{"product_id": "P59", "price": 1180}, {"product_id": "P41", "price": 576}], "date_of_purchase": "2018-12-10 07:30:00"}
{"customer_id": "C26", "basket": [{"product_id": "P36", "price": 374}, {"product_id": "P39", "price": 680}], "date_of_purchase": "2018-12-10 05:45:00"}
{"customer_id": "C30", "basket": [{"product_id": "P28", "price": 779}], "date_of_purchase": "2018-12-10 21:18:00"}
{"customer_id": "C32", "basket": [{"product_id": "P02", "price": 155}], "date_of_purchase": "2018-12-10 10:44:00"}
{"customer_id": "C33", "basket": [{"product_id": "P38", "price": 756}, {"product_id": "P38", "price": 1204}, {"product_id": "P36", "price": 1763}], "date_of_purchase": "2018-12-10 04:32:00"}
{"customer_id": "C35", "basket": [{"product_id": "P24", "price": 696}, {"product_id": "P32", "price": 1787}, {"product_id": "P28", "price": 1639}], "date_of_purchase": "2018-12-10 19:16:00"}
{"customer_id": "C39", "basket": [{"product_id": "P02", "price": 1777}, {"product_id": "P02", "price": 463}, {"product_id": "P02", "price": 1139}], "date_of_purchase": "2018-12-10 08:36:00"}
{"customer_id": "C47", "basket": [{"product_id": "P57", "price": 640}], "date_of_purchase": "2018-12-10 05:43:00"}
{"customer_id": "C50", "basket": [{"product_id": "P62", "price": 996}], "date_of_purchase": "2018-12-10 09:48:00"}
{"customer_id": "C51", "basket": [{"product_id": "P30", "price": 1489}, {"product_id": "P23", "price": 608}, {"product_id": "P26", "price": 181}], "date_of_purchase": "2018-12-10 13:32:00"}
{"customer_id": "C52", "basket": [{"product_id": "P09", "price": 1757}], "date_of_purchase": "2018-12-10 14:38:00"}
{"customer_id": "C80", "basket": [{"product_id": "P64", "price": 899}], "date_of_purchase": "2018-12-10 10:04:00"}
{"customer_id": "C82", "basket": [{"product_id": "P40", "price": 1459}, {"product_id": "P35", "price": 703}, {"product_id": "P39", "price": 1074}], "date_of_purchase": "2018-12-10 10:13:00"}
{"customer_id": "C85", "basket": [{"product_id": "P64", "price": 886}, {"product_id": "P63", "price": 959}, {"product_id": "P63", "price": 44}], "date_of_purchase": "2018-12-10 15:24:00"}
{"customer_id": "C106", "basket": [{"product_id": "P23", "price": 169}, {"product_id": "P32", "price": 1319}, {"product_id": "P22", "price": 921}], "date_of_purchase": "2018-12-10 03:57:00"}
{"customer_id": "C110", "basket": [{"product_id": "P37", "price": 485}, {"product_id": "P35", "price": 1809}], "date_of_purchase": "2018-12-10 07:28:00"}
{"customer_id": "C114", "basket": [{"product_id": "P24", "price": 1946}, {"product_id": "P25", "price": 1856}], "date_of_purchase": "2018-12-10 07:45:00"}
