{"customer_id": "C15", "basket": [{"product_id": "P14", "price": 707}, {"product_id": "P21", "price": 1985}], "date_of_purchase": "2019-01-20 08:15:00"}
{"customer_id": "C21", "basket": [{"product_id": "P13", "price": 919}], "date_of_purchase": "2019-01-20 05:45:00"}
{"customer_id": "C24", "basket": [{"product_id": "P28", "price": 67}, {"product_id": "P30", "price": 1149}, {"product_id": "P31", "price": 1906}], "date_of_purchase": "2019-01-20 05:21:00"}
{"customer_id": "C26", "basket": [{"product_id": "P46", "price": 217}], "date_of_purchase": "2019-01-20 12:14:00"}
{"customer_id": "C44", "basket": [{"product_id": "P45", "price": 190}, {"product_id": "P52", "price": 78}, {"product_id": "P59", "price": 1687}], "date_of_purchase": "2019-01-20 05:46:00"}
{"customer_id": "C46", "basket": [{"product_id": "P22", "price": 1372}, {"product_id": "P34", "price": 1303}, {"product_id": "P27", "price": 310}], "date_of_purchase": "2019-01-20 22:01:00"}
{"customer_id": "C52", "basket": [{"product_id": "P44", "price": 1852}], "date_of_purchase": "2019-01-20 17:35:00"}
{"customer_id": "C64", "basket": [{"product_id": "P25", "price": 116}, {"product_id": "P28", "price": 145}], "date_of_purchase": "2019-01-20 18:51:00"}
{"customer_id": "C68", "basket": [{"product_id": "P57", "price": 756}, {"product_id": "P59", "price": 320}, {"product_id": "P43", "price": 1986}], "date_of_purchase": "2019-01-20 10:22:00"}
{"customer_id": "C70", "basket": [{"product_id": "P10", "price": 426}], "date_of_purchase": "2019-01-20 15:17:00"}
{"customer_id": "C72", "basket": [{"product_id": "P62", "price": 1883}, {"product_id": "P61", "price": 1830}], "date_of_purchase": "2019-01-20 17:16:00"}
{"customer_id": "C77", "basket": [{"product_id": "P54", "price": 298}, {"product_id": "P55", "price": 1533}, {"product_id": "P41", "price": 1538}], "date_of_purchase": "2019-01-20 18:01:00"}
{"customer_id": "C80", "basket": [{"product_id": "P61", "price": 1045}], "date_of_purchase": "2019-01-20 10:03:00"}
{"customer_id": "C81", "basket": [{"product_id": "P50", "price": 1767}], "date_of_purchase": "2019-01-20 06:53:00"}
{"customer_id": "C92", "basket": [{"product_id": "P58", "price": 1806}], "date_of_purchase": "2019-01-20 18:11:00"}
{"customer_id": "C94", "basket": [{"product_id": "P58", "price": 1231}], "date_of_purchase": "2019-01-20 05:22:00"}
{"customer_id": "C97", "basket": [{"product_id": "P60", "price": 1305}, {"product_id": "P41", "price": 1394}], "date_of_purchase": "2019-01-20 17:58:00"}
{"customer_id": "C103", "basket": [{"product_id": "P46", "price": 1109}], "date_of_purchase": "2019-01-20 17:36:00"}
{"customer_id": "C122", "basket": [{"product_id": "P61", "price": 1264}, {"product_id": "P63", "price": 1631}, {"product_id": "P63", "price": 878}], "date_of_purchase": "2019-01-20 22:45:00"}
{"customer_id": "C124", "basket": [{"product_id": "P35", "price": 370}, {"product_id": "P40", "price": 964}, {"product_id": "P40", "price": 91}], "date_of_purchase": "2019-01-20 09:43:00"}
{"customer_id": "C129", "basket": [{"product_id": "P28", "price": 1692}, {"product_id": "P29", "price": 1790}, {"product_id": "P30", "price": 594}], "date_of_purchase": "2019-01-20 23:30:00"}
{"customer_id": "C133", "basket": [{"product_id": "P63", "price": 1132}, {"product_id": "P64", "price": 1713}, {"product_id": "P63", "price": 751}], "date_of_purchase": "2019-01-20 22:45:00"}
