{"customer_id": "C7", "basket": [{"product_id": "P39", "price": 1612}, {"product_id": "P37", "price": 1135}], "date_of_purchase": "2019-02-06 15:33:00"}
{"customer_id": "C11", "basket": [{"product_id": "P38", "price": 1366}, {"product_id": "P35", "price": 319}], "date_of_purchase": "2019-02-06 08:50:00"}
{"customer_id": "C14", "basket": [{"product_id": "P23", "price": 604}, {"product_id": "P22", "price": 98}, {"product_id": "P32", "price": 1196}], "date_of_purchase": "2019-02-06 16:16:00"}
{"customer_id": "C21", "basket": [{"product_id": "P23", "price": 1920}, {"product_id": "P33", "price": 1082}], "date_of_purchase": "2019-02-06 04:37:00"}
{"customer_id": "C26", "basket": [{"product_id": "P02", "price": 1282}, {"product_id": "P06", "price": 646}], "date_of_purchase": "2019-02-06 17:47:00"}
{"customer_id": "C38", "basket": [{"product_id": "P63", "price": 1166}, {"product_id": "P63", "price": 223}], "date_of_purchase": "2019-02-06 18:39:00"}
{"customer_id": "C39", "basket": [{"product_id": "P11", "price": 879}], "date_of_purchase": "2019-02-06 15:39:00"}
{"customer_id": "C41", "basket": [{"product_id": "P33", "price": 143}], "date_of_purchase": "2019-02-06 13:04:00"}
{"customer_id": "C50", "basket": [{"product_id": "P63", "price": 1589}, {"product_id": "P63", "price": 1938}], "date_of_purchase": "2019-02-06 16:15:00"}
{"customer_id": "C61", "basket": [{"product_id": "P13", "price": 1666}, {"product_id": "P21", "price": 1707}], "date_of_purchase": "2019-02-06 16:28:00"}
{"customer_id": "C64", "basket": [{"product_id": "P63", "price": 1017}, {"product_id": "P61", "price": 246}, {"product_id": "P63", "price": 832}], "date_of_purchase": "2019-02-06 06:35:00"}
{"customer_id": "C66", "basket": [{"product_id": "P45", "price": 1262}], "date_of_purchase": "2019-02-06 19:10:00"}
{"customer_id": "C82", "basket": [{"product_id": "P40", "price": 1038}, {"product_id": "P38", "price": 1936}], "date_of_purchase": "2019-02-06 18:35:00"}
{"customer_id": "C83", "basket": [{"product_id": "P35", "price": 1146}, {"product_id": "P38", "price": 174}], "date_of_purchase": "2019-02-06 12:05:00"}
{"customer_id": "C84", "basket": [{"product_id": "P23", "price": 887}, {"product_id": "P22", "price": 5}, {"product_id": "P32", "price": 726}], "date_of_purchase": "2019-02-06 21:21:00"}
{"customer_id": "C89", "basket": [{"product_id": "P34", "price": 1398}], "date_of_purchase": "2019-02-06 09:08:00"}
{"customer_id": "C92", "basket": [{"product_id": "P38", "price": 468}, {"product_id": "P37", "price": 424}, {"product_id": "P38", "price": 1055}], "date_of_purchase": "2019-02-06 08:42:00"}
{"customer_id": "C95", "basket": [{"product_id": "P55", "price": 1953}], "date_of_purchase": "2019-02-06 05:56:00"}
{"customer_id": "C104", "basket": [{"product_id": "P35", "price": 1327}, {"product_id": "P37", "price": 973}, {"product_id": "P37", "price": 487}], "date_of_purchase": "2019-02-06 10:35:00"}
{"customer_id": "C105", "basket": [{"product_id": "P10", "price": 896}, {"product_id": "P06", "price": 1555}], "date_of_purchase": "2019-02-06 15:13:00"}
{"customer_id": "C106", "basket": [{"product_id": "P24", "price": 935}, {"product_id": "P24", "price": 991}], "date_of_purchase": "2019-02-06 14:28:00"}
{"customer_id": "C124", "basket": [{"product_id": "P40", "price": 989}], "date_of_purchase": "2019-02-06 21:14:00"}
{"customer_id": "C126", "basket": [{"product_id": "P09", "price": 1393}, {"product_id": "P10", "price": 947}], "date_of_purchase": "2019-02-06 13:44:00"}
{"customer_id": "C133", "basket": [{"product_id": "P35", "price": 1149}], "date_of_purchase": "2019-02-06 10:43:00"}
