{"customer_id": "C1", "basket": [{"product_id": "P64", "price": 1842}], "date_of_purchase": "2019-02-19 08:31:00"}
{"customer_id": "C14", "basket": [{"product_id": "P34", "price": 1655}, {"product_id": "P32", "price": 1876}, {"product_id": "P33", "price": 1836}], "date_of_purchase": "2019-02-19 21:26:00"}
{"customer_id": "C24", "basket": [{"product_id": "P23", "price": 1081}, {"product_id": "P23", "price": 1977}], "date_of_purchase": "2019-02-19 16:28:00"}
{"customer_id": "C34", "basket": [{"product_id": "P50", "price": 898}], "date_of_purchase": "2019-02-19 10:49:00"}
{"customer_id": "C47", "basket": [{"product_id": "P31", "price": 1635}, {"product_id": "P26", "price": 1904}, {"product_id": "P30", "price": 1988}], "date_of_purchase": "2019-02-19 12:48:00"}
{"customer_id": "C50", "basket": [{"product_id": "P61", "price": 186}, {"product_id": "P63", "price": 608}, {"product_id": "P62", "price": 833}], "date_of_purchase": "2019-02-19 19:49:00"}
{"customer_id": "C55", "basket": [{"product_id": "P48", "price": 1249}], "date_of_purchase": "2019-02-19 19:06:00"}
{"customer_id": "C57", "basket": [{"product_id": "P26", "price": 507}, {"product_id": "P34", "price": 574}, {"product_id": "P34", "price": 1896}], "date_of_purchase": "2019-02-19 19:34:00"}
{"customer_id": "C58", "basket": [{"product_id": "P63", "price": 1626}], "date_of_purchase": "2019-02-19 15:30:00"}
{"customer_id": "C60", "basket": [{"product_id": "P36", "price": 707}], "date_of_purchase": "2019-02-19 04:04:00"}
{"customer_id": "C63", "basket": [{"product_id": "P28", "price": 1118}, {"product_id": "P24", "price": 1628}, {"product_id": "P33", "price": 1077}], "date_of_purchase": "2019-02-19 21:31:00"}
{"customer_id": "C74", "basket": [{"product_id": "P16", "price": 17}, {"product_id": "P20", "price": 1052}], "date_of_purchase": "2019-02-19 13:55:00"}
{"customer_id": "C77", "basket": [{"product_id": "P42", "price": 1288}], "date_of_purchase": "2019-02-19 11:33:00"}
{"customer_id": "C78", "basket": [{"product_id": "P63", "price": 820}], "date_of_purchase": "2019-02-19 19:26:00"}
{"customer_id": "C85", "basket": [{"product_id": "P37", "price": 1707}], "date_of_purchase": "2019-02-19 20:00:00"}
{"customer_id": "C89", "basket": [{"product_id": "P04", "price": 1352}, {"product_id": "P04", "price": 1395}], "date_of_purchase": "2019-02-19 03:01:00"}
{"customer_id": "C91", "basket": [{"product_id": "P08", "price": 1217}, {"product_id": "P12", "price": 841}], "date_of_purchase": "2019-02-19 03:57:00"}
{"customer_id": "C96", "basket": [{"product_id": "P16", "price": 745}], "date_of_purchase": "2019-02-19 22:12:00"}
{"customer_id": "C117", "basket": [{"product_id": "P42", "price": 190}, {"product_id": "P58", "price": 353}], "date_of_purchase": "2019-02-19 03:49:00"}
{"customer_id": "C123", "basket": [{"product_id": "P62", "price": 945}, {"product_id": "P64", "price": 1622}, {"product_id": "P61", "price": 1002}], "date_of_purchase": "2019-02-19 17:18:00"}
