{"customer_id": "C2", "basket": [{"product_id": "P56", "price": 563}, {"product_id": "P50", "price": 995}, {"product_id": "P55", "price": 164}], "date_of_purchase": "2018-12-05 17:41:00"}
{"customer_id": "C8", "basket": [{"product_id": "P04", "price": 490}, {"product_id": "P06", "price": 1658}, {"product_id": "P10", "price": 608}], "date_of_purchase": "2018-12-05 11:48:00"}
{"customer_id": "C11", "basket": [{"product_id": "P39", "price": 1960}], "date_of_purchase": "2018-12-05 07:11:00"}
{"customer_id": "C12", "basket": [{"product_id": "P35", "price": 117}, {"product_id": "P40", "price": 1531}, {"product_id": "P37", "price": 948}], "date_of_purchase": "2018-12-05 10:14:00"}
{"customer_id": "C13", "basket": [{"product_id": "P21", "price": 1892}, {"product_id": "P21", "price": 1114}, {"product_id": "P14", "price": 2}], "date_of_purchase": "2018-12-05 15:08:00"}
{"customer_id": "C14", "basket": [{"product_id": "P32", "price": 148}, {"product_id": "P26", "price": 311}, {"product_id": "P27", "price": 346}], "date_of_purchase": "2018-12-05 10:21:00"}
{"customer_id": "C18", "basket": [{"product_id": "P48", "price": 632}, {"product_id": "P46", "price": 1366}, {"product_id": "P59", "price": 552}], "date_of_purchase": "2018-12-05 15:16:00"}
{"customer_id": "C20", "basket": [{"product_id": "P64", "price": 858}], "date_of_purchase": "2018-12-05 16:05:00"}
{"customer_id": "C31", "basket": [{"product_id": "P06", "price": 86}], "date_of_purchase": "2018-12-05 10:22:00"}
{"customer_id": "C32", "basket": [{"product_id": "P15", "price": 1998}, {"product_id": "P17", "price": 1443}, {"product_id": "P13", "price": 459}], "date_of_purchase": "2018-12-05 03:04:00"}
{"customer_id": "C33", "basket": [{"product_id": "P36", "price": 1940}, {"product_id": "P39", "price": 8}], "date_of_purchase": "2018-12-05 19:08:00"}
{"customer_id": "C34", "basket": [{"product_id": "P07", "price": 360}, {"product_id": "P04", "price": 1251}, {"product_id": "P11", "price": 1991}], "date_of_purchase": "2018-12-05 21:21:00"}
{"customer_id": "C41", "basket": [{"product_id": "P12", "price": 687}], "date_of_purchase": "2018-12-05 08:24:00"}
{"customer_id": "C44", "basket": [{"product_id": "P45", "price": 1143}, {"product_id": "P44", "price": 46}], "date_of_purchase": "2018-12-05 15:36:00"}
{"customer_id": "C50", "basket": [{"product_id": "P63", "price": 32}, {"product_id": "P63", "price": 330}, {"product_id": "P64", "price": 1083}], "date_of_purchase": "2018-12-05 15:32:00"}
{"customer_id": "C56", "basket": [{"product_id": "P02", "price": 588}], "date_of_purchase": "2018-12-05 18:31:00"}
{"customer_id": "C58", "basket": [{"product_id": "P40", "price": 791}, {"product_id": "P37", "price": 1251}, {"product_id": "P35", "price": 37}], "date_of_purchase": "2018-12-05 19:06:00"}
{"customer_id": "C66", "basket": [{"product_id": "P49", "price": 245}, {"product_id": "P51", "price": 1814}, {"product_id": "P44", "price": 269}], "date_of_purchase": "2018-12-05 12:58:00"}
{"customer_id": "C67", "basket": [{"product_id": "P27", "price": 1528}], "date_of_purchase": "2018-12-05 11:18:00"}
{"customer_id": "C77", "basket": [{"product_id": "P43", "price": 74}, {"product_id": "P43", "price": 1707}], "date_of_purchase": "2018-12-05 08:35:00"}
{"customer_id": "C92", "basket": [{"product_id": "P35", "price": 1956}, {"product_id": "P40", "price": 799}, {"product_id": "P35", "price": 1074}], "date_of_purchase": "2018-12-05 21:01:00"}
{"customer_id": "C100", "basket": [{"product_id": "P40", "price": 1885}, {"product_id": "P36", "price": 143}], "date_of_purchase": "2018-12-05 11:20:00"}
{"customer_id": "C113", "basket": [{"product_id": "P29", "price": 443}], "date_of_purchase": "2018-12-05 10:00:00"}
{"customer_id": "C114", "basket": [{"product_id": "P34", "price": 1297}], "date_of_purchase": "2018-12-05 04:20:00"}
{"customer_id": "C120", "basket": [{"product_id": "P29", "price": 1860}], "date_of_purchase": "2018-12-05 20:06:00"}
{"customer_id": "C126", "basket": [{"product_id": "P26", "price": 1946}, {"product_id": "P28", "price": 279}, {"product_id": "P22", "price": 1636}], "date_of_purchase": "2018-12-05 19:30:00"}
{"customer_id": "C133", "basket": [{"product_id": "P37", "price": 1118}, {"product_id": "P37", "price": 1257}, {"product_id": "P40", "price": 1075}], "date_of_purchase": "2018-12-05 10:32:00"}
{"customer_id": "C134", "basket": [{"product_id": "P24", "price": 80}, {"product_id": "P24", "price": 1055}], "date_of_purchase": "2018-12-05 15:53:00"}
{"customer_id": "C136", "basket": [{"product_id": "P59", "price": 357}, {"product_id": "P42", "price": 1677}], "date_of_purchase": "2018-12-05 10:01:00"}
