{"customer_id": "C16", "basket": [{"product_id": "P45", "price": 1881}, {"product_id": "P43", "price": 548}], "date_of_purchase": "2018-12-01 09:19:00"}
{"customer_id": "C19", "basket": [{"product_id": "P05", "price": 1582}, {"product_id": "P08", "price": 146}], "date_of_purchase": "2018-12-01 11:43:00"}
{"customer_id": "C29", "basket": [{"product_id": "P15", "price": 82}, {"product_id": "P14", "price": 656}], "date_of_purchase": "2018-12-01 15:24:00"}
{"customer_id": "C36", "basket": [{"product_id": "P39", "price": 213}], "date_of_purchase": "2018-12-01 14:54:00"}
{"customer_id": "C39", "basket": [{"product_id": "P07", "price": 1208}], "date_of_purchase": "2018-12-01 18:19:00"}
{"customer_id": "C49", "basket": [{"product_id": "P34", "price": 1838}], "date_of_purchase": "2018-12-01 18:15:00"}
{"customer_id": "C56", "basket": [{"product_id": "P12", "price": 1439}], "date_of_purchase": "2018-12-01 20:16:00"}
{"customer_id": "C60", "basket": [{"product_id": "P35", "price": 988}, {"product_id": "P40", "price": 1878}, {"product_id": "P39", "price": 1174}], "date_of_purchase": "2018-12-01 09:54:00"}
{"customer_id": "C71", "basket": [{"product_id": "P22", "price": 1324}, {"product_id": "P31", "price": 1032}], "date_of_purchase": "2018-12-01 17:55:00"}
{"customer_id": "C82", "basket": [{"product_id": "P35", "price": 1437}], "date_of_purchase": "2018-12-01 05:23:00"}
{"customer_id": "C99", "basket": [{"product_id": "P25", "price": 35}, {"product_id": "P25", "price": 1543}, {"product_id": "P33", "price": 600}], "date_of_purchase": "2018-12-01 22:57:00"}
{"customer_id": "C102", "basket": [{"product_id": "P52", "price": 328}], "date_of_purchase": "2018-12-01 07:53:00"}
{"customer_id": "C103", "basket": [{"product_id": "P35", "price": 1362}, {"product_id": "P38", "price": 989}, {"product_id": "P37", "price": 819}], "date_of_purchase": "2018-12-01 21:17:00"}
{"customer_id": "C104", "basket": [{"product_id": "P35", "price": 47}, {"product_id": "P36", "price": 415}, {"product_id": "P35", "price": 270}], "date_of_purchase": "2018-12-01 22:44:00"}
{"customer_id": "C105", "basket": [{"product_id": "P11", "price": 1393}], "date_of_purchase": "2018-12-01 23:14:00"}
{"customer_id": "C123", "basket": [{"product_id": "P62", "price": 1777}, {"product_id": "P62", "price": 348}, {"product_id": "P62", "price": 1572}], "date_of_purchase": "2018-12-01 15:44:00"}
{"customer_id": "C124", "basket": [{"product_id": "P60", "price": 130}, {"product_id": "P46", "price": 1603}], "date_of_purchase": "2018-12-01 03:07:00"}
{"customer_id": "C125", "basket": [{"product_id": "P33", "price": 282}], "date_of_purchase": "2018-12-01 22:18:00"}
{"customer_id": "C127", "basket": [{"product_id": "P06", "price": 785}], "date_of_purchase": "2018-12-01 14:19:00"}
