{"customer_id": "C3", "basket": [{"product_id": "P64", "price": 496}, {"product_id": "P62", "price": 1674}, {"product_id": "P63", "price": 681}], "date_of_purchase": "2018-12-28 14:42:00"}
{"customer_id": "C5", "basket": [{"product_id": "P24", "price": 1856}, {"product_id": "P22", "price": 1878}, {"product_id": "P32", "price": 478}], "date_of_purchase": "2018-12-28 17:03:00"}
{"customer_id": "C16", "basket": [{"product_id": "P28", "price": 1211}, {"product_id": "P28", "price": 1933}, {"product_id": "P29", "price": 379}], "date_of_purchase": "2018-12-28 17:39:00"}
{"customer_id": "C21", "basket": [{"product_id": "P21", "price": 1880}], "date_of_purchase": "2018-12-28 12:47:00"}
{"customer_id": "C22", "basket": [{"product_id": "P37", "price": 1368}, {"product_id": "P39", "price": 63}], "date_of_purchase": "2018-12-28 05:04:00"}
{"customer_id": "C34", "basket": [{"product_id": "P11", "price": 1562}, {"product_id": "P01", "price": 353}], "date_of_purchase": "2018-12-28 06:14:00"}
{"customer_id": "C38", "basket": [{"product_id": "P26", "price": 1847}, {"product_id": "P22", "price": 789}], "date_of_purchase": "2018-12-28 09:39:00"}
{"customer_id": "C49", "basket": [{"product_id": "P57", "price": 1549}], "date_of_purchase": "2018-12-28 11:15:00"}
{"customer_id": "C54", "basket": [{"product_id": "P36", "price": 985}, {"product_id": "P39", "price": 47}, {"product_id": "P38", "price": 269}], "date_of_purchase": "2018-12-28 16:49:00"}
{"customer_id": "C72", "basket": [{"product_id": "P27", "price": 883}, {"product_id": "P26", "price": 1654}], "date_of_purchase": "2018-12-28 17:48:00"}
{"customer_id": "C75", "basket": [{"product_id": "P15", "price": 528}, {"product_id": "P21", "price": 1203}, {"product_id": "P21", "price": 486}], "date_of_purchase": "2018-12-28 09:10:00"}
{"customer_id": "C77", "basket": [{"product_id": "P45", "price": 205}, {"product_id": "P58", "price": 1437}], "date_of_purchase": "2018-12-28 05:04:00"}
{"customer_id": "C79", "basket": [{"product_id": "P52", "price": 1400}, {"product_id": "P59", "price": 1362}], "date_of_purchase": "2018-12-28 12:01:00"}
{"customer_id": "C81", "basket": [{"product_id": "P57", "price": 399}, {"product_id": "P46", "price": 937}], "date_of_purchase": "2018-12-28 23:07:00"}
{"customer_id": "C92", "basket": [{"product_id": "P22", "price": 562}], "date_of_purchase": "2018-12-28 23:47:00"}
{"customer_id": "C98", "basket": [{"product_id": "P36", "price": 617}], "date_of_purchase": "2018-12-28 13:36:00"}
{"customer_id": "C101", "basket": [{"product_id": "P36", "price": 1906}, {"product_id": "P35", "price": 556}, {"product_id": "P38", "price": 1007}], "date_of_purchase": "2018-12-28 14:15:00"}
{"customer_id": "C102", "basket": [{"product_id": "P11", "price": 126}, {"product_id": "P02", "price": 1887}], "date_of_purchase": "2018-12-28 12:55:00"}
{"customer_id": "C105", "basket": [{"product_id": "P04", "price": 397}, {"product_id": "P01", "price": 1195}], "date_of_purchase": "2018-12-28 03:14:00"}
{"customer_id": "C107", "basket": [{"product_id": "P51", "price": 352}, {"product_id": "P54", "price": 1252}], "date_of_purchase": "2018-12-28 19:35:00"}
{"customer_id": "C111", "basket": [{"product_id": "P42", "price": 366}, {"product_id": "P53", "price": 1743}, {"product_id": "P44", "price": 1441}], "date_of_purchase": "2018-12-28 03:11:00"}
{"customer_id": "C115", "basket": [{"product_id": "P41", "price": 311}], "date_of_purchase": "2018-12-28 08:03:00"}
{"customer_id": "C118", "basket": [{"product_id": "P05", "price": 715}], "date_of_purchase": "2018-12-28 04:08:00"}
{"customer_id": "C119", "basket": [{"product_id": "P61", "price": 543}, {"product_id": "P62", "price": 1114}], "date_of_purchase": "2018-12-28 06:25:00"}
{"customer_id": "C122", "basket": [{"product_id": "P61", "price": 1335}, {"product_id": "P63", "price": 468}], "date_of_purchase": "2018-12-28 07:37:00"}
{"customer_id": "C124", "basket": [{"product_id": "P29", "price": 167}, {"product_id": "P31", "price": 267}], "date_of_purchase": "2018-12-28 11:42:00"}
{"customer_id": "C129", "basket": [{"product_id": "P29", "price": 1619}, {"product_id": "P23", "price": 993}], "date_of_purchase": "2018-12-28 09:02:00"}
{"customer_id": "C137", "basket": [{"product_id": "P25", "price": 1393}, {"product_id": "P30", "price": 1478}, {"product_id": "P25", "price": 880}], "date_of_purchase": "2018-12-28 06:54:00"}
