{"customer_id": "C21", "basket": [{"product_id": "P15", "price": 141}, {"product_id": "P16", "price": 1611}, {"product_id": "P16", "price": 1382}], "date_of_purchase": "2018-12-02 08:26:00"}
{"customer_id": "C22", "basket": [{"product_id": "P39", "price": 1705}, {"product_id": "P35", "price": 102}], "date_of_purchase": "2018-12-02 16:45:00"}
{"customer_id": "C24", "basket": [{"product_id": "P30", "price": 1449}], "date_of_purchase": "2018-12-02 12:04:00"}
{"customer_id": "C29", "basket": [{"product_id": "P16", "price": 870}, {"product_id": "P15", "price": 1000}, {"product_id": "P21", "price": 52}], "date_of_purchase": "2018-12-02 15:43:00"}
{"customer_id": "C35", "basket": [{"product_id": "P24", "price": 30}], "date_of_purchase": "2018-12-02 14:11:00"}
{"customer_id": "C37", "basket": [{"product_id": "P06", "price": 720}], "date_of_purchase": "2018-12-02 08:59:00"}
{"customer_id": "C39", "basket": [{"product_id": "P29", "price": 1424}, {"product_id": "P27", "price": 1297}], "date_of_purchase": "2018-12-02 19:49:00"}
{"customer_id": "C42", "basket": [{"product_id": "P23", "price": 1995}], "date_of_purchase": "2018-12-02 21:55:00"}
{"customer_id": "C44", "basket": [{"product_id": "P59", "price": 1323}, {"product_id": "P52", "price": 777}, {"product_id": "P51", "price": 1908}], "date_of_purchase": "2018-12-02 12:54:00"}
{"customer_id": "C49", "basket": [{"product_id": "P56", "price": 851}, {"product_id": "P56", "price": 762}, {"product_id": "P55", "price": 980}], "date_of_purchase": "2018-12-02 15:14:00"}
{"customer_id": "C54", "basket": [{"product_id": "P35", "price": 559}], "date_of_purchase": "2018-12-02 07:22:00"}
{"customer_id": "C68", "basket": [{"product_id": "P27", "price": 137}, {"product_id": "P33", "price": 1101}], "date_of_purchase": "2018-12-02 13:46:00"}
{"customer_id": "C81", "basket": [{"product_id": "P53", "price": 1272}, {"product_id": "P49", "price": 928}, {"product_id": "P59", "price": 329}], "date_of_purchase": "2018-12-02 22:25:00"}
{"customer_id": "C98", "basket": [{"product_id": "P35", "price": 726}], "date_of_purchase": "2018-12-02 09:38:00"}
{"customer_id": "C105", "basket": [{"product_id": "P07", "price": 8}], "date_of_purchase": "2018-12-02 12:04:00"}
{"customer_id": "C109", "basket": [{"product_id": "P21", "price": 1959}, {"product_id": "P21", "price": 1984}, {"product_id": "P18", "price": 1680}], "date_of_purchase": "2018-12-02 05:38:00"}
{"customer_id": "C116", "basket": [{"product_id": "P63", "price": 1522}, {"product_id": "P63", "price": 1348}], "date_of_purchase": "2018-12-02 22:00:00"}
{"customer_id": "C118", "basket": [{"product_id": "P08", "price": 161}], "date_of_purchase": "2018-12-02 20:16:00"}
{"customer_id": "C120", "basket": [{"product_id": "P34", "price": 1741}, {"product_id": "P26", "price": 509}], "date_of_purchase": "2018-12-02 03:37:00"}
{"customer_id": "C123", "basket": [{"product_id": "P57", "price": 855}], "date_of_purchase": "2018-12-02 22:11:00"}
{"customer_id": "C125", "basket": [{"product_id": "P33", "price": 1304}, {"product_id": "P33", "price": 74}, {"product_id": "P26", "price": 938}], "date_of_purchase": "2018-12-02 05:23:00"}
{"customer_id": "C126", "basket": [{"product_id": "P28", "price": 1893}, {"product_id": "P24", "price": 1525}], "date_of_purchase": "2018-12-02 12:01:00"}
{"customer_id": "C128", "basket": [{"product_id": "P61", "price": 348}], "date_of_purchase": "2018-12-02 14:56:00"}
{"customer_id": "C135", "basket": [{"product_id": "P57", "price": 1940}, {"product_id": "P50", "price": 1776}], "date_of_purchase": "2018-12-02 08:22:00"}
