{"customer_id": "C3", "basket": [{"product_id": "P33", "price": 932}, {"product_id": "P30", "price": 1192}, {"product_id": "P32", "price": 1621}], "date_of_purchase": "2019-01-22 13:41:00"}
{"customer_id": "C12", "basket": [{"product_id": "P40", "price": 1952}, {"product_id": "P36", "price": 1240}], "date_of_purchase": "2019-01-22 07:22:00"}
{"customer_id": "C39", "basket": [{"product_id": "P33", "price": 1876}], "date_of_purchase": "2019-01-22 14:45:00"}
{"customer_id": "C58", "basket": [{"product_id": "P64", "price": 102}, {"product_id": "P62", "price": 6}, {"product_id": "P61", "price": 985}], "date_of_purchase": "2019-01-22 20:45:00"}
{"customer_id": "C62", "basket": [{"product_id": "P39", "price": 1044}, {"product_id": "P39", "price": 651}, {"product_id": "P38", "price": 1190}], "date_of_purchase": "2019-01-22 05:56:00"}
{"customer_id": "C64", "basket": [{"product_id": "P61", "price": 1984}], "date_of_purchase": "2019-01-22 16:54:00"}
{"customer_id": "C66", "basket": [{"product_id": "P40", "price": 1920}], "date_of_purchase": "2019-01-22 18:56:00"}
{"customer_id": "C67", "basket": [{"product_id": "P39", "price": 492}, {"product_id": "P39", "price": 1165}], "date_of_purchase": "2019-01-22 22:26:00"}
{"customer_id": "C86", "basket": [{"product_id": "P17", "price": 1110}, {"product_id": "P20", "price": 1161}, {"product_id": "P19", "price": 17}], "date_of_purchase": "2019-01-22 15:46:00"}
{"customer_id": "C92", "basket": [{"product_id": "P40", "price": 1415}, {"product_id": "P35", "price": 1520}], "date_of_purchase": "2019-01-22 16:35:00"}
{"customer_id": "C96", "basket": [{"product_id": "P13", "price": 613}, {"product_id": "P20", "price": 1092}, {"product_id": "P15", "price": 648}], "date_of_purchase": "2019-01-22 14:11:00"}
{"customer_id": "C98", "basket": [{"product_id": "P38", "price": 866}, {"product_id": "P39", "price": 383}], "date_of_purchase": "2019-01-22 20:46:00"}
{"customer_id": "C120", "basket": [{"product_id": "P25", "price": 1690}, {"product_id": "P33", "price": 1305}], "date_of_purchase": "2019-01-22 19:25:00"}
{"customer_id": "C121", "basket": [{"product_id": "P38", "price": 1696}], "date_of_purchase": "2019-01-22 04:37:00"}
{"customer_id": "C134", "basket": [{"product_id": "P53", "price": 1443}], "date_of_purchase": "2019-01-22 15:28:00"}
{"customer_id": "C136", "basket": [{"product_id": "P58", "price": 1801}, {"product_id": "P55", "price": 1574}], "date_of_purchase": "2019-01-22 17:55:00"}
