{"customer_id": "C5", "basket": [{"product_id": "P38", "price": 1989}, {"product_id": "P38", "price": 1600}], "date_of_purchase": "2019-02-01 21:37:00"}
{"customer_id": "C20", "basket": [{"product_id": "P63", "price": 1286}, {"product_id": "P63", "price": 1595}, {"product_id": "P62", "price": 1158}], "date_of_purchase": "2019-02-01 11:29:00"}
{"customer_id": "C25", "basket": [{"product_id": "P01", "price": 1030}, {"product_id": "P09", "price": 216}, {"product_id": "P07", "price": 1800}], "date_of_purchase": "2019-02-01 13:47:00"}
{"customer_id": "C26", "basket": [{"product_id": "P38", "price": 1180}], "date_of_purchase": "2019-02-01 10:28:00"}
{"customer_id": "C27", "basket": [{"product_id": "P32", "price": 1286}, {"product_id": "P29", "price": 461}, {"product_id": "P33", "price": 688}], "date_of_purchase": "2019-02-01 08:40:00"}
{"customer_id": "C28", "basket": [{"product_id": "P36", "price": 1982}], "date_of_purchase": "2019-02-01 09:19:00"}
{"customer_id": "C38", "basket": [{"product_id": "P24", "price": 630}, {"product_id": "P26", "price": 903}, {"product_id": "P23", "price": 1928}], "date_of_purchase": "2019-02-01 21:15:00"}
{"customer_id": "C39", "basket": [{"product_id": "P34", "price": 1452}, {"product_id": "P32", "price": 1931}], "date_of_purchase": "2019-02-01 20:27:00"}
{"customer_id": "C43", "basket": [{"product_id": "P28", "price": 1498}], "date_of_purchase": "2019-02-01 17:05:00"}
{"customer_id": "C49", "basket": [{"product_id": "P45", "price": 1463}, {"product_id": "P46", "price": 449}], "date_of_purchase": "2019-02-01 20:20:00"}
{"customer_id": "C50", "basket": [{"product_id": "P63", "price": 1185}, {"product_id": "P63", "price": 1475}], "date_of_purchase": "2019-02-01 19:53:00"}
{"customer_id": "C52", "basket": [{"product_id": "P08", "price": 1886}, {"product_id": "P02", "price": 1563}, {"product_id": "P05", "price": 1122}], "date_of_purchase": "2019-02-01 11:45:00"}
{"customer_id": "C54", "basket": [{"product_id": "P38", "price": 396}, {"product_id": "P36", "price": 391}], "date_of_purchase": "2019-02-01 19:11:00"}
{"customer_id": "C58", "basket": [{"product_id": "P64", "price": 239}, {"product_id": "P63", "price": 1845}], "date_of_purchase": "2019-02-01 04:11:00"}
{"customer_id": "C70", "basket": [{"product_id": "P28", "price": 351}, {"product_id": "P24", "price": 500}, {"product_id": "P27", "price": 1602}], "date_of_purchase": "2019-02-01 04:37:00"}
{"customer_id": "C71", "basket": [{"product_id": "P26", "price": 1268}, {"product_id": "P26", "price": 1324}, {"product_id": "P23", "price": 732}], "date_of_purchase": "2019-02-01 06:14:00"}
{"customer_id": "C74", "basket": [{"product_id": "P21", "price": 31}], "date_of_purchase": "2019-02-01 09:47:00"}
{"customer_id": "C76", "basket": [{"product_id": "P59", "price": 1219}, {"product_id": "P57", "price": 983}, {"product_id": "P58", "price": 1394}], "date_of_purchase": "2019-02-01 23:14:00"}
{"customer_id": "C104", "basket": [{"product_id": "P36", "price": 1825}], "date_of_purchase": "2019-02-01 03:17:00"}
{"customer_id": "C114", "basket": [{"product_id": "P29", "price": 357}, {"product_id": "P22", "price": 738}, {"product_id": "P26", "price": 1035}], "date_of_purchase": "2019-02-01 22:58:00"}
{"customer_id": "C118", "basket": [{"product_id": "P31", "price": 1537}], "date_of_purchase": "2019-02-01 09:49:00"}
{"customer_id": "C123", "basket": [{"product_id": "P55", "price": 1444}, {"product_id": "P49", "price": 1316}], "date_of_purchase": "2019-02-01 04:46:00"}
{"customer_id": "C129", "basket": [{"product_id": "P33", "price": 1699}, {"product_id": "P28", "price": 1848}], "date_of_purchase": "2019-02-01 22:45:00"}
