{"customer_id": "C105", "loyalty_score": "8", "products": [{"product_id": "P11", "product_category": "house"}, {"product_id": "P07", "product_category": "house"}], "purchase_count": 2}
{"customer_id": "C125", "loyalty_score": "1", "products": [{"product_id": "P33", "product_category": "fruit_veg"}, {"product_id": "P33", "product_category": "fruit_veg"}, {"product_id": "P33", "product_category": "fruit_veg"}, {"product_id": "P26", "product_category": "fruit_veg"}], "purchase_count": 4}
{"customer_id": "C39", "loyalty_score": "2", "products": [{"product_id": "P07", "product_category": "house"}, {"product_id": "P29", "product_category": "fruit_veg"}, {"product_id": "P27", "product_category": "fruit_veg"}], "purchase_count": 3}
{"customer_id": "C49", "loyalty_score": "7", "products": [{"product_id": "P34", "product_category": "fruit_veg"}, {"product_id": "P56", "product_category": "food"}, {"product_id": "P56", "product_category": "food"}, {"product_id": "P55", "product_category": "food"}], "purchase_count": 4}
{"customer_id": "C123", "loyalty_score": "3", "products": [{"product_id": "P62", "product_category": "bws"}, {"product_id": "P62", "product_category": "bws"}, {"product_id": "P62", "product_category": "bws"}, {"product_id": "P57", "product_category": "food"}], "purchase_count": 4}
{"customer_id": "C29", "loyalty_score": "7", "products": [{"product_id": "P15", "product_category": "clothes"}, {"product_id": "P14", "product_category": "clothes"}, {"product_id": "P16", "product_category": "clothes"}, {"product_id": "P15", "product_category": "clothes"}, {"product_id": "P21", "product_category": "clothes"}], "purchase_count": 5}
{"customer_id": "C16", "loyalty_score": "5", "products": [{"product_id": "P45", "product_category": "food"}, {"product_id": "P43", "product_category": "food"}], "purchase_count": 2}
{"customer_id": "C128", "loyalty_score": "5", "products": [{"product_id": "P61", "product_category": "bws"}], "purchase_count": 1}
{"customer_id": "C82", "loyalty_score": "9", "products": [{"product_id": "P35", "product_category": "sweets"}], "purchase_count": 1}
{"customer_id": "C118", "loyalty_score": "7", "products": [{"product_id": "P08", "product_category": "house"}], "purchase_count": 1}
{"customer_id": "C127", "loyalty_score": "4", "products": [{"product_id": "P06", "product_category": "house"}], "purchase_count": 1}
{"customer_id": "C102", "loyalty_score": "1", "products": [{"product_id": "P52", "product_category": "food"}], "purchase_count": 1}
{"customer_id": "C60", "loyalty_score": "10", "products": [{"product_id": "P35", "product_category": "sweets"}, {"product_id": "P40", "product_category": "sweets"}, {"product_id": "P39", "product_category": "sweets"}], "purchase_count": 3}
{"customer_id": "C135", "loyalty_score": "2", "products": [{"product_id": "P57", "product_category": "food"}, {"product_id": "P50", "product_category": "food"}], "purchase_count": 2}
{"customer_id": "C24", "loyalty_score": "6", "products": [{"product_id": "P30", "product_category": "fruit_veg"}], "purchase_count": 1}
{"customer_id": "C120", "loyalty_score": "9", "products": [{"product_id": "P34", "product_category": "fruit_veg"}, {"product_id": "P26", "product_category": "fruit_veg"}], "purchase_count": 2}
{"customer_id": "C104", "loyalty_score": "7", "products": [{"product_id": "P35", "product_category": "sweets"}, {"product_id": "P36", "product_category": "sweets"}, {"product_id": "P35", "product_category": "sweets"}], "purchase_count": 3}
{"customer_id": "C44", "loyalty_score": "9", "products": [{"product_id": "P59", "product_category": "food"}, {"product_id": "P52", "product_category": "food"}, {"product_id": "P51", "product_category": "food"}], "purchase_count": 3}
{"customer_id": "C54", "loyalty_score": "2", "products": [{"product_id": "P35", "product_category": "sweets"}], "purchase_count": 1}
{"customer_id": "C35", "loyalty_score": "7", "products": [{"product_id": "P24", "product_category": "fruit_veg"}], "purchase_count": 1}
{"customer_id": "C36", "loyalty_score": "5", "products": [{"product_id": "P39", "product_category": "sweets"}], "purchase_count": 1}
{"customer_id": "C98", "loyalty_score": "7", "products": [{"product_id": "P35", "product_category": "sweets"}], "purchase_count": 1}
{"customer_id": "C124", "loyalty_score": "7", "products": [{"product_id": "P60", "product_category": "food"}, {"product_id": "P46", "product_category": "food"}], "purchase_count": 2}
{"customer_id": "C22", "loyalty_score": "1", "products": [{"product_id": "P39", "product_category": "sweets"}, {"product_id": "P35", "product_category": "sweets"}], "purchase_count": 2}
{"customer_id": "C68", "loyalty_score": "8", "products": [{"product_id": "P27", "product_category": "fruit_veg"}, {"product_id": "P33", "product_category": "fruit_veg"}], "purchase_count": 2}
{"customer_id": "C126", "loyalty_score": "4", "products": [{"product_id": "P28", "product_category": "fruit_veg"}, {"product_id": "P24", "product_category": "fruit_veg"}], "purchase_count": 2}
{"customer_id": "C56", "loyalty_score": "4", "products": [{"product_id": "P12", "product_category": "house"}], "purchase_count": 1}
{"customer_id": "C21", "loyalty_score": "5", "products": [{"product_id": "P15", "product_category": "clothes"}, {"product_id": "P16", "product_category": "clothes"}, {"product_id": "P16", "product_category": "clothes"}], "purchase_count": 3}
{"customer_id": "C116", "loyalty_score": "5", "products": [{"product_id": "P63", "product_category": "bws"}, {"product_id": "P63", "product_category": "bws"}], "purchase_count": 2}
{"customer_id": "C81", "loyalty_score": "7", "products": [{"product_id": "P53", "product_category": "food"}, {"product_id": "P49", "product_category": "food"}, {"product_id": "P59", "product_category": "food"}], "purchase_count": 3}
{"customer_id": "C109", "loyalty_score": "6", "products": [{"product_id": "P21", "product_category": "clothes"}, {"product_id": "P21", "product_category": "clothes"}, {"product_id": "P18", "product_category": "clothes"}], "purchase_count": 3}
{"customer_id": "C37", "loyalty_score": "9", "products": [{"product_id": "P06", "product_category": "house"}], "purchase_count": 1}
{"customer_id": "C103", "loyalty_score": "7", "products": [{"product_id": "P35", "product_category": "sweets"}, {"product_id": "P38", "product_category": "sweets"}, {"product_id": "P37", "product_category": "sweets"}], "purchase_count": 3}
{"customer_id": "C19", "loyalty_score": "6", "products": [{"product_id": "P05", "product_category": "house"}, {"product_id": "P08", "product_category": "house"}], "purchase_count": 2}
{"customer_id": "C99", "loyalty_score": "9", "products": [{"product_id": "P25", "product_category": "fruit_veg"}, {"product_id": "P25", "product_category": "fruit_veg"}, {"product_id": "P33", "product_category": "fruit_veg"}], "purchase_count": 3}
{"customer_id": "C71", "loyalty_score": "8", "products": [{"product_id": "P22", "product_category": "fruit_veg"}, {"product_id": "P31", "product_category": "fruit_veg"}], "purchase_count": 2}
{"customer_id": "C42", "loyalty_score": "2", "products": [{"product_id": "P23", "product_category": "fruit_veg"}], "purchase_count": 1}
