{"customer_id": "C3", "basket": [{"product_id": "P62", "price": 1480}, {"product_id": "P61", "price": 683}, {"product_id": "P62", "price": 811}], "date_of_purchase": "2019-02-09 18:11:00"}
{"customer_id": "C5", "basket": [{"product_id": "P30", "price": 1183}, {"product_id": "P22", "price": 183}], "date_of_purchase": "2019-02-09 16:47:00"}
{"customer_id": "C13", "basket": [{"product_id": "P18", "price": 801}, {"product_id": "P18", "price": 654}, {"product_id": "P19", "price": 493}], "date_of_purchase": "2019-02-09 06:12:00"}
{"customer_id": "C14", "basket": [{"product_id": "P25", "price": 957}, {"product_id": "P22", "price": 867}, {"product_id": "P28", "price": 494}], "date_of_purchase": "2019-02-09 10:41:00"}
{"customer_id": "C15", "basket": [{"product_id": "P14", "price": 1959}, {"product_id": "P14", "price": 576}, {"product_id": "P16", "price": 836}], "date_of_purchase": "2019-02-09 05:35:00"}
{"customer_id": "C30", "basket": [{"product_id": "P55", "price": 1942}, {"product_id": "P56", "price": 1989}, {"product_id": "P41", "price": 1041}], "date_of_purchase": "2019-02-09 18:25:00"}
{"customer_id": "C38", "basket": [{"product_id": "P35", "price": 73}, {"product_id": "P40", "price": 214}], "date_of_purchase": "2019-02-09 11:24:00"}
{"customer_id": "C39", "basket": [{"product_id": "P45", "price": 1552}, {"product_id": "P46", "price": 942}, {"product_id": "P52", "price": 352}], "date_of_purchase": "2019-02-09 04:14:00"}
{"customer_id": "C47", "basket": [{"product_id": "P52", "price": 123}], "date_of_purchase": "2019-02-09 21:05:00"}
{"customer_id": "C48", "basket": [{"product_id": "P37", "price": 1166}, {"product_id": "P37", "price": 156}], "date_of_purchase": "2019-02-09 19:02:00"}
{"customer_id": "C49", "basket": [{"product_id": "P26", "price": 882}, {"product_id": "P28", "price": 406}, {"product_id": "P24", "price": 1610}], "date_of_purchase": "2019-02-09 21:21:00"}
{"customer_id": "C52", "basket": [{"product_id": "P23", "price": 1319}], "date_of_purchase": "2019-02-09 03:53:00"}
{"customer_id": "C67", "basket": [{"product_id": "P32", "price": 794}, {"product_id": "P31", "price": 1851}, {"product_id": "P34", "price": 1278}], "date_of_purchase": "2019-02-09 08:58:00"}
{"customer_id": "C70", "basket": [{"product_id": "P55", "price": 50}, {"product_id": "P46", "price": 709}], "date_of_purchase": "2019-02-09 14:04:00"}
{"customer_id": "C74", "basket": [{"product_id": "P14", "price": 308}, {"product_id": "P20", "price": 825}], "date_of_purchase": "2019-02-09 17:24:00"}
{"customer_id": "C75", "basket": [{"product_id": "P60", "price": 2000}, {"product_id": "P43", "price": 1414}], "date_of_purchase": "2019-02-09 12:57:00"}
{"customer_id": "C82", "basket": [{"product_id": "P40", "price": 1797}], "date_of_purchase": "2019-02-09 08:48:00"}
{"customer_id": "C84", "basket": [{"product_id": "P32", "price": 256}, {"product_id": "P31", "price": 1974}, {"product_id": "P27", "price": 1708}], "date_of_purchase": "2019-02-09 23:02:00"}
{"customer_id": "C90", "basket": [{"product_id": "P64", "price": 1550}, {"product_id": "P64", "price": 1719}, {"product_id": "P61", "price": 444}], "date_of_purchase": "2019-02-09 09:45:00"}
{"customer_id": "C91", "basket": [{"product_id": "P05", "price": 603}, {"product_id": "P12", "price": 838}, {"product_id": "P03", "price": 1336}], "date_of_purchase": "2019-02-09 17:04:00"}
{"customer_id": "C93", "basket": [{"product_id": "P52", "price": 756}, {"product_id": "P45", "price": 1210}], "date_of_purchase": "2019-02-09 09:40:00"}
{"customer_id": "C97", "basket": [{"product_id": "P47", "price": 654}], "date_of_purchase": "2019-02-09 14:18:00"}
{"customer_id": "C104", "basket": [{"product_id": "P35", "price": 1538}, {"product_id": "P38", "price": 1340}], "date_of_purchase": "2019-02-09 18:11:00"}
{"customer_id": "C121", "basket": [{"product_id": "P39", "price": 460}], "date_of_purchase": "2019-02-09 19:49:00"}
{"customer_id": "C129", "basket": [{"product_id": "P28", "price": 1583}, {"product_id": "P26", "price": 291}], "date_of_purchase": "2019-02-09 04:59:00"}
