{"customer_id": "C5", "basket": [{"product_id": "P60", "price": 1931}], "date_of_purchase": "2019-02-05 04:35:00"}
{"customer_id": "C10", "basket": [{"product_id": "P59", "price": 206}, {"product_id": "P53", "price": 1552}, {"product_id": "P44", "price": 495}], "date_of_purchase": "2019-02-05 05:30:00"}
{"customer_id": "C20", "basket": [{"product_id": "P64", "price": 1300}, {"product_id": "P62", "price": 1184}], "date_of_purchase": "2019-02-05 21:03:00"}
{"customer_id": "C25", "basket": [{"product_id": "P50", "price": 77}], "date_of_purchase": "2019-02-05 11:33:00"}
{"customer_id": "C35", "basket": [{"product_id": "P22", "price": 367}, {"product_id": "P25", "price": 1567}], "date_of_purchase": "2019-02-05 19:18:00"}
{"customer_id": "C38", "basket": [{"product_id": "P34", "price": 880}, {"product_id": "P27", "price": 936}, {"product_id": "P30", "price": 1204}], "date_of_purchase": "2019-02-05 14:59:00"}
{"customer_id": "C41", "basket": [{"product_id": "P29", "price": 1809}, {"product_id": "P25", "price": 1314}, {"product_id": "P31", "price": 1103}], "date_of_purchase": "2019-02-05 06:40:00"}
{"customer_id": "C42", "basket": [{"product_id": "P26", "price": 671}], "date_of_purchase": "2019-02-05 03:50:00"}
{"customer_id": "C50", "basket": [{"product_id": "P62", "price": 674}, {"product_id": "P63", "price": 1444}], "date_of_purchase": "2019-02-05 13:24:00"}
{"customer_id": "C63", "basket": [{"product_id": "P44", "price": 1408}, {"product_id": "P45", "price": 59}], "date_of_purchase": "2019-02-05 17:38:00"}
{"customer_id": "C80", "basket": [{"product_id": "P61", "price": 307}, {"product_id": "P62", "price": 625}], "date_of_purchase": "2019-02-05 07:38:00"}
{"customer_id": "C82", "basket": [{"product_id": "P17", "price": 669}], "date_of_purchase": "2019-02-05 17:18:00"}
{"customer_id": "C87", "basket": [{"product_id": "P26", "price": 38}], "date_of_purchase": "2019-02-05 03:47:00"}
{"customer_id": "C96", "basket": [{"product_id": "P64", "price": 105}], "date_of_purchase": "2019-02-05 04:29:00"}
{"customer_id": "C97", "basket": [{"product_id": "P26", "price": 1363}, {"product_id": "P28", "price": 877}], "date_of_purchase": "2019-02-05 14:26:00"}
{"customer_id": "C98", "basket": [{"product_id": "P35", "price": 1061}, {"product_id": "P37", "price": 936}], "date_of_purchase": "2019-02-05 19:37:00"}
{"customer_id": "C101", "basket": [{"product_id": "P36", "price": 360}], "date_of_purchase": "2019-02-05 09:00:00"}
{"customer_id": "C105", "basket": [{"product_id": "P11", "price": 385}], "date_of_purchase": "2019-02-05 13:02:00"}
{"customer_id": "C107", "basket": [{"product_id": "P57", "price": 1882}, {"product_id": "P54", "price": 1743}, {"product_id": "P50", "price": 230}], "date_of_purchase": "2019-02-05 07:09:00"}
{"customer_id": "C114", "basket": [{"product_id": "P53", "price": 417}, {"product_id": "P48", "price": 1510}], "date_of_purchase": "2019-02-05 12:15:00"}
{"customer_id": "C116", "basket": [{"product_id": "P38", "price": 1389}], "date_of_purchase": "2019-02-05 11:38:00"}
{"customer_id": "C118", "basket": [{"product_id": "P50", "price": 1996}, {"product_id": "P53", "price": 1346}, {"product_id": "P41", "price": 1658}], "date_of_purchase": "2019-02-05 08:48:00"}
{"customer_id": "C121", "basket": [{"product_id": "P38", "price": 1982}, {"product_id": "P39", "price": 1666}], "date_of_purchase": "2019-02-05 08:30:00"}
{"customer_id": "C122", "basket": [{"product_id": "P63", "price": 603}, {"product_id": "P64", "price": 131}], "date_of_purchase": "2019-02-05 05:57:00"}
{"customer_id": "C123", "basket": [{"product_id": "P62", "price": 21}, {"product_id": "P62", "price": 121}, {"product_id": "P64", "price": 171}], "date_of_purchase": "2019-02-05 02:52:00"}
{"customer_id": "C124", "basket": [{"product_id": "P45", "price": 434}], "date_of_purchase": "2019-02-05 19:07:00"}
{"customer_id": "C135", "basket": [{"product_id": "P59", "price": 953}, {"product_id": "P52", "price": 711}], "date_of_purchase": "2019-02-05 09:05:00"}
