{"customer_id": "C6", "basket": [{"product_id": "P10", "price": 97}, {"product_id": "P07", "price": 1757}, {"product_id": "P08", "price": 594}], "date_of_purchase": "2019-02-26 07:39:00"}
{"customer_id": "C23", "basket": [{"product_id": "P56", "price": 1825}, {"product_id": "P50", "price": 964}, {"product_id": "P49", "price": 731}], "date_of_purchase": "2019-02-26 02:49:00"}
{"customer_id": "C27", "basket": [{"product_id": "P26", "price": 813}, {"product_id": "P23", "price": 1108}, {"product_id": "P24", "price": 1293}], "date_of_purchase": "2019-02-26 17:59:00"}
{"customer_id": "C31", "basket": [{"product_id": "P60", "price": 1791}], "date_of_purchase": "2019-02-26 02:52:00"}
{"customer_id": "C37", "basket": [{"product_id": "P12", "price": 1898}, {"product_id": "P11", "price": 1710}, {"product_id": "P07", "price": 57}], "date_of_purchase": "2019-02-26 11:04:00"}
{"customer_id": "C38", "basket": [{"product_id": "P61", "price": 1493}, {"product_id": "P63", "price": 1026}, {"product_id": "P64", "price": 959}], "date_of_purchase": "2019-02-26 03:42:00"}
{"customer_id": "C42", "basket": [{"product_id": "P22", "price": 1204}], "date_of_purchase": "2019-02-26 02:52:00"}
{"customer_id": "C44", "basket": [{"product_id": "P53", "price": 706}, {"product_id": "P57", "price": 516}, {"product_id": "P48", "price": 533}], "date_of_purchase": "2019-02-26 10:31:00"}
{"customer_id": "C52", "basket": [{"product_id": "P01", "price": 860}, {"product_id": "P04", "price": 516}], "date_of_purchase": "2019-02-26 15:30:00"}
{"customer_id": "C68", "basket": [{"product_id": "P39", "price": 1104}, {"product_id": "P35", "price": 28}, {"product_id": "P40", "price": 919}], "date_of_purchase": "2019-02-26 15:59:00"}
{"customer_id": "C80", "basket": [{"product_id": "P61", "price": 1885}, {"product_id": "P62", "price": 1170}, {"product_id": "P62", "price": 675}], "date_of_purchase": "2019-02-26 03:39:00"}
{"customer_id": "C81", "basket": [{"product_id": "P48", "price": 1335}, {"product_id": "P42", "price": 1876}, {"product_id": "P54", "price": 1455}], "date_of_purchase": "2019-02-26 16:11:00"}
{"customer_id": "C88", "basket": [{"product_id": "P25", "price": 888}, {"product_id": "P28", "price": 1888}, {"product_id": "P29", "price": 170}], "date_of_purchase": "2019-02-26 14:47:00"}
{"customer_id": "C89", "basket": [{"product_id": "P63", "price": 607}, {"product_id": "P62", "price": 1405}, {"product_id": "P64", "price": 1904}], "date_of_purchase": "2019-02-26 03:45:00"}
{"customer_id": "C94", "basket": [{"product_id": "P50", "price": 1617}, {"product_id": "P56", "price": 1897}, {"product_id": "P48", "price": 1870}], "date_of_purchase": "2019-02-26 21:23:00"}
{"customer_id": "C103", "basket": [{"product_id": "P28", "price": 1643}], "date_of_purchase": "2019-02-26 19:48:00"}
{"customer_id": "C110", "basket": [{"product_id": "P01", "price": 144}, {"product_id": "P06", "price": 651}], "date_of_purchase": "2019-02-26 21:32:00"}
{"customer_id": "C112", "basket": [{"product_id": "P56", "price": 1318}], "date_of_purchase": "2019-02-26 07:38:00"}
{"customer_id": "C123", "basket": [{"product_id": "P58", "price": 1437}, {"product_id": "P48", "price": 1911}], "date_of_purchase": "2019-02-26 08:35:00"}
{"customer_id": "C124", "basket": [{"product_id": "P31", "price": 414}, {"product_id": "P25", "price": 1937}, {"product_id": "P34", "price": 317}], "date_of_purchase": "2019-02-26 06:18:00"}
{"customer_id": "C125", "basket": [{"product_id": "P30", "price": 319}, {"product_id": "P27", "price": 1811}, {"product_id": "P27", "price": 111}], "date_of_purchase": "2019-02-26 14:14:00"}
{"customer_id": "C134", "basket": [{"product_id": "P29", "price": 1712}], "date_of_purchase": "2019-02-26 06:15:00"}
