{"customer_id": "C9", "basket": [{"product_id": "P42", "price": 22}], "date_of_purchase": "2019-01-11 06:16:00"}
{"customer_id": "C11", "basket": [{"product_id": "P06", "price": 1370}], "date_of_purchase": "2019-01-11 18:29:00"}
{"customer_id": "C12", "basket": [{"product_id": "P59", "price": 859}, {"product_id": "P51", "price": 1191}, {"product_id": "P60", "price": 307}], "date_of_purchase": "2019-01-11 20:55:00"}
{"customer_id": "C24", "basket": [{"product_id": "P31", "price": 390}], "date_of_purchase": "2019-01-11 17:02:00"}
{"customer_id": "C31", "basket": [{"product_id": "P05", "price": 374}, {"product_id": "P07", "price": 1913}], "date_of_purchase": "2019-01-11 04:55:00"}
{"customer_id": "C38", "basket": [{"product_id": "P30", "price": 820}, {"product_id": "P26", "price": 218}, {"product_id": "P28", "price": 1963}], "date_of_purchase": "2019-01-11 20:13:00"}
{"customer_id": "C48", "basket": [{"product_id": "P50", "price": 221}], "date_of_purchase": "2019-01-11 22:51:00"}
{"customer_id": "C52", "basket": [{"product_id": "P34", "price": 347}, {"product_id": "P28", "price": 255}, {"product_id": "P29", "price": 1294}], "date_of_purchase": "2019-01-11 09:21:00"}
{"customer_id": "C55", "basket": [{"product_id": "P50", "price": 863}, {"product_id": "P41", "price": 584}], "date_of_purchase": "2019-01-11 13:34:00"}
{"customer_id": "C56", "basket": [{"product_id": "P36", "price": 1289}], "date_of_purchase": "2019-01-11 18:25:00"}
{"customer_id": "C72", "basket": [{"product_id": "P57", "price": 380}], "date_of_purchase": "2019-01-11 15:00:00"}
{"customer_id": "C79", "basket": [{"product_id": "P40", "price": 1075}], "date_of_purchase": "2019-01-11 09:21:00"}
{"customer_id": "C83", "basket": [{"product_id": "P35", "price": 824}, {"product_id": "P37", "price": 827}, {"product_id": "P39", "price": 1929}], "date_of_purchase": "2019-01-11 04:41:00"}
{"customer_id": "C84", "basket": [{"product_id": "P46", "price": 1154}], "date_of_purchase": "2019-01-11 02:57:00"}
{"customer_id": "C93", "basket": [{"product_id": "P42", "price": 1592}, {"product_id": "P44", "price": 1312}, {"product_id": "P57", "price": 1626}], "date_of_purchase": "2019-01-11 04:29:00"}
{"customer_id": "C95", "basket": [{"product_id": "P48", "price": 1914}, {"product_id": "P56", "price": 1189}], "date_of_purchase": "2019-01-11 18:46:00"}
{"customer_id": "C97", "basket": [{"product_id": "P04", "price": 1107}], "date_of_purchase": "2019-01-11 10:18:00"}
{"customer_id": "C98", "basket": [{"product_id": "P40", "price": 1001}, {"product_id": "P39", "price": 1164}], "date_of_purchase": "2019-01-11 14:33:00"}
{"customer_id": "C99", "basket": [{"product_id": "P34", "price": 1622}, {"product_id": "P22", "price": 785}, {"product_id": "P26", "price": 747}], "date_of_purchase": "2019-01-11 16:08:00"}
{"customer_id": "C105", "basket": [{"product_id": "P08", "price": 764}], "date_of_purchase": "2019-01-11 11:57:00"}
{"customer_id": "C106", "basket": [{"product_id": "P28", "price": 639}, {"product_id": "P22", "price": 1322}], "date_of_purchase": "2019-01-11 19:52:00"}
{"customer_id": "C112", "basket": [{"product_id": "P39", "price": 160}], "date_of_purchase": "2019-01-11 15:08:00"}
{"customer_id": "C114", "basket": [{"product_id": "P34", "price": 747}, {"product_id": "P24", "price": 1559}], "date_of_purchase": "2019-01-11 22:32:00"}
{"customer_id": "C123", "basket": [{"product_id": "P43", "price": 1161}, {"product_id": "P44", "price": 827}], "date_of_purchase": "2019-01-11 07:27:00"}
{"customer_id": "C125", "basket": [{"product_id": "P61", "price": 1241}, {"product_id": "P62", "price": 1204}, {"product_id": "P63", "price": 981}], "date_of_purchase": "2019-01-11 09:32:00"}
