{"customer_id": "C30", "basket": [{"product_id": "P49", "price": 1742}, {"product_id": "P42", "price": 1701}], "date_of_purchase": "2019-01-07 07:46:00"}
{"customer_id": "C35", "basket": [{"product_id": "P33", "price": 1263}, {"product_id": "P32", "price": 1120}], "date_of_purchase": "2019-01-07 13:03:00"}
{"customer_id": "C36", "basket": [{"product_id": "P61", "price": 1558}], "date_of_purchase": "2019-01-07 15:48:00"}
{"customer_id": "C37", "basket": [{"product_id": "P33", "price": 479}, {"product_id": "P31", "price": 1065}, {"product_id": "P25", "price": 226}], "date_of_purchase": "2019-01-07 20:59:00"}
{"customer_id": "C38", "basket": [{"product_id": "P62", "price": 1737}, {"product_id": "P63", "price": 1334}], "date_of_purchase": "2019-01-07 07:21:00"}
{"customer_id": "C42", "basket": [{"product_id": "P30", "price": 1562}, {"product_id": "P22", "price": 1917}, {"product_id": "P26", "price": 580}], "date_of_purchase": "2019-01-07 22:19:00"}
{"customer_id": "C43", "basket": [{"product_id": "P62", "price": 558}, {"product_id": "P62", "price": 243}], "date_of_purchase": "2019-01-07 22:11:00"}
{"customer_id": "C50", "basket": [{"product_id": "P62", "price": 1852}, {"product_id": "P61", "price": 202}], "date_of_purchase": "2019-01-07 06:06:00"}
{"customer_id": "C53", "basket": [{"product_id": "P10", "price": 1409}, {"product_id": "P04", "price": 809}], "date_of_purchase": "2019-01-07 11:32:00"}
{"customer_id": "C57", "basket": [{"product_id": "P29", "price": 563}, {"product_id": "P22", "price": 1204}], "date_of_purchase": "2019-01-07 02:48:00"}
{"customer_id": "C58", "basket": [{"product_id": "P40", "price": 1949}], "date_of_purchase": "2019-01-07 12:12:00"}
{"customer_id": "C60", "basket": [{"product_id": "P36", "price": 779}, {"product_id": "P37", "price": 1453}], "date_of_purchase": "2019-01-07 23:40:00"}
{"customer_id": "C64", "basket": [{"product_id": "P27", "price": 1949}], "date_of_purchase": "2019-01-07 06:22:00"}
{"customer_id": "C70", "basket": [{"product_id": "P24", "price": 1513}], "date_of_purchase": "2019-01-07 06:26:00"}
{"customer_id": "C74", "basket": [{"product_id": "P14", "price": 688}, {"product_id": "P14", "price": 768}, {"product_id": "P20", "price": 1650}], "date_of_purchase": "2019-01-07 22:33:00"}
{"customer_id": "C75", "basket": [{"product_id": "P18", "price": 1423}], "date_of_purchase": "2019-01-07 02:49:00"}
{"customer_id": "C76", "basket": [{"product_id": "P54", "price": 1941}], "date_of_purchase": "2019-01-07 23:26:00"}
{"customer_id": "C78", "basket": [{"product_id": "P31", "price": 1161}], "date_of_purchase": "2019-01-07 04:48:00"}
{"customer_id": "C80", "basket": [{"product_id": "P63", "price": 661}, {"product_id": "P61", "price": 513}], "date_of_purchase": "2019-01-07 03:51:00"}
{"customer_id": "C81", "basket": [{"product_id": "P42", "price": 1204}, {"product_id": "P46", "price": 1768}, {"product_id": "P41", "price": 1635}], "date_of_purchase": "2019-01-07 12:08:00"}
{"customer_id": "C86", "basket": [{"product_id": "P34", "price": 1519}, {"product_id": "P31", "price": 1218}], "date_of_purchase": "2019-01-07 22:25:00"}
{"customer_id": "C91", "basket": [{"product_id": "P33", "price": 591}, {"product_id": "P32", "price": 907}], "date_of_purchase": "2019-01-07 11:17:00"}
{"customer_id": "C92", "basket": [{"product_id": "P51", "price": 277}, {"product_id": "P46", "price": 218}, {"product_id": "P59", "price": 1088}], "date_of_purchase": "2019-01-07 05:36:00"}
{"customer_id": "C98", "basket": [{"product_id": "P38", "price": 1619}, {"product_id": "P38", "price": 1661}, {"product_id": "P35", "price": 668}], "date_of_purchase": "2019-01-07 06:11:00"}
{"customer_id": "C117", "basket": [{"product_id": "P41", "price": 1631}, {"product_id": "P50", "price": 621}], "date_of_purchase": "2019-01-07 12:25:00"}
{"customer_id": "C118", "basket": [{"product_id": "P36", "price": 377}, {"product_id": "P36", "price": 1269}, {"product_id": "P38", "price": 1621}], "date_of_purchase": "2019-01-07 06:22:00"}
{"customer_id": "C129", "basket": [{"product_id": "P25", "price": 1789}, {"product_id": "P31", "price": 207}, {"product_id": "P34", "price": 1921}], "date_of_purchase": "2019-01-07 06:47:00"}
{"customer_id": "C136", "basket": [{"product_id": "P46", "price": 1528}, {"product_id": "P56", "price": 1163}], "date_of_purchase": "2019-01-07 21:15:00"}
