{"customer_id": "C9", "basket": [{"product_id": "P12", "price": 1127}, {"product_id": "P11", "price": 1727}], "date_of_purchase": "2018-12-19 14:46:00"}
{"customer_id": "C11", "basket": [{"product_id": "P09", "price": 640}], "date_of_purchase": "2018-12-19 10:17:00"}
{"customer_id": "C19", "basket": [{"product_id": "P27", "price": 877}, {"product_id": "P27", "price": 463}, {"product_id": "P33", "price": 396}], "date_of_purchase": "2018-12-19 19:28:00"}
{"customer_id": "C32", "basket": [{"product_id": "P14", "price": 469}, {"product_id": "P19", "price": 1630}], "date_of_purchase": "2018-12-19 13:55:00"}
{"customer_id": "C37", "basket": [{"product_id": "P34", "price": 1688}, {"product_id": "P33", "price": 1547}, {"product_id": "P23", "price": 1356}], "date_of_purchase": "2018-12-19 03:05:00"}
{"customer_id": "C38", "basket": [{"product_id": "P33", "price": 1303}, {"product_id": "P32", "price": 1322}, {"product_id": "P22", "price": 1579}], "date_of_purchase": "2018-12-19 08:42:00"}
{"customer_id": "C49", "basket": [{"product_id": "P50", "price": 1489}], "date_of_purchase": "2018-12-19 10:23:00"}
{"customer_id": "C50", "basket": [{"product_id": "P64", "price": 1616}], "date_of_purchase": "2018-12-19 14:54:00"}
{"customer_id": "C52", "basket": [{"product_id": "P12", "price": 1829}, {"product_id": "P04", "price": 1863}, {"product_id": "P12", "price": 1225}], "date_of_purchase": "2018-12-19 07:46:00"}
{"customer_id": "C58", "basket": [{"product_id": "P63", "price": 13}, {"product_id": "P64", "price": 584}, {"product_id": "P64", "price": 1160}], "date_of_purchase": "2018-12-19 12:33:00"}
{"customer_id": "C59", "basket": [{"product_id": "P28", "price": 1662}], "date_of_purchase": "2018-12-19 07:45:00"}
{"customer_id": "C60", "basket": [{"product_id": "P37", "price": 1801}, {"product_id": "P40", "price": 1270}, {"product_id": "P37", "price": 262}], "date_of_purchase": "2018-12-19 07:15:00"}
{"customer_id": "C64", "basket": [{"product_id": "P27", "price": 1109}, {"product_id": "P34", "price": 1403}], "date_of_purchase": "2018-12-19 13:38:00"}
{"customer_id": "C68", "basket": [{"product_id": "P28", "price": 1579}, {"product_id": "P31", "price": 1202}, {"product_id": "P28", "price": 1375}], "date_of_purchase": "2018-12-19 17:23:00"}
{"customer_id": "C75", "basket": [{"product_id": "P52", "price": 658}, {"product_id": "P56", "price": 1311}, {"product_id": "P58", "price": 267}], "date_of_purchase": "2018-12-19 18:02:00"}
{"customer_id": "C78", "basket": [{"product_id": "P61", "price": 948}, {"product_id": "P63", "price": 1094}, {"product_id": "P63", "price": 845}], "date_of_purchase": "2018-12-19 08:21:00"}
{"customer_id": "C84", "basket": [{"product_id": "P40", "price": 1780}], "date_of_purchase": "2018-12-19 07:54:00"}
{"customer_id": "C89", "basket": [{"product_id": "P38", "price": 1782}, {"product_id": "P35", "price": 788}, {"product_id": "P36", "price": 973}], "date_of_purchase": "2018-12-19 20:40:00"}
{"customer_id": "C90", "basket": [{"product_id": "P61", "price": 119}], "date_of_purchase": "2018-12-19 23:33:00"}
{"customer_id": "C93", "basket": [{"product_id": "P47", "price": 1935}], "date_of_purchase": "2018-12-19 13:10:00"}
{"customer_id": "C108", "basket": [{"product_id": "P44", "price": 1711}, {"product_id": "P45", "price": 68}], "date_of_purchase": "2018-12-19 21:17:00"}
{"customer_id": "C115", "basket": [{"product_id": "P47", "price": 410}, {"product_id": "P53", "price": 1018}], "date_of_purchase": "2018-12-19 10:26:00"}
{"customer_id": "C118", "basket": [{"product_id": "P30", "price": 245}, {"product_id": "P23", "price": 1135}], "date_of_purchase": "2018-12-19 05:13:00"}
{"customer_id": "C119", "basket": [{"product_id": "P49", "price": 1038}, {"product_id": "P48", "price": 1300}], "date_of_purchase": "2018-12-19 21:19:00"}
{"customer_id": "C124", "basket": [{"product_id": "P27", "price": 140}, {"product_id": "P34", "price": 1284}], "date_of_purchase": "2018-12-19 08:53:00"}
{"customer_id": "C136", "basket": [{"product_id": "P60", "price": 1547}], "date_of_purchase": "2018-12-19 16:44:00"}
