{"customer_id": "C4", "basket": [{"product_id": "P11", "price": 799}, {"product_id": "P09", "price": 191}], "date_of_purchase": "2019-02-11 06:00:00"}
{"customer_id": "C7", "basket": [{"product_id": "P37", "price": 347}], "date_of_purchase": "2019-02-11 23:19:00"}
{"customer_id": "C11", "basket": [{"product_id": "P39", "price": 1535}], "date_of_purchase": "2019-02-11 14:14:00"}
{"customer_id": "C16", "basket": [{"product_id": "P55", "price": 991}, {"product_id": "P42", "price": 37}], "date_of_purchase": "2019-02-11 13:27:00"}
{"customer_id": "C19", "basket": [{"product_id": "P57", "price": 1050}, {"product_id": "P58", "price": 588}], "date_of_purchase": "2019-02-11 03:27:00"}
{"customer_id": "C34", "basket": [{"product_id": "P42", "price": 91}, {"product_id": "P55", "price": 1152}, {"product_id": "P54", "price": 1340}], "date_of_purchase": "2019-02-11 15:12:00"}
{"customer_id": "C46", "basket": [{"product_id": "P24", "price": 1396}, {"product_id": "P25", "price": 1132}, {"product_id": "P24", "price": 965}], "date_of_purchase": "2019-02-11 05:25:00"}
{"customer_id": "C54", "basket": [{"product_id": "P50", "price": 578}, {"product_id": "P59", "price": 270}, {"product_id": "P49", "price": 1623}], "date_of_purchase": "2019-02-11 08:20:00"}
{"customer_id": "C60", "basket": [{"product_id": "P35", "price": 244}], "date_of_purchase": "2019-02-11 21:34:00"}
{"customer_id": "C64", "basket": [{"product_id": "P32", "price": 699}], "date_of_purchase": "2019-02-11 17:37:00"}
{"customer_id": "C67", "basket": [{"product_id": "P39", "price": 595}, {"product_id": "P40", "price": 521}, {"product_id": "P36", "price": 1318}], "date_of_purchase": "2019-02-11 21:32:00"}
{"customer_id": "C69", "basket": [{"product_id": "P62", "price": 1831}, {"product_id": "P63", "price": 394}, {"product_id": "P61", "price": 1325}], "date_of_purchase": "2019-02-11 14:20:00"}
{"customer_id": "C70", "basket": [{"product_id": "P03", "price": 233}], "date_of_purchase": "2019-02-11 20:12:00"}
{"customer_id": "C76", "basket": [{"product_id": "P50", "price": 698}, {"product_id": "P59", "price": 872}], "date_of_purchase": "2019-02-11 17:24:00"}
{"customer_id": "C79", "basket": [{"product_id": "P52", "price": 1292}, {"product_id": "P57", "price": 657}, {"product_id": "P60", "price": 1074}], "date_of_purchase": "2019-02-11 21:52:00"}
{"customer_id": "C80", "basket": [{"product_id": "P62", "price": 1122}, {"product_id": "P61", "price": 239}], "date_of_purchase": "2019-02-11 03:53:00"}
{"customer_id": "C96", "basket": [{"product_id": "P35", "price": 304}, {"product_id": "P40", "price": 892}], "date_of_purchase": "2019-02-11 20:11:00"}
{"customer_id": "C98", "basket": [{"product_id": "P38", "price": 1775}], "date_of_purchase": "2019-02-11 07:56:00"}
{"customer_id": "C109", "basket": [{"product_id": "P32", "price": 693}, {"product_id": "P27", "price": 777}, {"product_id": "P23", "price": 847}], "date_of_purchase": "2019-02-11 11:33:00"}
{"customer_id": "C116", "basket": [{"product_id": "P64", "price": 7}, {"product_id": "P61", "price": 207}, {"product_id": "P62", "price": 1968}], "date_of_purchase": "2019-02-11 14:56:00"}
