{"customer_id": "C14", "basket": [{"product_id": "P25", "price": 183}, {"product_id": "P27", "price": 1789}, {"product_id": "P33", "price": 1232}], "date_of_purchase": "2019-01-02 14:26:00"}
{"customer_id": "C16", "basket": [{"product_id": "P58", "price": 147}, {"product_id": "P45", "price": 1697}], "date_of_purchase": "2019-01-02 21:30:00"}
{"customer_id": "C19", "basket": [{"product_id": "P05", "price": 1987}, {"product_id": "P01", "price": 1181}], "date_of_purchase": "2019-01-02 14:02:00"}
{"customer_id": "C23", "basket": [{"product_id": "P38", "price": 1737}], "date_of_purchase": "2019-01-02 20:01:00"}
{"customer_id": "C24", "basket": [{"product_id": "P28", "price": 1891}], "date_of_purchase": "2019-01-02 13:50:00"}
{"customer_id": "C25", "basket": [{"product_id": "P59", "price": 1936}, {"product_id": "P54", "price": 1860}], "date_of_purchase": "2019-01-02 08:13:00"}
{"customer_id": "C26", "basket": [{"product_id": "P36", "price": 1207}, {"product_id": "P36", "price": 273}, {"product_id": "P39", "price": 1926}], "date_of_purchase": "2019-01-02 22:41:00"}
{"customer_id": "C31", "basket": [{"product_id": "P01", "price": 673}, {"product_id": "P12", "price": 510}], "date_of_purchase": "2019-01-02 22:37:00"}
{"customer_id": "C36", "basket": [{"product_id": "P40", "price": 773}, {"product_id": "P38", "price": 937}, {"product_id": "P37", "price": 597}], "date_of_purchase": "2019-01-02 03:11:00"}
{"customer_id": "C42", "basket": [{"product_id": "P24", "price": 1835}, {"product_id": "P22", "price": 425}, {"product_id": "P31", "price": 1932}], "date_of_purchase": "2019-01-02 09:18:00"}
{"customer_id": "C52", "basket": [{"product_id": "P23", "price": 425}, {"product_id": "P32", "price": 12}, {"product_id": "P29", "price": 1504}], "date_of_purchase": "2019-01-02 21:24:00"}
{"customer_id": "C55", "basket": [{"product_id": "P56", "price": 354}, {"product_id": "P52", "price": 724}, {"product_id": "P48", "price": 1253}], "date_of_purchase": "2019-01-02 20:12:00"}
{"customer_id": "C77", "basket": [{"product_id": "P57", "price": 277}, {"product_id": "P50", "price": 1122}, {"product_id": "P60", "price": 1851}], "date_of_purchase": "2019-01-02 16:53:00"}
{"customer_id": "C80", "basket": [{"product_id": "P64", "price": 984}], "date_of_purchase": "2019-01-02 10:05:00"}
{"customer_id": "C83", "basket": [{"product_id": "P61", "price": 1715}, {"product_id": "P61", "price": 1736}, {"product_id": "P61", "price": 846}], "date_of_purchase": "2019-01-02 17:47:00"}
{"customer_id": "C84", "basket": [{"product_id": "P40", "price": 1280}, {"product_id": "P35", "price": 967}], "date_of_purchase": "2019-01-02 03:34:00"}
{"customer_id": "C97", "basket": [{"product_id": "P22", "price": 355}, {"product_id": "P30", "price": 457}, {"product_id": "P27", "price": 688}], "date_of_purchase": "2019-01-02 07:45:00"}
{"customer_id": "C114", "basket": [{"product_id": "P29", "price": 1614}, {"product_id": "P28", "price": 1061}], "date_of_purchase": "2019-01-02 13:45:00"}
{"customer_id": "C119", "basket": [{"product_id": "P09", "price": 952}, {"product_id": "P05", "price": 476}, {"product_id": "P09", "price": 125}], "date_of_purchase": "2019-01-02 17:16:00"}
{"customer_id": "C121", "basket": [{"product_id": "P63", "price": 77}, {"product_id": "P62", "price": 814}], "date_of_purchase": "2019-01-02 05:48:00"}
{"customer_id": "C125", "basket": [{"product_id": "P34", "price": 718}, {"product_id": "P29", "price": 1884}, {"product_id": "P29", "price": 428}], "date_of_purchase": "2019-01-02 11:42:00"}
{"customer_id": "C133", "basket": [{"product_id": "P39", "price": 494}], "date_of_purchase": "2019-01-02 21:46:00"}
{"customer_id": "C135", "basket": [{"product_id": "P55", "price": 1809}, {"product_id": "P59", "price": 287}], "date_of_purchase": "2019-01-02 13:21:00"}
