{"customer_id": "C1", "basket": [{"product_id": "P48", "price": 626}, {"product_id": "P47", "price": 955}], "date_of_purchase": "2018-12-08 16:48:00"}
{"customer_id": "C2", "basket": [{"product_id": "P63", "price": 214}, {"product_id": "P61", "price": 1065}], "date_of_purchase": "2018-12-08 19:50:00"}
{"customer_id": "C14", "basket": [{"product_id": "P26", "price": 1623}, {"product_id": "P34", "price": 251}], "date_of_purchase": "2018-12-08 11:50:00"}
{"customer_id": "C15", "basket": [{"product_id": "P18", "price": 457}, {"product_id": "P15", "price": 864}], "date_of_purchase": "2018-12-08 10:33:00"}
{"customer_id": "C19", "basket": [{"product_id": "P07", "price": 1679}, {"product_id": "P12", "price": 1909}, {"product_id": "P03", "price": 1121}], "date_of_purchase": "2018-12-08 22:32:00"}
{"customer_id": "C24", "basket": [{"product_id": "P31", "price": 600}, {"product_id": "P27", "price": 1627}], "date_of_purchase": "2018-12-08 21:32:00"}
{"customer_id": "C25", "basket": [{"product_id": "P02", "price": 434}, {"product_id": "P05", "price": 895}, {"product_id": "P06", "price": 75}], "date_of_purchase": "2018-12-08 19:30:00"}
{"customer_id": "C34", "basket": [{"product_id": "P12", "price": 1678}], "date_of_purchase": "2018-12-08 16:29:00"}
{"customer_id": "C40", "basket": [{"product_id": "P38", "price": 1748}], "date_of_purchase": "2018-12-08 15:33:00"}
{"customer_id": "C41", "basket": [{"product_id": "P57", "price": 196}, {"product_id": "P51", "price": 1513}, {"product_id": "P47", "price": 1774}], "date_of_purchase": "2018-12-08 22:34:00"}
{"customer_id": "C44", "basket": [{"product_id": "P47", "price": 111}, {"product_id": "P57", "price": 1573}], "date_of_purchase": "2018-12-08 13:17:00"}
{"customer_id": "C56", "basket": [{"product_id": "P07", "price": 59}, {"product_id": "P09", "price": 628}, {"product_id": "P03", "price": 1622}], "date_of_purchase": "2018-12-08 18:48:00"}
{"customer_id": "C57", "basket": [{"product_id": "P31", "price": 865}, {"product_id": "P33", "price": 7}], "date_of_purchase": "2018-12-08 11:46:00"}
{"customer_id": "C58", "basket": [{"product_id": "P36", "price": 1170}], "date_of_purchase": "2018-12-08 15:54:00"}
{"customer_id": "C67", "basket": [{"product_id": "P38", "price": 274}, {"product_id": "P38", "price": 1090}], "date_of_purchase": "2018-12-08 21:50:00"}
{"customer_id": "C82", "basket": [{"product_id": "P37", "price": 1512}, {"product_id": "P39", "price": 846}, {"product_id": "P38", "price": 582}], "date_of_purchase": "2018-12-08 08:29:00"}
{"customer_id": "C86", "basket": [{"product_id": "P34", "price": 192}], "date_of_purchase": "2018-12-08 07:35:00"}
{"customer_id": "C88", "basket": [{"product_id": "P22", "price": 1878}, {"product_id": "P26", "price": 1154}, {"product_id": "P30", "price": 1055}], "date_of_purchase": "2018-12-08 11:27:00"}
{"customer_id": "C89", "basket": [{"product_id": "P10", "price": 576}, {"product_id": "P12", "price": 83}, {"product_id": "P03", "price": 401}], "date_of_purchase": "2018-12-08 14:15:00"}
{"customer_id": "C98", "basket": [{"product_id": "P39", "price": 1235}], "date_of_purchase": "2018-12-08 18:15:00"}
{"customer_id": "C108", "basket": [{"product_id": "P32", "price": 44}, {"product_id": "P22", "price": 6}], "date_of_purchase": "2018-12-08 03:41:00"}
{"customer_id": "C109", "basket": [{"product_id": "P30", "price": 520}, {"product_id": "P31", "price": 310}, {"product_id": "P32", "price": 774}], "date_of_purchase": "2018-12-08 21:06:00"}
{"customer_id": "C112", "basket": [{"product_id": "P36", "price": 258}, {"product_id": "P39", "price": 381}, {"product_id": "P35", "price": 1342}], "date_of_purchase": "2018-12-08 07:17:00"}
{"customer_id": "C113", "basket": [{"product_id": "P52", "price": 751}], "date_of_purchase": "2018-12-08 14:00:00"}
{"customer_id": "C115", "basket": [{"product_id": "P45", "price": 1786}, {"product_id": "P54", "price": 83}, {"product_id": "P44", "price": 481}], "date_of_purchase": "2018-12-08 15:27:00"}
{"customer_id": "C118", "basket": [{"product_id": "P22", "price": 994}, {"product_id": "P32", "price": 838}], "date_of_purchase": "2018-12-08 21:14:00"}
