{"customer_id": "C1", "basket": [{"product_id": "P43", "price": 1529}, {"product_id": "P53", "price": 490}], "date_of_purchase": "2018-12-21 18:14:00"}
{"customer_id": "C4", "basket": [{"product_id": "P09", "price": 883}, {"product_id": "P09", "price": 1315}, {"product_id": "P01", "price": 1459}], "date_of_purchase": "2018-12-21 08:11:00"}
{"customer_id": "C8", "basket": [{"product_id": "P04", "price": 1059}, {"product_id": "P02", "price": 1672}], "date_of_purchase": "2018-12-21 04:18:00"}
{"customer_id": "C19", "basket": [{"product_id": "P31", "price": 248}], "date_of_purchase": "2018-12-21 06:35:00"}
{"customer_id": "C40", "basket": [{"product_id": "P33", "price": 1111}], "date_of_purchase": "2018-12-21 20:21:00"}
{"customer_id": "C43", "basket": [{"product_id": "P22", "price": 1903}], "date_of_purchase": "2018-12-21 14:58:00"}
{"customer_id": "C46", "basket": [{"product_id": "P34", "price": 164}], "date_of_purchase": "2018-12-21 09:26:00"}
{"customer_id": "C70", "basket": [{"product_id": "P64", "price": 1812}], "date_of_purchase": "2018-12-21 05:21:00"}
{"customer_id": "C73", "basket": [{"product_id": "P48", "price": 1266}], "date_of_purchase": "2018-12-21 14:00:00"}
{"customer_id": "C78", "basket": [{"product_id": "P62", "price": 377}, {"product_id": "P64", "price": 603}], "date_of_purchase": "2018-12-21 20:15:00"}
{"customer_id": "C80", "basket": [{"product_id": "P62", "price": 725}], "date_of_purchase": "2018-12-21 09:16:00"}
{"customer_id": "C81", "basket": [{"product_id": "P47", "price": 189}], "date_of_purchase": "2018-12-21 21:10:00"}
{"customer_id": "C84", "basket": [{"product_id": "P37", "price": 893}, {"product_id": "P39", "price": 1496}, {"product_id": "P40", "price": 1477}], "date_of_purchase": "2018-12-21 22:03:00"}
{"customer_id": "C86", "basket": [{"product_id": "P42", "price": 575}, {"product_id": "P50", "price": 1225}, {"product_id": "P58", "price": 290}], "date_of_purchase": "2018-12-21 05:11:00"}
{"customer_id": "C104", "basket": [{"product_id": "P39", "price": 1159}], "date_of_purchase": "2018-12-21 20:22:00"}
{"customer_id": "C105", "basket": [{"product_id": "P04", "price": 311}], "date_of_purchase": "2018-12-21 05:15:00"}
{"customer_id": "C112", "basket": [{"product_id": "P56", "price": 409}, {"product_id": "P55", "price": 1328}], "date_of_purchase": "2018-12-21 23:22:00"}
{"customer_id": "C117", "basket": [{"product_id": "P49", "price": 236}, {"product_id": "P55", "price": 272}], "date_of_purchase": "2018-12-21 04:09:00"}
{"customer_id": "C118", "basket": [{"product_id": "P02", "price": 1825}, {"product_id": "P04", "price": 1053}, {"product_id": "P10", "price": 1102}], "date_of_purchase": "2018-12-21 15:41:00"}
{"customer_id": "C122", "basket": [{"product_id": "P64", "price": 306}, {"product_id": "P64", "price": 234}, {"product_id": "P61", "price": 839}], "date_of_purchase": "2018-12-21 04:33:00"}
{"customer_id": "C129", "basket": [{"product_id": "P23", "price": 1680}, {"product_id": "P24", "price": 1047}, {"product_id": "P30", "price": 1372}], "date_of_purchase": "2018-12-21 03:26:00"}
{"customer_id": "C134", "basket": [{"product_id": "P28", "price": 1014}, {"product_id": "P26", "price": 974}], "date_of_purchase": "2018-12-21 09:16:00"}
{"customer_id": "C135", "basket": [{"product_id": "P58", "price": 327}, {"product_id": "P48", "price": 781}], "date_of_purchase": "2018-12-21 03:25:00"}
