{"customer_id": "C3", "basket": [{"product_id": "P05", "price": 1683}, {"product_id": "P06", "price": 1604}], "date_of_purchase": "2019-01-19 16:22:00"}
{"customer_id": "C10", "basket": [{"product_id": "P07", "price": 1204}], "date_of_purchase": "2019-01-19 04:07:00"}
{"customer_id": "C17", "basket": [{"product_id": "P31", "price": 1158}, {"product_id": "P31", "price": 43}, {"product_id": "P27", "price": 72}], "date_of_purchase": "2019-01-19 10:04:00"}
{"customer_id": "C19", "basket": [{"product_id": "P22", "price": 987}], "date_of_purchase": "2019-01-19 09:47:00"}
{"customer_id": "C24", "basket": [{"product_id": "P31", "price": 1657}], "date_of_purchase": "2019-01-19 04:44:00"}
{"customer_id": "C26", "basket": [{"product_id": "P06", "price": 960}, {"product_id": "P03", "price": 1444}], "date_of_purchase": "2019-01-19 19:16:00"}
{"customer_id": "C27", "basket": [{"product_id": "P33", "price": 1105}, {"product_id": "P26", "price": 756}], "date_of_purchase": "2019-01-19 09:38:00"}
{"customer_id": "C38", "basket": [{"product_id": "P62", "price": 421}, {"product_id": "P64", "price": 1777}], "date_of_purchase": "2019-01-19 09:28:00"}
{"customer_id": "C39", "basket": [{"product_id": "P02", "price": 1930}], "date_of_purchase": "2019-01-19 18:08:00"}
{"customer_id": "C41", "basket": [{"product_id": "P35", "price": 157}, {"product_id": "P38", "price": 672}], "date_of_purchase": "2019-01-19 20:35:00"}
{"customer_id": "C45", "basket": [{"product_id": "P36", "price": 726}, {"product_id": "P38", "price": 1580}, {"product_id": "P37", "price": 815}], "date_of_purchase": "2019-01-19 16:09:00"}
{"customer_id": "C49", "basket": [{"product_id": "P33", "price": 1584}, {"product_id": "P22", "price": 179}, {"product_id": "P28", "price": 839}], "date_of_purchase": "2019-01-19 12:13:00"}
{"customer_id": "C52", "basket": [{"product_id": "P32", "price": 1583}, {"product_id": "P33", "price": 1185}, {"product_id": "P26", "price": 1104}], "date_of_purchase": "2019-01-19 19:11:00"}
{"customer_id": "C55", "basket": [{"product_id": "P59", "price": 430}], "date_of_purchase": "2019-01-19 23:38:00"}
{"customer_id": "C64", "basket": [{"product_id": "P23", "price": 1358}, {"product_id": "P28", "price": 1631}], "date_of_purchase": "2019-01-19 17:34:00"}
{"customer_id": "C68", "basket": [{"product_id": "P48", "price": 1462}, {"product_id": "P46", "price": 268}], "date_of_purchase": "2019-01-19 02:53:00"}
{"customer_id": "C75", "basket": [{"product_id": "P20", "price": 6}], "date_of_purchase": "2019-01-19 17:19:00"}
{"customer_id": "C77", "basket": [{"product_id": "P49", "price": 94}, {"product_id": "P49", "price": 1051}], "date_of_purchase": "2019-01-19 07:08:00"}
{"customer_id": "C78", "basket": [{"product_id": "P24", "price": 410}, {"product_id": "P33", "price": 1390}], "date_of_purchase": "2019-01-19 11:54:00"}
{"customer_id": "C79", "basket": [{"product_id": "P34", "price": 1005}], "date_of_purchase": "2019-01-19 11:53:00"}
{"customer_id": "C81", "basket": [{"product_id": "P42", "price": 1762}, {"product_id": "P42", "price": 801}], "date_of_purchase": "2019-01-19 14:49:00"}
{"customer_id": "C89", "basket": [{"product_id": "P38", "price": 1826}, {"product_id": "P35", "price": 514}], "date_of_purchase": "2019-01-19 09:50:00"}
{"customer_id": "C95", "basket": [{"product_id": "P51", "price": 714}], "date_of_purchase": "2019-01-19 13:52:00"}
{"customer_id": "C98", "basket": [{"product_id": "P37", "price": 552}], "date_of_purchase": "2019-01-19 05:07:00"}
{"customer_id": "C104", "basket": [{"product_id": "P37", "price": 954}, {"product_id": "P35", "price": 1497}, {"product_id": "P37", "price": 798}], "date_of_purchase": "2019-01-19 07:10:00"}
{"customer_id": "C118", "basket": [{"product_id": "P39", "price": 1850}, {"product_id": "P35", "price": 1045}], "date_of_purchase": "2019-01-19 12:42:00"}
{"customer_id": "C124", "basket": [{"product_id": "P39", "price": 1419}, {"product_id": "P36", "price": 1274}, {"product_id": "P39", "price": 335}], "date_of_purchase": "2019-01-19 15:17:00"}
{"customer_id": "C125", "basket": [{"product_id": "P27", "price": 1225}, {"product_id": "P25", "price": 393}], "date_of_purchase": "2019-01-19 18:42:00"}
{"customer_id": "C130", "basket": [{"product_id": "P39", "price": 1705}], "date_of_purchase": "2019-01-19 11:17:00"}
