{"customer_id": "C5", "basket": [{"product_id": "P26", "price": 1826}, {"product_id": "P29", "price": 1460}], "date_of_purchase": "2019-02-21 12:43:00"}
{"customer_id": "C33", "basket": [{"product_id": "P39", "price": 1643}, {"product_id": "P36", "price": 939}, {"product_id": "P35", "price": 1646}], "date_of_purchase": "2019-02-21 20:59:00"}
{"customer_id": "C38", "basket": [{"product_id": "P37", "price": 1473}, {"product_id": "P39", "price": 280}], "date_of_purchase": "2019-02-21 21:53:00"}
{"customer_id": "C40", "basket": [{"product_id": "P47", "price": 67}], "date_of_purchase": "2019-02-21 19:25:00"}
{"customer_id": "C52", "basket": [{"product_id": "P09", "price": 1910}, {"product_id": "P05", "price": 666}, {"product_id": "P08", "price": 1675}], "date_of_purchase": "2019-02-21 17:46:00"}
{"customer_id": "C56", "basket": [{"product_id": "P38", "price": 1628}, {"product_id": "P35", "price": 667}], "date_of_purchase": "2019-02-21 16:45:00"}
{"customer_id": "C63", "basket": [{"product_id": "P25", "price": 1676}, {"product_id": "P26", "price": 1513}], "date_of_purchase": "2019-02-21 11:18:00"}
{"customer_id": "C64", "basket": [{"product_id": "P01", "price": 618}], "date_of_purchase": "2019-02-21 08:06:00"}
{"customer_id": "C66", "basket": [{"product_id": "P38", "price": 180}, {"product_id": "P36", "price": 70}, {"product_id": "P37", "price": 1948}], "date_of_purchase": "2019-02-21 23:03:00"}
{"customer_id": "C74", "basket": [{"product_id": "P18", "price": 1085}, {"product_id": "P17", "price": 1782}], "date_of_purchase": "2019-02-21 10:38:00"}
{"customer_id": "C80", "basket": [{"product_id": "P63", "price": 1180}, {"product_id": "P61", "price": 1468}], "date_of_purchase": "2019-02-21 09:57:00"}
{"customer_id": "C81", "basket": [{"product_id": "P53", "price": 795}, {"product_id": "P60", "price": 1986}, {"product_id": "P49", "price": 1872}], "date_of_purchase": "2019-02-21 18:07:00"}
{"customer_id": "C82", "basket": [{"product_id": "P40", "price": 977}], "date_of_purchase": "2019-02-21 19:10:00"}
{"customer_id": "C84", "basket": [{"product_id": "P36", "price": 582}], "date_of_purchase": "2019-02-21 19:03:00"}
{"customer_id": "C92", "basket": [{"product_id": "P64", "price": 630}, {"product_id": "P63", "price": 1761}], "date_of_purchase": "2019-02-21 13:14:00"}
{"customer_id": "C93", "basket": [{"product_id": "P55", "price": 1222}, {"product_id": "P53", "price": 1966}, {"product_id": "P57", "price": 747}], "date_of_purchase": "2019-02-21 04:01:00"}
{"customer_id": "C101", "basket": [{"product_id": "P45", "price": 945}, {"product_id": "P43", "price": 1006}, {"product_id": "P51", "price": 1617}], "date_of_purchase": "2019-02-21 18:55:00"}
{"customer_id": "C106", "basket": [{"product_id": "P31", "price": 932}, {"product_id": "P27", "price": 832}], "date_of_purchase": "2019-02-21 11:33:00"}
{"customer_id": "C109", "basket": [{"product_id": "P23", "price": 103}, {"product_id": "P30", "price": 1248}, {"product_id": "P29", "price": 824}], "date_of_purchase": "2019-02-21 04:02:00"}
{"customer_id": "C114", "basket": [{"product_id": "P45", "price": 5}, {"product_id": "P59", "price": 279}], "date_of_purchase": "2019-02-21 04:57:00"}
{"customer_id": "C117", "basket": [{"product_id": "P54", "price": 1725}, {"product_id": "P50", "price": 1245}, {"product_id": "P44", "price": 1814}], "date_of_purchase": "2019-02-21 07:21:00"}
{"customer_id": "C118", "basket": [{"product_id": "P27", "price": 1769}, {"product_id": "P31", "price": 1760}], "date_of_purchase": "2019-02-21 17:14:00"}
{"customer_id": "C119", "basket": [{"product_id": "P02", "price": 1340}, {"product_id": "P03", "price": 914}], "date_of_purchase": "2019-02-21 06:44:00"}
{"customer_id": "C121", "basket": [{"product_id": "P61", "price": 940}, {"product_id": "P61", "price": 1938}], "date_of_purchase": "2019-02-21 07:19:00"}
{"customer_id": "C122", "basket": [{"product_id": "P63", "price": 1917}, {"product_id": "P62", "price": 1717}], "date_of_purchase": "2019-02-21 08:28:00"}
{"customer_id": "C123", "basket": [{"product_id": "P44", "price": 791}, {"product_id": "P52", "price": 1255}, {"product_id": "P59", "price": 1668}], "date_of_purchase": "2019-02-21 16:20:00"}
{"customer_id": "C126", "basket": [{"product_id": "P08", "price": 599}, {"product_id": "P03", "price": 538}], "date_of_purchase": "2019-02-21 05:35:00"}
{"customer_id": "C129", "basket": [{"product_id": "P29", "price": 1070}, {"product_id": "P33", "price": 482}], "date_of_purchase": "2019-02-21 08:31:00"}
{"customer_id": "C131", "basket": [{"product_id": "P33", "price": 1771}, {"product_id": "P23", "price": 1042}, {"product_id": "P30", "price": 1564}], "date_of_purchase": "2019-02-21 06:46:00"}
{"customer_id": "C137", "basket": [{"product_id": "P50", "price": 192}, {"product_id": "P57", "price": 700}], "date_of_purchase": "2019-02-21 07:24:00"}
