{"customer_id": "C9", "basket": [{"product_id": "P15", "price": 1488}, {"product_id": "P18", "price": 209}], "date_of_purchase": "2019-01-23 13:45:00"}
{"customer_id": "C25", "basket": [{"product_id": "P47", "price": 1845}, {"product_id": "P59", "price": 20}], "date_of_purchase": "2019-01-23 22:11:00"}
{"customer_id": "C32", "basket": [{"product_id": "P17", "price": 1077}, {"product_id": "P16", "price": 371}], "date_of_purchase": "2019-01-23 04:03:00"}
{"customer_id": "C37", "basket": [{"product_id": "P04", "price": 225}], "date_of_purchase": "2019-01-23 05:18:00"}
{"customer_id": "C38", "basket": [{"product_id": "P40", "price": 1072}, {"product_id": "P35", "price": 1158}, {"product_id": "P38", "price": 301}], "date_of_purchase": "2019-01-23 21:18:00"}
{"customer_id": "C39", "basket": [{"product_id": "P33", "price": 165}], "date_of_purchase": "2019-01-23 11:00:00"}
{"customer_id": "C45", "basket": [{"product_id": "P40", "price": 1910}], "date_of_purchase": "2019-01-23 16:21:00"}
{"customer_id": "C77", "basket": [{"product_id": "P55", "price": 328}], "date_of_purchase": "2019-01-23 03:35:00"}
{"customer_id": "C79", "basket": [{"product_id": "P39", "price": 893}, {"product_id": "P35", "price": 154}, {"product_id": "P40", "price": 1524}], "date_of_purchase": "2019-01-23 20:16:00"}
{"customer_id": "C92", "basket": [{"product_id": "P45", "price": 18}, {"product_id": "P53", "price": 1385}, {"product_id": "P52", "price": 1554}], "date_of_purchase": "2019-01-23 05:57:00"}
{"customer_id": "C106", "basket": [{"product_id": "P27", "price": 1889}, {"product_id": "P33", "price": 1270}], "date_of_purchase": "2019-01-23 06:46:00"}
{"customer_id": "C114", "basket": [{"product_id": "P50", "price": 1567}, {"product_id": "P60", "price": 595}, {"product_id": "P46", "price": 1670}], "date_of_purchase": "2019-01-23 08:52:00"}
{"customer_id": "C123", "basket": [{"product_id": "P64", "price": 147}, {"product_id": "P62", "price": 1774}, {"product_id": "P64", "price": 331}], "date_of_purchase": "2019-01-23 15:40:00"}
{"customer_id": "C129", "basket": [{"product_id": "P29", "price": 1459}], "date_of_purchase": "2019-01-23 20:02:00"}
{"customer_id": "C133", "basket": [{"product_id": "P39", "price": 1291}, {"product_id": "P36", "price": 1121}, {"product_id": "P37", "price": 224}], "date_of_purchase": "2019-01-23 05:49:00"}
