{"customer_id": "C6", "basket": [{"product_id": "P45", "price": 308}, {"product_id": "P60", "price": 57}], "date_of_purchase": "2018-12-23 23:54:00"}
{"customer_id": "C23", "basket": [{"product_id": "P40", "price": 616}, {"product_id": "P40", "price": 1513}], "date_of_purchase": "2018-12-23 18:21:00"}
{"customer_id": "C34", "basket": [{"product_id": "P06", "price": 1006}], "date_of_purchase": "2018-12-23 12:28:00"}
{"customer_id": "C35", "basket": [{"product_id": "P33", "price": 473}, {"product_id": "P30", "price": 1573}, {"product_id": "P30", "price": 900}], "date_of_purchase": "2018-12-23 13:23:00"}
{"customer_id": "C37", "basket": [{"product_id": "P08", "price": 724}, {"product_id": "P04", "price": 1782}, {"product_id": "P09", "price": 27}], "date_of_purchase": "2018-12-23 13:50:00"}
{"customer_id": "C39", "basket": [{"product_id": "P47", "price": 1167}], "date_of_purchase": "2018-12-23 22:46:00"}
{"customer_id": "C47", "basket": [{"product_id": "P27", "price": 1797}, {"product_id": "P32", "price": 1452}, {"product_id": "P30", "price": 289}], "date_of_purchase": "2018-12-23 05:15:00"}
{"customer_id": "C52", "basket": [{"product_id": "P05", "price": 1165}, {"product_id": "P09", "price": 734}, {"product_id": "P12", "price": 721}], "date_of_purchase": "2018-12-23 20:17:00"}
{"customer_id": "C56", "basket": [{"product_id": "P10", "price": 156}, {"product_id": "P02", "price": 1230}, {"product_id": "P02", "price": 796}], "date_of_purchase": "2018-12-23 12:32:00"}
{"customer_id": "C58", "basket": [{"product_id": "P63", "price": 111}, {"product_id": "P63", "price": 767}], "date_of_purchase": "2018-12-23 14:44:00"}
{"customer_id": "C59", "basket": [{"product_id": "P41", "price": 897}, {"product_id": "P48", "price": 646}], "date_of_purchase": "2018-12-23 18:58:00"}
{"customer_id": "C60", "basket": [{"product_id": "P38", "price": 1674}, {"product_id": "P36", "price": 590}], "date_of_purchase": "2018-12-23 04:37:00"}
{"customer_id": "C67", "basket": [{"product_id": "P28", "price": 1316}, {"product_id": "P27", "price": 283}], "date_of_purchase": "2018-12-23 15:24:00"}
{"customer_id": "C75", "basket": [{"product_id": "P43", "price": 887}], "date_of_purchase": "2018-12-23 16:51:00"}
{"customer_id": "C77", "basket": [{"product_id": "P60", "price": 1197}, {"product_id": "P57", "price": 1547}, {"product_id": "P57", "price": 567}], "date_of_purchase": "2018-12-23 12:29:00"}
{"customer_id": "C80", "basket": [{"product_id": "P62", "price": 839}, {"product_id": "P62", "price": 311}, {"product_id": "P61", "price": 710}], "date_of_purchase": "2018-12-23 09:26:00"}
{"customer_id": "C84", "basket": [{"product_id": "P50", "price": 1971}], "date_of_purchase": "2018-12-23 18:27:00"}
{"customer_id": "C88", "basket": [{"product_id": "P25", "price": 615}, {"product_id": "P24", "price": 1229}], "date_of_purchase": "2018-12-23 19:18:00"}
{"customer_id": "C98", "basket": [{"product_id": "P36", "price": 881}], "date_of_purchase": "2018-12-23 14:28:00"}
{"customer_id": "C108", "basket": [{"product_id": "P50", "price": 1946}, {"product_id": "P55", "price": 1651}, {"product_id": "P53", "price": 282}], "date_of_purchase": "2018-12-23 05:27:00"}
{"customer_id": "C110", "basket": [{"product_id": "P22", "price": 675}], "date_of_purchase": "2018-12-23 18:27:00"}
{"customer_id": "C114", "basket": [{"product_id": "P60", "price": 1704}, {"product_id": "P54", "price": 1464}], "date_of_purchase": "2018-12-23 09:27:00"}
{"customer_id": "C120", "basket": [{"product_id": "P30", "price": 1657}, {"product_id": "P30", "price": 1140}, {"product_id": "P34", "price": 110}], "date_of_purchase": "2018-12-23 04:42:00"}
{"customer_id": "C122", "basket": [{"product_id": "P63", "price": 2000}, {"product_id": "P63", "price": 1460}], "date_of_purchase": "2018-12-23 20:10:00"}
{"customer_id": "C125", "basket": [{"product_id": "P33", "price": 1594}], "date_of_purchase": "2018-12-23 03:49:00"}
{"customer_id": "C127", "basket": [{"product_id": "P06", "price": 114}], "date_of_purchase": "2018-12-23 11:53:00"}
{"customer_id": "C133", "basket": [{"product_id": "P35", "price": 469}, {"product_id": "P36", "price": 19}, {"product_id": "P38", "price": 1115}], "date_of_purchase": "2018-12-23 16:31:00"}
