{"customer_id": "C4", "basket": [{"product_id": "P15", "price": 730}, {"product_id": "P15", "price": 1451}], "date_of_purchase": "2019-01-04 12:23:00"}
{"customer_id": "C19", "basket": [{"product_id": "P04", "price": 980}], "date_of_purchase": "2019-01-04 11:58:00"}
{"customer_id": "C25", "basket": [{"product_id": "P46", "price": 1802}, {"product_id": "P60", "price": 1940}, {"product_id": "P55", "price": 1826}], "date_of_purchase": "2019-01-04 22:17:00"}
{"customer_id": "C29", "basket": [{"product_id": "P49", "price": 13}, {"product_id": "P48", "price": 1239}], "date_of_purchase": "2019-01-04 08:06:00"}
{"customer_id": "C31", "basket": [{"product_id": "P47", "price": 1045}], "date_of_purchase": "2019-01-04 14:06:00"}
{"customer_id": "C37", "basket": [{"product_id": "P05", "price": 32}, {"product_id": "P08", "price": 1894}, {"product_id": "P05", "price": 1391}], "date_of_purchase": "2019-01-04 08:42:00"}
{"customer_id": "C38", "basket": [{"product_id": "P35", "price": 466}, {"product_id": "P35", "price": 779}, {"product_id": "P38", "price": 1018}], "date_of_purchase": "2019-01-04 03:36:00"}
{"customer_id": "C41", "basket": [{"product_id": "P35", "price": 551}, {"product_id": "P36", "price": 754}, {"product_id": "P36", "price": 1266}], "date_of_purchase": "2019-01-04 21:36:00"}
{"customer_id": "C44", "basket": [{"product_id": "P44", "price": 1082}], "date_of_purchase": "2019-01-04 18:46:00"}
{"customer_id": "C53", "basket": [{"product_id": "P33", "price": 1374}, {"product_id": "P31", "price": 220}], "date_of_purchase": "2019-01-04 16:29:00"}
{"customer_id": "C58", "basket": [{"product_id": "P40", "price": 1092}], "date_of_purchase": "2019-01-04 18:32:00"}
{"customer_id": "C70", "basket": [{"product_id": "P62", "price": 370}, {"product_id": "P64", "price": 1194}], "date_of_purchase": "2019-01-04 17:13:00"}
{"customer_id": "C74", "basket": [{"product_id": "P13", "price": 1268}], "date_of_purchase": "2019-01-04 19:30:00"}
{"customer_id": "C77", "basket": [{"product_id": "P50", "price": 1398}], "date_of_purchase": "2019-01-04 17:40:00"}
{"customer_id": "C84", "basket": [{"product_id": "P29", "price": 1598}, {"product_id": "P24", "price": 1117}, {"product_id": "P28", "price": 1287}], "date_of_purchase": "2019-01-04 21:31:00"}
{"customer_id": "C89", "basket": [{"product_id": "P07", "price": 1667}], "date_of_purchase": "2019-01-04 06:22:00"}
{"customer_id": "C91", "basket": [{"product_id": "P12", "price": 1202}], "date_of_purchase": "2019-01-04 07:58:00"}
{"customer_id": "C94", "basket": [{"product_id": "P63", "price": 627}, {"product_id": "P63", "price": 1624}, {"product_id": "P62", "price": 200}], "date_of_purchase": "2019-01-04 10:56:00"}
{"customer_id": "C98", "basket": [{"product_id": "P35", "price": 682}, {"product_id": "P38", "price": 1389}], "date_of_purchase": "2019-01-04 08:33:00"}
{"customer_id": "C105", "basket": [{"product_id": "P03", "price": 1302}, {"product_id": "P09", "price": 1660}, {"product_id": "P05", "price": 1436}], "date_of_purchase": "2019-01-04 04:17:00"}
{"customer_id": "C112", "basket": [{"product_id": "P51", "price": 1668}, {"product_id": "P53", "price": 1002}], "date_of_purchase": "2019-01-04 11:55:00"}
{"customer_id": "C118", "basket": [{"product_id": "P01", "price": 1458}, {"product_id": "P11", "price": 346}, {"product_id": "P07", "price": 980}], "date_of_purchase": "2019-01-04 05:20:00"}
{"customer_id": "C134", "basket": [{"product_id": "P40", "price": 443}, {"product_id": "P36", "price": 1828}, {"product_id": "P36", "price": 1056}], "date_of_purchase": "2019-01-04 23:30:00"}
{"customer_id": "C137", "basket": [{"product_id": "P56", "price": 244}, {"product_id": "P42", "price": 1505}], "date_of_purchase": "2019-01-04 23:29:00"}
