{"customer_id": "C16", "basket": [{"product_id": "P36", "price": 763}, {"product_id": "P40", "price": 1119}, {"product_id": "P38", "price": 1973}], "date_of_purchase": "2019-02-04 09:17:00"}
{"customer_id": "C24", "basket": [{"product_id": "P29", "price": 29}, {"product_id": "P31", "price": 1568}, {"product_id": "P27", "price": 510}], "date_of_purchase": "2019-02-04 15:00:00"}
{"customer_id": "C27", "basket": [{"product_id": "P26", "price": 1143}], "date_of_purchase": "2019-02-04 04:59:00"}
{"customer_id": "C31", "basket": [{"product_id": "P60", "price": 524}, {"product_id": "P46", "price": 1711}], "date_of_purchase": "2019-02-04 10:37:00"}
{"customer_id": "C35", "basket": [{"product_id": "P30", "price": 1782}], "date_of_purchase": "2019-02-04 20:52:00"}
{"customer_id": "C45", "basket": [{"product_id": "P46", "price": 1630}], "date_of_purchase": "2019-02-04 17:12:00"}
{"customer_id": "C64", "basket": [{"product_id": "P26", "price": 693}], "date_of_purchase": "2019-02-04 10:52:00"}
{"customer_id": "C65", "basket": [{"product_id": "P09", "price": 506}, {"product_id": "P08", "price": 743}], "date_of_purchase": "2019-02-04 18:58:00"}
{"customer_id": "C74", "basket": [{"product_id": "P15", "price": 1041}, {"product_id": "P17", "price": 84}, {"product_id": "P18", "price": 282}], "date_of_purchase": "2019-02-04 14:29:00"}
{"customer_id": "C77", "basket": [{"product_id": "P59", "price": 1067}], "date_of_purchase": "2019-02-04 08:35:00"}
{"customer_id": "C81", "basket": [{"product_id": "P52", "price": 1788}], "date_of_purchase": "2019-02-04 11:20:00"}
{"customer_id": "C84", "basket": [{"product_id": "P22", "price": 444}, {"product_id": "P33", "price": 970}, {"product_id": "P24", "price": 1656}], "date_of_purchase": "2019-02-04 03:39:00"}
{"customer_id": "C86", "basket": [{"product_id": "P31", "price": 455}, {"product_id": "P32", "price": 1178}], "date_of_purchase": "2019-02-04 16:53:00"}
{"customer_id": "C105", "basket": [{"product_id": "P12", "price": 1751}, {"product_id": "P04", "price": 217}, {"product_id": "P01", "price": 1041}], "date_of_purchase": "2019-02-04 17:35:00"}
{"customer_id": "C118", "basket": [{"product_id": "P40", "price": 1148}, {"product_id": "P37", "price": 1336}], "date_of_purchase": "2019-02-04 22:09:00"}
{"customer_id": "C124", "basket": [{"product_id": "P36", "price": 1966}], "date_of_purchase": "2019-02-04 13:43:00"}
{"customer_id": "C129", "basket": [{"product_id": "P30", "price": 1308}], "date_of_purchase": "2019-02-04 18:17:00"}
{"customer_id": "C131", "basket": [{"product_id": "P53", "price": 881}, {"product_id": "P59", "price": 1114}], "date_of_purchase": "2019-02-04 13:17:00"}
