{"customer_id": "C3", "basket": [{"product_id": "P22", "price": 1817}, {"product_id": "P28", "price": 152}], "date_of_purchase": "2018-12-09 03:00:00"}
{"customer_id": "C5", "basket": [{"product_id": "P23", "price": 1871}, {"product_id": "P27", "price": 280}], "date_of_purchase": "2018-12-09 12:26:00"}
{"customer_id": "C8", "basket": [{"product_id": "P47", "price": 92}, {"product_id": "P49", "price": 969}, {"product_id": "P45", "price": 210}], "date_of_purchase": "2018-12-09 13:09:00"}
{"customer_id": "C14", "basket": [{"product_id": "P24", "price": 68}], "date_of_purchase": "2018-12-09 11:23:00"}
{"customer_id": "C32", "basket": [{"product_id": "P05", "price": 412}], "date_of_purchase": "2018-12-09 20:40:00"}
{"customer_id": "C36", "basket": [{"product_id": "P05", "price": 1086}], "date_of_purchase": "2018-12-09 10:24:00"}
{"customer_id": "C38", "basket": [{"product_id": "P36", "price": 1648}, {"product_id": "P38", "price": 1178}], "date_of_purchase": "2018-12-09 15:32:00"}
{"customer_id": "C39", "basket": [{"product_id": "P33", "price": 1909}, {"product_id": "P23", "price": 1743}, {"product_id": "P29", "price": 324}], "date_of_purchase": "2018-12-09 11:42:00"}
{"customer_id": "C41", "basket": [{"product_id": "P09", "price": 383}], "date_of_purchase": "2018-12-09 18:12:00"}
{"customer_id": "C45", "basket": [{"product_id": "P39", "price": 245}, {"product_id": "P35", "price": 1216}, {"product_id": "P35", "price": 1868}], "date_of_purchase": "2018-12-09 14:40:00"}
{"customer_id": "C48", "basket": [{"product_id": "P40", "price": 694}, {"product_id": "P36", "price": 285}], "date_of_purchase": "2018-12-09 17:11:00"}
{"customer_id": "C56", "basket": [{"product_id": "P05", "price": 1781}, {"product_id": "P09", "price": 804}], "date_of_purchase": "2018-12-09 10:37:00"}
{"customer_id": "C72", "basket": [{"product_id": "P26", "price": 1090}], "date_of_purchase": "2018-12-09 18:42:00"}
{"customer_id": "C78", "basket": [{"product_id": "P50", "price": 607}, {"product_id": "P50", "price": 757}, {"product_id": "P41", "price": 1895}], "date_of_purchase": "2018-12-09 16:47:00"}
{"customer_id": "C94", "basket": [{"product_id": "P62", "price": 98}, {"product_id": "P61", "price": 638}], "date_of_purchase": "2018-12-09 04:27:00"}
{"customer_id": "C98", "basket": [{"product_id": "P38", "price": 407}, {"product_id": "P39", "price": 736}, {"product_id": "P39", "price": 192}], "date_of_purchase": "2018-12-09 13:43:00"}
{"customer_id": "C103", "basket": [{"product_id": "P24", "price": 532}], "date_of_purchase": "2018-12-09 06:09:00"}
{"customer_id": "C106", "basket": [{"product_id": "P24", "price": 166}], "date_of_purchase": "2018-12-09 15:58:00"}
{"customer_id": "C109", "basket": [{"product_id": "P23", "price": 249}, {"product_id": "P26", "price": 1118}, {"product_id": "P26", "price": 1521}], "date_of_purchase": "2018-12-09 08:00:00"}
{"customer_id": "C121", "basket": [{"product_id": "P35", "price": 1784}, {"product_id": "P39", "price": 197}, {"product_id": "P38", "price": 1598}], "date_of_purchase": "2018-12-09 09:21:00"}
{"customer_id": "C136", "basket": [{"product_id": "P53", "price": 1505}, {"product_id": "P41", "price": 1398}], "date_of_purchase": "2018-12-09 04:23:00"}
