{"customer_id": "C1", "basket": [{"product_id": "P61", "price": 1609}, {"product_id": "P64", "price": 61}], "date_of_purchase": "2019-01-31 18:49:00"}
{"customer_id": "C2", "basket": [{"product_id": "P32", "price": 581}, {"product_id": "P23", "price": 43}], "date_of_purchase": "2019-01-31 23:04:00"}
{"customer_id": "C4", "basket": [{"product_id": "P14", "price": 1679}, {"product_id": "P18", "price": 264}, {"product_id": "P20", "price": 276}], "date_of_purchase": "2019-01-31 03:43:00"}
{"customer_id": "C10", "basket": [{"product_id": "P38", "price": 936}], "date_of_purchase": "2019-01-31 14:05:00"}
{"customer_id": "C12", "basket": [{"product_id": "P35", "price": 978}, {"product_id": "P37", "price": 197}], "date_of_purchase": "2019-01-31 22:41:00"}
{"customer_id": "C25", "basket": [{"product_id": "P07", "price": 136}], "date_of_purchase": "2019-01-31 18:43:00"}
{"customer_id": "C26", "basket": [{"product_id": "P12", "price": 9}], "date_of_purchase": "2019-01-31 03:38:00"}
{"customer_id": "C30", "basket": [{"product_id": "P48", "price": 1444}], "date_of_purchase": "2019-01-31 06:54:00"}
{"customer_id": "C36", "basket": [{"product_id": "P09", "price": 1025}, {"product_id": "P08", "price": 1078}], "date_of_purchase": "2019-01-31 20:28:00"}
{"customer_id": "C37", "basket": [{"product_id": "P22", "price": 812}, {"product_id": "P22", "price": 1431}, {"product_id": "P29", "price": 827}], "date_of_purchase": "2019-01-31 15:46:00"}
{"customer_id": "C44", "basket": [{"product_id": "P43", "price": 1760}, {"product_id": "P57", "price": 1707}, {"product_id": "P47", "price": 735}], "date_of_purchase": "2019-01-31 06:36:00"}
{"customer_id": "C47", "basket": [{"product_id": "P30", "price": 1946}, {"product_id": "P34", "price": 1133}, {"product_id": "P33", "price": 9}], "date_of_purchase": "2019-01-31 07:00:00"}
{"customer_id": "C50", "basket": [{"product_id": "P64", "price": 754}, {"product_id": "P64", "price": 1678}, {"product_id": "P62", "price": 308}], "date_of_purchase": "2019-01-31 21:15:00"}
{"customer_id": "C53", "basket": [{"product_id": "P03", "price": 1947}, {"product_id": "P03", "price": 1821}, {"product_id": "P10", "price": 526}], "date_of_purchase": "2019-01-31 19:50:00"}
{"customer_id": "C58", "basket": [{"product_id": "P64", "price": 963}, {"product_id": "P61", "price": 41}, {"product_id": "P64", "price": 1570}], "date_of_purchase": "2019-01-31 09:39:00"}
{"customer_id": "C62", "basket": [{"product_id": "P04", "price": 1889}, {"product_id": "P04", "price": 1266}, {"product_id": "P11", "price": 680}], "date_of_purchase": "2019-01-31 06:57:00"}
{"customer_id": "C70", "basket": [{"product_id": "P52", "price": 663}, {"product_id": "P58", "price": 60}], "date_of_purchase": "2019-01-31 20:26:00"}
{"customer_id": "C76", "basket": [{"product_id": "P55", "price": 1269}], "date_of_purchase": "2019-01-31 22:03:00"}
{"customer_id": "C77", "basket": [{"product_id": "P55", "price": 529}], "date_of_purchase": "2019-01-31 21:46:00"}
{"customer_id": "C81", "basket": [{"product_id": "P47", "price": 1421}, {"product_id": "P54", "price": 774}], "date_of_purchase": "2019-01-31 15:40:00"}
{"customer_id": "C86", "basket": [{"product_id": "P15", "price": 433}], "date_of_purchase": "2019-01-31 04:24:00"}
{"customer_id": "C102", "basket": [{"product_id": "P12", "price": 1596}], "date_of_purchase": "2019-01-31 04:49:00"}
{"customer_id": "C103", "basket": [{"product_id": "P35", "price": 1456}, {"product_id": "P40", "price": 1485}], "date_of_purchase": "2019-01-31 08:16:00"}
{"customer_id": "C105", "basket": [{"product_id": "P11", "price": 61}, {"product_id": "P11", "price": 310}], "date_of_purchase": "2019-01-31 15:14:00"}
{"customer_id": "C106", "basket": [{"product_id": "P23", "price": 813}, {"product_id": "P34", "price": 838}], "date_of_purchase": "2019-01-31 07:45:00"}
{"customer_id": "C110", "basket": [{"product_id": "P37", "price": 1115}, {"product_id": "P40", "price": 1191}], "date_of_purchase": "2019-01-31 20:34:00"}
{"customer_id": "C114", "basket": [{"product_id": "P58", "price": 454}, {"product_id": "P52", "price": 1357}, {"product_id": "P55", "price": 1561}], "date_of_purchase": "2019-01-31 11:01:00"}
{"customer_id": "C118", "basket": [{"product_id": "P38", "price": 1724}, {"product_id": "P37", "price": 1410}], "date_of_purchase": "2019-01-31 02:51:00"}
{"customer_id": "C119", "basket": [{"product_id": "P02", "price": 411}, {"product_id": "P08", "price": 1948}], "date_of_purchase": "2019-01-31 20:05:00"}
{"customer_id": "C122", "basket": [{"product_id": "P61", "price": 1225}, {"product_id": "P64", "price": 978}, {"product_id": "P62", "price": 1186}], "date_of_purchase": "2019-01-31 03:11:00"}
{"customer_id": "C130", "basket": [{"product_id": "P38", "price": 1462}, {"product_id": "P38", "price": 1200}], "date_of_purchase": "2019-01-31 21:06:00"}
