{"customer_id": "C1", "basket": [{"product_id": "P60", "price": 1014}], "date_of_purchase": "2019-01-15 22:09:00"}
{"customer_id": "C11", "basket": [{"product_id": "P09", "price": 1251}], "date_of_purchase": "2019-01-15 02:59:00"}
{"customer_id": "C14", "basket": [{"product_id": "P26", "price": 471}], "date_of_purchase": "2019-01-15 13:52:00"}
{"customer_id": "C18", "basket": [{"product_id": "P25", "price": 1115}, {"product_id": "P30", "price": 64}, {"product_id": "P24", "price": 1662}], "date_of_purchase": "2019-01-15 09:35:00"}
{"customer_id": "C19", "basket": [{"product_id": "P10", "price": 1287}, {"product_id": "P09", "price": 1665}], "date_of_purchase": "2019-01-15 22:19:00"}
{"customer_id": "C23", "basket": [{"product_id": "P39", "price": 129}], "date_of_purchase": "2019-01-15 12:52:00"}
{"customer_id": "C24", "basket": [{"product_id": "P22", "price": 228}, {"product_id": "P23", "price": 1681}], "date_of_purchase": "2019-01-15 13:52:00"}
{"customer_id": "C25", "basket": [{"product_id": "P09", "price": 428}], "date_of_purchase": "2019-01-15 16:38:00"}
{"customer_id": "C32", "basket": [{"product_id": "P12", "price": 791}, {"product_id": "P07", "price": 1710}], "date_of_purchase": "2019-01-15 16:27:00"}
{"customer_id": "C36", "basket": [{"product_id": "P63", "price": 216}, {"product_id": "P63", "price": 1376}], "date_of_purchase": "2019-01-15 10:42:00"}
{"customer_id": "C46", "basket": [{"product_id": "P24", "price": 682}], "date_of_purchase": "2019-01-15 23:31:00"}
{"customer_id": "C52", "basket": [{"product_id": "P24", "price": 981}, {"product_id": "P33", "price": 814}], "date_of_purchase": "2019-01-15 18:00:00"}
{"customer_id": "C54", "basket": [{"product_id": "P44", "price": 133}], "date_of_purchase": "2019-01-15 18:56:00"}
{"customer_id": "C55", "basket": [{"product_id": "P57", "price": 1754}], "date_of_purchase": "2019-01-15 17:16:00"}
{"customer_id": "C59", "basket": [{"product_id": "P47", "price": 968}], "date_of_purchase": "2019-01-15 22:35:00"}
{"customer_id": "C64", "basket": [{"product_id": "P04", "price": 367}], "date_of_purchase": "2019-01-15 03:48:00"}
{"customer_id": "C65", "basket": [{"product_id": "P30", "price": 1016}], "date_of_purchase": "2019-01-15 13:10:00"}
{"customer_id": "C66", "basket": [{"product_id": "P41", "price": 1422}], "date_of_purchase": "2019-01-15 18:24:00"}
{"customer_id": "C67", "basket": [{"product_id": "P32", "price": 587}], "date_of_purchase": "2019-01-15 16:41:00"}
{"customer_id": "C68", "basket": [{"product_id": "P49", "price": 769}, {"product_id": "P54", "price": 1790}, {"product_id": "P54", "price": 591}], "date_of_purchase": "2019-01-15 12:49:00"}
{"customer_id": "C70", "basket": [{"product_id": "P09", "price": 92}, {"product_id": "P02", "price": 1047}, {"product_id": "P06", "price": 416}], "date_of_purchase": "2019-01-15 09:13:00"}
{"customer_id": "C74", "basket": [{"product_id": "P20", "price": 1747}, {"product_id": "P16", "price": 778}, {"product_id": "P13", "price": 1237}], "date_of_purchase": "2019-01-15 09:55:00"}
{"customer_id": "C92", "basket": [{"product_id": "P62", "price": 1773}, {"product_id": "P61", "price": 268}], "date_of_purchase": "2019-01-15 17:53:00"}
{"customer_id": "C98", "basket": [{"product_id": "P35", "price": 512}, {"product_id": "P40", "price": 1941}], "date_of_purchase": "2019-01-15 21:34:00"}
{"customer_id": "C101", "basket": [{"product_id": "P37", "price": 777}, {"product_id": "P40", "price": 1192}], "date_of_purchase": "2019-01-15 21:49:00"}
{"customer_id": "C103", "basket": [{"product_id": "P25", "price": 681}], "date_of_purchase": "2019-01-15 06:48:00"}
{"customer_id": "C105", "basket": [{"product_id": "P01", "price": 398}, {"product_id": "P08", "price": 697}, {"product_id": "P11", "price": 395}], "date_of_purchase": "2019-01-15 16:42:00"}
{"customer_id": "C114", "basket": [{"product_id": "P26", "price": 677}, {"product_id": "P29", "price": 1870}, {"product_id": "P27", "price": 1328}], "date_of_purchase": "2019-01-15 20:27:00"}
{"customer_id": "C124", "basket": [{"product_id": "P53", "price": 1552}], "date_of_purchase": "2019-01-15 02:56:00"}
{"customer_id": "C125", "basket": [{"product_id": "P23", "price": 702}, {"product_id": "P33", "price": 1495}], "date_of_purchase": "2019-01-15 11:41:00"}
{"customer_id": "C126", "basket": [{"product_id": "P04", "price": 527}], "date_of_purchase": "2019-01-15 06:28:00"}
