{"customer_id": "C5", "basket": [{"product_id": "P50", "price": 1598}], "date_of_purchase": "2018-12-29 03:36:00"}
{"customer_id": "C14", "basket": [{"product_id": "P11", "price": 278}], "date_of_purchase": "2018-12-29 16:17:00"}
{"customer_id": "C18", "basket": [{"product_id": "P21", "price": 763}, {"product_id": "P20", "price": 419}], "date_of_purchase": "2018-12-29 20:13:00"}
{"customer_id": "C28", "basket": [{"product_id": "P39", "price": 633}], "date_of_purchase": "2018-12-29 09:05:00"}
{"customer_id": "C32", "basket": [{"product_id": "P34", "price": 1288}, {"product_id": "P29", "price": 1653}, {"product_id": "P23", "price": 276}], "date_of_purchase": "2018-12-29 06:36:00"}
{"customer_id": "C38", "basket": [{"product_id": "P61", "price": 21}], "date_of_purchase": "2018-12-29 12:26:00"}
{"customer_id": "C39", "basket": [{"product_id": "P07", "price": 6}, {"product_id": "P12", "price": 399}, {"product_id": "P10", "price": 639}], "date_of_purchase": "2018-12-29 15:47:00"}
{"customer_id": "C41", "basket": [{"product_id": "P53", "price": 121}, {"product_id": "P44", "price": 506}], "date_of_purchase": "2018-12-29 21:48:00"}
{"customer_id": "C50", "basket": [{"product_id": "P61", "price": 1171}, {"product_id": "P61", "price": 1534}], "date_of_purchase": "2018-12-29 06:00:00"}
{"customer_id": "C52", "basket": [{"product_id": "P54", "price": 1545}], "date_of_purchase": "2018-12-29 09:33:00"}
{"customer_id": "C54", "basket": [{"product_id": "P37", "price": 999}, {"product_id": "P36", "price": 1411}, {"product_id": "P35", "price": 1554}], "date_of_purchase": "2018-12-29 13:36:00"}
{"customer_id": "C58", "basket": [{"product_id": "P63", "price": 193}], "date_of_purchase": "2018-12-29 04:10:00"}
{"customer_id": "C66", "basket": [{"product_id": "P39", "price": 398}, {"product_id": "P39", "price": 34}, {"product_id": "P39", "price": 1469}], "date_of_purchase": "2018-12-29 09:02:00"}
{"customer_id": "C82", "basket": [{"product_id": "P40", "price": 1851}, {"product_id": "P36", "price": 976}], "date_of_purchase": "2018-12-29 10:58:00"}
{"customer_id": "C85", "basket": [{"product_id": "P62", "price": 859}], "date_of_purchase": "2018-12-29 14:42:00"}
{"customer_id": "C86", "basket": [{"product_id": "P51", "price": 764}, {"product_id": "P54", "price": 112}], "date_of_purchase": "2018-12-29 12:39:00"}
{"customer_id": "C92", "basket": [{"product_id": "P27", "price": 1098}, {"product_id": "P27", "price": 1954}, {"product_id": "P25", "price": 1577}], "date_of_purchase": "2018-12-29 22:56:00"}
{"customer_id": "C96", "basket": [{"product_id": "P38", "price": 350}, {"product_id": "P40", "price": 519}, {"product_id": "P38", "price": 963}], "date_of_purchase": "2018-12-29 23:59:00"}
{"customer_id": "C106", "basket": [{"product_id": "P32", "price": 138}, {"product_id": "P24", "price": 807}, {"product_id": "P31", "price": 271}], "date_of_purchase": "2018-12-29 19:04:00"}
{"customer_id": "C114", "basket": [{"product_id": "P27", "price": 418}, {"product_id": "P28", "price": 643}, {"product_id": "P33", "price": 743}], "date_of_purchase": "2018-12-29 02:54:00"}
{"customer_id": "C115", "basket": [{"product_id": "P49", "price": 616}, {"product_id": "P57", "price": 247}, {"product_id": "P43", "price": 1811}], "date_of_purchase": "2018-12-29 07:06:00"}
{"customer_id": "C119", "basket": [{"product_id": "P15", "price": 1457}, {"product_id": "P19", "price": 294}, {"product_id": "P17", "price": 1848}], "date_of_purchase": "2018-12-29 18:37:00"}
{"customer_id": "C124", "basket": [{"product_id": "P48", "price": 518}], "date_of_purchase": "2018-12-29 22:47:00"}
{"customer_id": "C129", "basket": [{"product_id": "P34", "price": 1735}, {"product_id": "P23", "price": 847}, {"product_id": "P29", "price": 1954}], "date_of_purchase": "2018-12-29 17:29:00"}
{"customer_id": "C131", "basket": [{"product_id": "P53", "price": 1931}, {"product_id": "P52", "price": 1772}, {"product_id": "P44", "price": 735}], "date_of_purchase": "2018-12-29 23:29:00"}
