{"customer_id": "C14", "basket": [{"product_id": "P02", "price": 943}, {"product_id": "P06", "price": 1546}, {"product_id": "P05", "price": 735}], "date_of_purchase": "2019-01-21 06:23:00"}
{"customer_id": "C15", "basket": [{"product_id": "P17", "price": 1492}, {"product_id": "P17", "price": 348}], "date_of_purchase": "2019-01-21 03:22:00"}
{"customer_id": "C18", "basket": [{"product_id": "P43", "price": 148}, {"product_id": "P51", "price": 141}, {"product_id": "P47", "price": 1657}], "date_of_purchase": "2019-01-21 07:27:00"}
{"customer_id": "C19", "basket": [{"product_id": "P30", "price": 489}, {"product_id": "P23", "price": 723}], "date_of_purchase": "2019-01-21 12:30:00"}
{"customer_id": "C25", "basket": [{"product_id": "P52", "price": 1275}, {"product_id": "P59", "price": 590}], "date_of_purchase": "2019-01-21 03:07:00"}
{"customer_id": "C31", "basket": [{"product_id": "P03", "price": 301}, {"product_id": "P07", "price": 998}], "date_of_purchase": "2019-01-21 16:52:00"}
{"customer_id": "C32", "basket": [{"product_id": "P02", "price": 1714}, {"product_id": "P10", "price": 1936}], "date_of_purchase": "2019-01-21 12:43:00"}
{"customer_id": "C38", "basket": [{"product_id": "P03", "price": 1490}, {"product_id": "P10", "price": 432}], "date_of_purchase": "2019-01-21 14:04:00"}
{"customer_id": "C39", "basket": [{"product_id": "P33", "price": 398}], "date_of_purchase": "2019-01-21 22:54:00"}
{"customer_id": "C44", "basket": [{"product_id": "P50", "price": 296}, {"product_id": "P45", "price": 283}, {"product_id": "P57", "price": 1527}], "date_of_purchase": "2019-01-21 16:25:00"}
{"customer_id": "C56", "basket": [{"product_id": "P38", "price": 550}, {"product_id": "P38", "price": 1773}], "date_of_purchase": "2019-01-21 17:30:00"}
{"customer_id": "C65", "basket": [{"product_id": "P31", "price": 281}, {"product_id": "P26", "price": 250}, {"product_id": "P24", "price": 1169}], "date_of_purchase": "2019-01-21 15:37:00"}
{"customer_id": "C67", "basket": [{"product_id": "P40", "price": 1783}, {"product_id": "P38", "price": 55}, {"product_id": "P40", "price": 1302}], "date_of_purchase": "2019-01-21 17:45:00"}
{"customer_id": "C77", "basket": [{"product_id": "P45", "price": 985}, {"product_id": "P60", "price": 761}, {"product_id": "P59", "price": 240}], "date_of_purchase": "2019-01-21 22:18:00"}
{"customer_id": "C81", "basket": [{"product_id": "P43", "price": 236}, {"product_id": "P55", "price": 1328}], "date_of_purchase": "2019-01-21 17:53:00"}
{"customer_id": "C87", "basket": [{"product_id": "P61", "price": 1352}, {"product_id": "P64", "price": 992}, {"product_id": "P61", "price": 1111}], "date_of_purchase": "2019-01-21 18:39:00"}
{"customer_id": "C90", "basket": [{"product_id": "P39", "price": 165}], "date_of_purchase": "2019-01-21 05:42:00"}
{"customer_id": "C92", "basket": [{"product_id": "P61", "price": 828}, {"product_id": "P61", "price": 468}], "date_of_purchase": "2019-01-21 15:13:00"}
{"customer_id": "C101", "basket": [{"product_id": "P01", "price": 622}], "date_of_purchase": "2019-01-21 06:07:00"}
{"customer_id": "C102", "basket": [{"product_id": "P64", "price": 257}, {"product_id": "P63", "price": 1232}], "date_of_purchase": "2019-01-21 23:13:00"}
{"customer_id": "C114", "basket": [{"product_id": "P29", "price": 1290}], "date_of_purchase": "2019-01-21 06:14:00"}
{"customer_id": "C119", "basket": [{"product_id": "P28", "price": 1753}, {"product_id": "P27", "price": 1187}, {"product_id": "P29", "price": 1350}], "date_of_purchase": "2019-01-21 17:13:00"}
{"customer_id": "C124", "basket": [{"product_id": "P41", "price": 1761}, {"product_id": "P56", "price": 434}, {"product_id": "P53", "price": 508}], "date_of_purchase": "2019-01-21 13:53:00"}
{"customer_id": "C125", "basket": [{"product_id": "P33", "price": 1229}], "date_of_purchase": "2019-01-21 15:40:00"}
{"customer_id": "C127", "basket": [{"product_id": "P07", "price": 1618}, {"product_id": "P03", "price": 625}, {"product_id": "P11", "price": 819}], "date_of_purchase": "2019-01-21 20:37:00"}
{"customer_id": "C128", "basket": [{"product_id": "P61", "price": 1761}], "date_of_purchase": "2019-01-21 08:15:00"}
