{"customer_id": "C1", "basket": [{"product_id": "P49", "price": 1404}, {"product_id": "P43", "price": 1204}], "date_of_purchase": "2019-02-20 07:47:00"}
{"customer_id": "C16", "basket": [{"product_id": "P32", "price": 276}, {"product_id": "P33", "price": 1574}, {"product_id": "P33", "price": 1958}], "date_of_purchase": "2019-02-20 09:16:00"}
{"customer_id": "C31", "basket": [{"product_id": "P04", "price": 1910}, {"product_id": "P07", "price": 1179}], "date_of_purchase": "2019-02-20 14:40:00"}
{"customer_id": "C39", "basket": [{"product_id": "P01", "price": 14}], "date_of_purchase": "2019-02-20 05:47:00"}
{"customer_id": "C44", "basket": [{"product_id": "P42", "price": 1054}, {"product_id": "P51", "price": 166}, {"product_id": "P46", "price": 219}], "date_of_purchase": "2019-02-20 16:29:00"}
{"customer_id": "C55", "basket": [{"product_id": "P55", "price": 1500}, {"product_id": "P48", "price": 1628}], "date_of_purchase": "2019-02-20 16:49:00"}
{"customer_id": "C58", "basket": [{"product_id": "P62", "price": 1403}, {"product_id": "P64", "price": 804}], "date_of_purchase": "2019-02-20 10:38:00"}
{"customer_id": "C71", "basket": [{"product_id": "P29", "price": 1157}, {"product_id": "P22", "price": 232}], "date_of_purchase": "2019-02-20 20:31:00"}
{"customer_id": "C76", "basket": [{"product_id": "P52", "price": 661}], "date_of_purchase": "2019-02-20 21:55:00"}
{"customer_id": "C80", "basket": [{"product_id": "P63", "price": 1010}, {"product_id": "P62", "price": 928}], "date_of_purchase": "2019-02-20 07:15:00"}
{"customer_id": "C81", "basket": [{"product_id": "P48", "price": 1147}, {"product_id": "P45", "price": 182}, {"product_id": "P42", "price": 829}], "date_of_purchase": "2019-02-20 14:25:00"}
{"customer_id": "C88", "basket": [{"product_id": "P32", "price": 1870}, {"product_id": "P34", "price": 606}, {"product_id": "P26", "price": 1945}], "date_of_purchase": "2019-02-20 23:30:00"}
{"customer_id": "C95", "basket": [{"product_id": "P50", "price": 1965}, {"product_id": "P55", "price": 1937}], "date_of_purchase": "2019-02-20 04:26:00"}
{"customer_id": "C106", "basket": [{"product_id": "P26", "price": 681}, {"product_id": "P28", "price": 12}], "date_of_purchase": "2019-02-20 23:55:00"}
{"customer_id": "C110", "basket": [{"product_id": "P53", "price": 42}], "date_of_purchase": "2019-02-20 08:00:00"}
{"customer_id": "C117", "basket": [{"product_id": "P53", "price": 676}], "date_of_purchase": "2019-02-20 23:25:00"}
{"customer_id": "C125", "basket": [{"product_id": "P32", "price": 1158}, {"product_id": "P33", "price": 1968}], "date_of_purchase": "2019-02-20 15:58:00"}
{"customer_id": "C126", "basket": [{"product_id": "P07", "price": 1499}, {"product_id": "P01", "price": 1036}], "date_of_purchase": "2019-02-20 20:53:00"}
{"customer_id": "C127", "basket": [{"product_id": "P10", "price": 1975}], "date_of_purchase": "2019-02-20 23:46:00"}
{"customer_id": "C129", "basket": [{"product_id": "P25", "price": 1834}, {"product_id": "P31", "price": 1141}], "date_of_purchase": "2019-02-20 11:06:00"}
