{"customer_id": "C4", "basket": [{"product_id": "P27", "price": 607}, {"product_id": "P29", "price": 1229}, {"product_id": "P27", "price": 35}], "date_of_purchase": "2018-12-31 09:52:00"}
{"customer_id": "C7", "basket": [{"product_id": "P38", "price": 1902}, {"product_id": "P39", "price": 508}, {"product_id": "P38", "price": 419}], "date_of_purchase": "2018-12-31 17:16:00"}
{"customer_id": "C10", "basket": [{"product_id": "P64", "price": 724}, {"product_id": "P62", "price": 943}, {"product_id": "P62", "price": 204}], "date_of_purchase": "2018-12-31 10:10:00"}
{"customer_id": "C16", "basket": [{"product_id": "P40", "price": 34}, {"product_id": "P40", "price": 1619}, {"product_id": "P39", "price": 1220}], "date_of_purchase": "2018-12-31 20:44:00"}
{"customer_id": "C18", "basket": [{"product_id": "P46", "price": 1224}, {"product_id": "P60", "price": 1255}], "date_of_purchase": "2018-12-31 12:21:00"}
{"customer_id": "C30", "basket": [{"product_id": "P52", "price": 1304}, {"product_id": "P42", "price": 1832}, {"product_id": "P54", "price": 1196}], "date_of_purchase": "2018-12-31 20:52:00"}
{"customer_id": "C42", "basket": [{"product_id": "P31", "price": 418}], "date_of_purchase": "2018-12-31 03:41:00"}
{"customer_id": "C44", "basket": [{"product_id": "P50", "price": 1629}], "date_of_purchase": "2018-12-31 03:09:00"}
{"customer_id": "C49", "basket": [{"product_id": "P34", "price": 889}, {"product_id": "P29", "price": 1126}, {"product_id": "P22", "price": 1306}], "date_of_purchase": "2018-12-31 13:55:00"}
{"customer_id": "C56", "basket": [{"product_id": "P03", "price": 545}], "date_of_purchase": "2018-12-31 23:05:00"}
{"customer_id": "C61", "basket": [{"product_id": "P16", "price": 236}, {"product_id": "P19", "price": 1897}], "date_of_purchase": "2018-12-31 19:06:00"}
{"customer_id": "C66", "basket": [{"product_id": "P60", "price": 1613}, {"product_id": "P41", "price": 1808}], "date_of_purchase": "2018-12-31 16:21:00"}
{"customer_id": "C72", "basket": [{"product_id": "P42", "price": 749}], "date_of_purchase": "2018-12-31 05:34:00"}
{"customer_id": "C75", "basket": [{"product_id": "P18", "price": 793}, {"product_id": "P14", "price": 810}, {"product_id": "P20", "price": 1109}], "date_of_purchase": "2018-12-31 16:05:00"}
{"customer_id": "C77", "basket": [{"product_id": "P44", "price": 1991}], "date_of_purchase": "2018-12-31 13:51:00"}
{"customer_id": "C86", "basket": [{"product_id": "P38", "price": 1622}, {"product_id": "P35", "price": 925}], "date_of_purchase": "2018-12-31 18:07:00"}
{"customer_id": "C92", "basket": [{"product_id": "P40", "price": 697}, {"product_id": "P37", "price": 1241}], "date_of_purchase": "2018-12-31 13:55:00"}
{"customer_id": "C108", "basket": [{"product_id": "P33", "price": 567}, {"product_id": "P33", "price": 975}, {"product_id": "P34", "price": 1175}], "date_of_purchase": "2018-12-31 21:18:00"}
{"customer_id": "C116", "basket": [{"product_id": "P02", "price": 1485}, {"product_id": "P07", "price": 1215}, {"product_id": "P07", "price": 742}], "date_of_purchase": "2018-12-31 08:03:00"}
{"customer_id": "C122", "basket": [{"product_id": "P63", "price": 812}, {"product_id": "P63", "price": 1690}], "date_of_purchase": "2018-12-31 05:34:00"}
{"customer_id": "C124", "basket": [{"product_id": "P30", "price": 1645}, {"product_id": "P34", "price": 976}], "date_of_purchase": "2018-12-31 08:20:00"}
{"customer_id": "C125", "basket": [{"product_id": "P64", "price": 1612}], "date_of_purchase": "2018-12-31 19:43:00"}
{"customer_id": "C127", "basket": [{"product_id": "P40", "price": 449}], "date_of_purchase": "2018-12-31 18:49:00"}
{"customer_id": "C130", "basket": [{"product_id": "P37", "price": 643}, {"product_id": "P37", "price": 909}], "date_of_purchase": "2018-12-31 11:53:00"}
{"customer_id": "C137", "basket": [{"product_id": "P47", "price": 1503}], "date_of_purchase": "2018-12-31 05:21:00"}
