{"customer_id": "C1", "basket": [{"product_id": "P56", "price": 665}, {"product_id": "P43", "price": 1431}, {"product_id": "P45", "price": 278}], "date_of_purchase": "2018-12-26 23:41:00"}
{"customer_id": "C5", "basket": [{"product_id": "P29", "price": 438}, {"product_id": "P23", "price": 321}, {"product_id": "P22", "price": 1119}], "date_of_purchase": "2018-12-26 17:48:00"}
{"customer_id": "C8", "basket": [{"product_id": "P08", "price": 1949}, {"product_id": "P10", "price": 548}, {"product_id": "P01", "price": 1044}], "date_of_purchase": "2018-12-26 21:30:00"}
{"customer_id": "C9", "basket": [{"product_id": "P36", "price": 572}], "date_of_purchase": "2018-12-26 08:04:00"}
{"customer_id": "C12", "basket": [{"product_id": "P60", "price": 60}, {"product_id": "P58", "price": 1126}, {"product_id": "P44", "price": 1067}], "date_of_purchase": "2018-12-26 22:41:00"}
{"customer_id": "C14", "basket": [{"product_id": "P33", "price": 1013}, {"product_id": "P31", "price": 249}, {"product_id": "P25", "price": 1298}], "date_of_purchase": "2018-12-26 18:33:00"}
{"customer_id": "C21", "basket": [{"product_id": "P19", "price": 1421}, {"product_id": "P14", "price": 103}, {"product_id": "P14", "price": 366}], "date_of_purchase": "2018-12-26 21:22:00"}
{"customer_id": "C25", "basket": [{"product_id": "P05", "price": 1338}], "date_of_purchase": "2018-12-26 10:58:00"}
{"customer_id": "C33", "basket": [{"product_id": "P39", "price": 1833}, {"product_id": "P38", "price": 672}, {"product_id": "P38", "price": 1074}], "date_of_purchase": "2018-12-26 14:19:00"}
{"customer_id": "C39", "basket": [{"product_id": "P53", "price": 122}, {"product_id": "P59", "price": 16}, {"product_id": "P50", "price": 28}], "date_of_purchase": "2018-12-26 19:47:00"}
{"customer_id": "C41", "basket": [{"product_id": "P34", "price": 1251}, {"product_id": "P23", "price": 1354}], "date_of_purchase": "2018-12-26 05:05:00"}
{"customer_id": "C42", "basket": [{"product_id": "P33", "price": 700}, {"product_id": "P23", "price": 1496}, {"product_id": "P31", "price": 567}], "date_of_purchase": "2018-12-26 23:30:00"}
{"customer_id": "C46", "basket": [{"product_id": "P22", "price": 43}], "date_of_purchase": "2018-12-26 17:47:00"}
{"customer_id": "C48", "basket": [{"product_id": "P36", "price": 1129}, {"product_id": "P39", "price": 1635}, {"product_id": "P37", "price": 1542}], "date_of_purchase": "2018-12-26 22:41:00"}
{"customer_id": "C50", "basket": [{"product_id": "P62", "price": 840}, {"product_id": "P62", "price": 163}, {"product_id": "P62", "price": 419}], "date_of_purchase": "2018-12-26 08:03:00"}
{"customer_id": "C63", "basket": [{"product_id": "P02", "price": 1100}], "date_of_purchase": "2018-12-26 23:18:00"}
{"customer_id": "C67", "basket": [{"product_id": "P28", "price": 1917}, {"product_id": "P24", "price": 1324}], "date_of_purchase": "2018-12-26 19:39:00"}
{"customer_id": "C78", "basket": [{"product_id": "P62", "price": 436}, {"product_id": "P61", "price": 1993}], "date_of_purchase": "2018-12-26 20:38:00"}
{"customer_id": "C81", "basket": [{"product_id": "P48", "price": 666}, {"product_id": "P46", "price": 229}, {"product_id": "P46", "price": 1108}], "date_of_purchase": "2018-12-26 21:46:00"}
{"customer_id": "C82", "basket": [{"product_id": "P18", "price": 535}], "date_of_purchase": "2018-12-26 23:50:00"}
{"customer_id": "C84", "basket": [{"product_id": "P40", "price": 1798}], "date_of_purchase": "2018-12-26 10:48:00"}
{"customer_id": "C86", "basket": [{"product_id": "P41", "price": 987}, {"product_id": "P42", "price": 1524}, {"product_id": "P48", "price": 1067}], "date_of_purchase": "2018-12-26 12:05:00"}
{"customer_id": "C92", "basket": [{"product_id": "P47", "price": 1228}], "date_of_purchase": "2018-12-26 11:36:00"}
{"customer_id": "C103", "basket": [{"product_id": "P23", "price": 1245}, {"product_id": "P24", "price": 1877}, {"product_id": "P34", "price": 1182}], "date_of_purchase": "2018-12-26 07:21:00"}
{"customer_id": "C115", "basket": [{"product_id": "P47", "price": 1918}, {"product_id": "P53", "price": 487}, {"product_id": "P57", "price": 1237}], "date_of_purchase": "2018-12-26 19:44:00"}
{"customer_id": "C123", "basket": [{"product_id": "P43", "price": 1081}], "date_of_purchase": "2018-12-26 19:18:00"}
{"customer_id": "C126", "basket": [{"product_id": "P09", "price": 1036}, {"product_id": "P06", "price": 1130}, {"product_id": "P12", "price": 302}], "date_of_purchase": "2018-12-26 19:46:00"}
{"customer_id": "C129", "basket": [{"product_id": "P22", "price": 134}, {"product_id": "P23", "price": 1096}], "date_of_purchase": "2018-12-26 10:38:00"}
{"customer_id": "C133", "basket": [{"product_id": "P61", "price": 855}], "date_of_purchase": "2018-12-26 17:26:00"}
{"customer_id": "C134", "basket": [{"product_id": "P28", "price": 25}], "date_of_purchase": "2018-12-26 11:45:00"}
