{"customer_id": "C1", "basket": [{"product_id": "P52", "price": 1472}], "date_of_purchase": "2019-01-03 04:33:00"}
{"customer_id": "C5", "basket": [{"product_id": "P39", "price": 1963}, {"product_id": "P36", "price": 1596}], "date_of_purchase": "2019-01-03 22:12:00"}
{"customer_id": "C16", "basket": [{"product_id": "P28", "price": 1548}], "date_of_purchase": "2019-01-03 05:23:00"}
{"customer_id": "C31", "basket": [{"product_id": "P01", "price": 989}, {"product_id": "P04", "price": 595}], "date_of_purchase": "2019-01-03 13:26:00"}
{"customer_id": "C41", "basket": [{"product_id": "P42", "price": 837}, {"product_id": "P57", "price": 1089}], "date_of_purchase": "2019-01-03 07:57:00"}
{"customer_id": "C42", "basket": [{"product_id": "P27", "price": 1770}, {"product_id": "P32", "price": 1110}], "date_of_purchase": "2019-01-03 08:11:00"}
{"customer_id": "C43", "basket": [{"product_id": "P22", "price": 1716}], "date_of_purchase": "2019-01-03 13:36:00"}
{"customer_id": "C44", "basket": [{"product_id": "P51", "price": 1298}, {"product_id": "P51", "price": 702}], "date_of_purchase": "2019-01-03 05:01:00"}
{"customer_id": "C56", "basket": [{"product_id": "P02", "price": 540}, {"product_id": "P01", "price": 1981}], "date_of_purchase": "2019-01-03 17:04:00"}
{"customer_id": "C58", "basket": [{"product_id": "P61", "price": 46}, {"product_id": "P62", "price": 333}], "date_of_purchase": "2019-01-03 10:26:00"}
{"customer_id": "C59", "basket": [{"product_id": "P30", "price": 599}, {"product_id": "P26", "price": 746}, {"product_id": "P29", "price": 518}], "date_of_purchase": "2019-01-03 10:46:00"}
{"customer_id": "C60", "basket": [{"product_id": "P38", "price": 827}, {"product_id": "P39", "price": 979}], "date_of_purchase": "2019-01-03 21:50:00"}
{"customer_id": "C65", "basket": [{"product_id": "P12", "price": 730}, {"product_id": "P09", "price": 1291}], "date_of_purchase": "2019-01-03 11:31:00"}
{"customer_id": "C77", "basket": [{"product_id": "P42", "price": 1693}], "date_of_purchase": "2019-01-03 04:41:00"}
{"customer_id": "C80", "basket": [{"product_id": "P63", "price": 1775}, {"product_id": "P61", "price": 1596}, {"product_id": "P63", "price": 1024}], "date_of_purchase": "2019-01-03 23:26:00"}
{"customer_id": "C84", "basket": [{"product_id": "P44", "price": 1752}, {"product_id": "P42", "price": 1990}], "date_of_purchase": "2019-01-03 16:06:00"}
{"customer_id": "C101", "basket": [{"product_id": "P35", "price": 1015}], "date_of_purchase": "2019-01-03 23:04:00"}
{"customer_id": "C111", "basket": [{"product_id": "P42", "price": 1166}, {"product_id": "P60", "price": 1174}, {"product_id": "P55", "price": 1850}], "date_of_purchase": "2019-01-03 22:21:00"}
{"customer_id": "C112", "basket": [{"product_id": "P54", "price": 1224}], "date_of_purchase": "2019-01-03 06:33:00"}
{"customer_id": "C114", "basket": [{"product_id": "P50", "price": 979}, {"product_id": "P48", "price": 145}, {"product_id": "P59", "price": 493}], "date_of_purchase": "2019-01-03 14:15:00"}
{"customer_id": "C123", "basket": [{"product_id": "P62", "price": 1851}, {"product_id": "P64", "price": 1528}, {"product_id": "P63", "price": 455}], "date_of_purchase": "2019-01-03 08:39:00"}
{"customer_id": "C124", "basket": [{"product_id": "P28", "price": 324}, {"product_id": "P30", "price": 21}], "date_of_purchase": "2019-01-03 07:19:00"}
{"customer_id": "C137", "basket": [{"product_id": "P23", "price": 993}, {"product_id": "P22", "price": 1462}], "date_of_purchase": "2019-01-03 05:55:00"}
