{"customer_id": "C110", "loyalty_score": "3", "products": [{"product_id": "P18", "product_category": "clothes"}, {"product_id": "P13", "product_category": "clothes"}, {"product_id": "P17", "product_category": "clothes"}, {"product_id": "P01", "product_category": "house"}, {"product_id": "P06", "product_category": "house"}, {"product_id": "P47", "product_category": "food"}, {"product_id": "P58", "product_category": "food"}], "purchase_count": 7}
{"customer_id": "C43", "loyalty_score": "10", "products": [{"product_id": "P44", "product_category": "food"}, {"product_id": "P48", "product_category": "food"}, {"product_id": "P36", "product_category": "sweets"}, {"product_id": "P35", "product_category": "sweets"}], "purchase_count": 4}
{"customer_id": "C105", "loyalty_score": "8", "products": [{"product_id": "P10", "product_category": "house"}, {"product_id": "P05", "product_category": "house"}, {"product_id": "P06", "product_category": "house"}], "purchase_count": 3}
{"customer_id": "C114", "loyalty_score": "3", "products": [{"product_id": "P49", "product_category": "food"}, {"product_id": "P47", "product_category": "food"}, {"product_id": "P54", "product_category": "food"}], "purchase_count": 3}
{"customer_id": "C125", "loyalty_score": "1", "products": [{"product_id": "P28", "product_category": "fruit_veg"}, {"product_id": "P32", "product_category": "fruit_veg"}, {"product_id": "P30", "product_category": "fruit_veg"}, {"product_id": "P30", "product_category": "fruit_veg"}, {"product_id": "P27", "product_category": "fruit_veg"}, {"product_id": "P27", "product_category": "fruit_veg"}, {"product_id": "P34", "product_category": "fruit_veg"}, {"product_id": "P31", "product_category": "fruit_veg"}], "purchase_count": 8}
{"customer_id": "C80", "loyalty_score": "9", "products": [{"product_id": "P61", "product_category": "bws"}, {"product_id": "P62", "product_category": "bws"}, {"product_id": "P64", "product_category": "bws"}, {"product_id": "P61", "product_category": "bws"}, {"product_id": "P62", "product_category": "bws"}, {"product_id": "P62", "product_category": "bws"}, {"product_id": "P62", "product_category": "bws"}, {"product_id": "P62", "product_category": "bws"}], "purchase_count": 8}
{"customer_id": "C52", "loyalty_score": "1", "products": [{"product_id": "P01", "product_category": "house"}, {"product_id": "P04", "product_category": "house"}, {"product_id": "P23", "product_category": "fruit_veg"}, {"product_id": "P24", "product_category": "fruit_veg"}], "purchase_count": 4}
{"customer_id": "C95", "loyalty_score": "7", "products": [{"product_id": "P59", "product_category": "food"}, {"product_id": "P49", "product_category": "food"}, {"product_id": "P54", "product_category": "food"}, {"product_id": "P59", "product_category": "food"}, {"product_id": "P59", "product_category": "food"}], "purchase_count": 5}
{"customer_id": "C49", "loyalty_score": "7", "products": [{"product_id": "P59", "product_category": "food"}, {"product_id": "P58", "product_category": "food"}, {"product_id": "P48", "product_category": "food"}, {"product_id": "P45", "product_category": "food"}, {"product_id": "P56", "product_category": "food"}, {"product_id": "P53", "product_category": "food"}], "purchase_count": 6}
{"customer_id": "C123", "loyalty_score": "3", "products": [{"product_id": "P58", "product_category": "food"}, {"product_id": "P48", "product_category": "food"}, {"product_id": "P62", "product_category": "bws"}, {"product_id": "P62", "product_category": "bws"}, {"product_id": "P60", "product_category": "food"}, {"product_id": "P60", "product_category": "food"}], "purchase_count": 6}
{"customer_id": "C97", "loyalty_score": "9", "products": [{"product_id": "P26", "product_category": "fruit_veg"}, {"product_id": "P46", "product_category": "food"}], "purchase_count": 2}
{"customer_id": "C60", "loyalty_score": "10", "products": [{"product_id": "P36", "product_category": "sweets"}, {"product_id": "P35", "product_category": "sweets"}, {"product_id": "P40", "product_category": "sweets"}], "purchase_count": 3}
{"customer_id": "C89", "loyalty_score": "8", "products": [{"product_id": "P63", "product_category": "bws"}, {"product_id": "P62", "product_category": "bws"}, {"product_id": "P64", "product_category": "bws"}, {"product_id": "P27", "product_category": "fruit_veg"}, {"product_id": "P22", "product_category": "fruit_veg"}, {"product_id": "P30", "product_category": "fruit_veg"}], "purchase_count": 6}
{"customer_id": "C120", "loyalty_score": "9", "products": [{"product_id": "P24", "product_category": "fruit_veg"}, {"product_id": "P25", "product_category": "fruit_veg"}, {"product_id": "P32", "product_category": "fruit_veg"}, {"product_id": "P32", "product_category": "fruit_veg"}, {"product_id": "P27", "product_category": "fruit_veg"}, {"product_id": "P28", "product_category": "fruit_veg"}, {"product_id": "P23", "product_category": "fruit_veg"}], "purchase_count": 7}
{"customer_id": "C35", "loyalty_score": "7", "products": [{"product_id": "P33", "product_category": "fruit_veg"}, {"product_id": "P32", "product_category": "fruit_veg"}, {"product_id": "P32", "product_category": "fruit_veg"}, {"product_id": "P25", "product_category": "fruit_veg"}, {"product_id": "P28", "product_category": "fruit_veg"}, {"product_id": "P34", "product_category": "fruit_veg"}], "purchase_count": 6}
{"customer_id": "C38", "loyalty_score": "7", "products": [{"product_id": "P26", "product_category": "fruit_veg"}, {"product_id": "P27", "product_category": "fruit_veg"}, {"product_id": "P22", "product_category": "fruit_veg"}, {"product_id": "P61", "product_category": "bws"}, {"product_id": "P63", "product_category": "bws"}, {"product_id": "P64", "product_category": "bws"}], "purchase_count": 6}
{"customer_id": "C32", "loyalty_score": "3", "products": [{"product_id": "P32", "product_category": "fruit_veg"}, {"product_id": "P34", "product_category": "fruit_veg"}, {"product_id": "P41", "product_category": "food"}], "purchase_count": 3}
{"customer_id": "C98", "loyalty_score": "7", "products": [{"product_id": "P39", "product_category": "sweets"}, {"product_id": "P38", "product_category": "sweets"}, {"product_id": "P38", "product_category": "sweets"}], "purchase_count": 3}
{"customer_id": "C115", "loyalty_score": "1", "products": [{"product_id": "P59", "product_category": "food"}, {"product_id": "P60", "product_category": "food"}, {"product_id": "P50", "product_category": "food"}, {"product_id": "P44", "product_category": "food"}], "purchase_count": 4}
{"customer_id": "C124", "loyalty_score": "7", "products": [{"product_id": "P35", "product_category": "sweets"}, {"product_id": "P38", "product_category": "sweets"}, {"product_id": "P31", "product_category": "fruit_veg"}, {"product_id": "P25", "product_category": "fruit_veg"}, {"product_id": "P34", "product_category": "fruit_veg"}, {"product_id": "P22", "product_category": "fruit_veg"}, {"product_id": "P25", "product_category": "fruit_veg"}], "purchase_count": 7}
{"customer_id": "C134", "loyalty_score": "6", "products": [{"product_id": "P29", "product_category": "fruit_veg"}, {"product_id": "P22", "product_category": "fruit_veg"}, {"product_id": "P30", "product_category": "fruit_veg"}], "purchase_count": 3}
{"customer_id": "C86", "loyalty_score": "8", "products": [{"product_id": "P37", "product_category": "sweets"}, {"product_id": "P34", "product_category": "fruit_veg"}, {"product_id": "P30", "product_category": "fruit_veg"}, {"product_id": "P24", "product_category": "fruit_veg"}], "purchase_count": 4}
{"customer_id": "C126", "loyalty_score": "4", "products": [{"product_id": "P28", "product_category": "fruit_veg"}, {"product_id": "P05", "product_category": "house"}, {"product_id": "P02", "product_category": "house"}, {"product_id": "P10", "product_category": "house"}], "purchase_count": 4}
{"customer_id": "C26", "loyalty_score": "1", "products": [{"product_id": "P08", "product_category": "house"}, {"product_id": "P02", "product_category": "house"}, {"product_id": "P11", "product_category": "house"}, {"product_id": "P02", "product_category": "house"}], "purchase_count": 4}
{"customer_id": "C84", "loyalty_score": "1", "products": [{"product_id": "P31", "product_category": "fruit_veg"}, {"product_id": "P31", "product_category": "fruit_veg"}, {"product_id": "P30", "product_category": "fruit_veg"}, {"product_id": "P54", "product_category": "food"}, {"product_id": "P49", "product_category": "food"}], "purchase_count": 5}
{"customer_id": "C31", "loyalty_score": "9", "products": [{"product_id": "P60", "product_category": "food"}, {"product_id": "P37", "product_category": "sweets"}, {"product_id": "P35", "product_category": "sweets"}, {"product_id": "P36", "product_category": "sweets"}], "purchase_count": 4}
{"customer_id": "C81", "loyalty_score": "7", "products": [{"product_id": "P48", "product_category": "food"}, {"product_id": "P42", "product_category": "food"}, {"product_id": "P54", "product_category": "food"}, {"product_id": "P52", "product_category": "food"}, {"product_id": "P46", "product_category": "food"}, {"product_id": "P47", "product_category": "food"}, {"product_id": "P43", "product_category": "food"}], "purchase_count": 7}
{"customer_id": "C94", "loyalty_score": "10", "products": [{"product_id": "P50", "product_category": "food"}, {"product_id": "P56", "product_category": "food"}, {"product_id": "P48", "product_category": "food"}, {"product_id": "P56", "product_category": "food"}, {"product_id": "P60", "product_category": "food"}], "purchase_count": 5}
{"customer_id": "C103", "loyalty_score": "7", "products": [{"product_id": "P33", "product_category": "fruit_veg"}, {"product_id": "P28", "product_category": "fruit_veg"}, {"product_id": "P31", "product_category": "fruit_veg"}, {"product_id": "P28", "product_category": "fruit_veg"}], "purchase_count": 4}
{"customer_id": "C112", "loyalty_score": "3", "products": [{"product_id": "P56", "product_category": "food"}, {"product_id": "P48", "product_category": "food"}, {"product_id": "P59", "product_category": "food"}, {"product_id": "P59", "product_category": "food"}, {"product_id": "P60", "product_category": "food"}], "purchase_count": 5}
{"customer_id": "C16", "loyalty_score": "5", "products": [{"product_id": "P53", "product_category": "food"}, {"product_id": "P44", "product_category": "food"}, {"product_id": "P55", "product_category": "food"}], "purchase_count": 3}
{"customer_id": "C67", "loyalty_score": "4", "products": [{"product_id": "P39", "product_category": "sweets"}, {"product_id": "P37", "product_category": "sweets"}], "purchase_count": 2}
{"customer_id": "C12", "loyalty_score": "8", "products": [{"product_id": "P41", "product_category": "food"}, {"product_id": "P50", "product_category": "food"}, {"product_id": "P54", "product_category": "food"}], "purchase_count": 3}
{"customer_id": "C118", "loyalty_score": "7", "products": [{"product_id": "P55", "product_category": "food"}], "purchase_count": 1}
{"customer_id": "C82", "loyalty_score": "9", "products": [{"product_id": "P21", "product_category": "clothes"}, {"product_id": "P20", "product_category": "clothes"}], "purchase_count": 2}
{"customer_id": "C127", "loyalty_score": "4", "products": [{"product_id": "P11", "product_category": "house"}, {"product_id": "P06", "product_category": "house"}], "purchase_count": 2}
{"customer_id": "C77", "loyalty_score": "9", "products": [{"product_id": "P42", "product_category": "food"}, {"product_id": "P60", "product_category": "food"}], "purchase_count": 2}
{"customer_id": "C117", "loyalty_score": "10", "products": [{"product_id": "P48", "product_category": "food"}, {"product_id": "P45", "product_category": "food"}], "purchase_count": 2}
{"customer_id": "C8", "loyalty_score": "7", "products": [{"product_id": "P53", "product_category": "food"}, {"product_id": "P43", "product_category": "food"}], "purchase_count": 2}
{"customer_id": "C88", "loyalty_score": "1", "products": [{"product_id": "P25", "product_category": "fruit_veg"}, {"product_id": "P28", "product_category": "fruit_veg"}, {"product_id": "P29", "product_category": "fruit_veg"}], "purchase_count": 3}
{"customer_id": "C58", "loyalty_score": "6", "products": [{"product_id": "P39", "product_category": "sweets"}, {"product_id": "P36", "product_category": "sweets"}, {"product_id": "P35", "product_category": "sweets"}], "purchase_count": 3}
{"customer_id": "C79", "loyalty_score": "1", "products": [{"product_id": "P60", "product_category": "food"}], "purchase_count": 1}
{"customer_id": "C24", "loyalty_score": "6", "products": [{"product_id": "P33", "product_category": "fruit_veg"}, {"product_id": "P28", "product_category": "fruit_veg"}, {"product_id": "P23", "product_category": "fruit_veg"}], "purchase_count": 3}
{"customer_id": "C104", "loyalty_score": "7", "products": [{"product_id": "P35", "product_category": "sweets"}, {"product_id": "P37", "product_category": "sweets"}, {"product_id": "P35", "product_category": "sweets"}], "purchase_count": 3}
{"customer_id": "C44", "loyalty_score": "9", "products": [{"product_id": "P53", "product_category": "food"}, {"product_id": "P57", "product_category": "food"}, {"product_id": "P48", "product_category": "food"}], "purchase_count": 3}
{"customer_id": "C54", "loyalty_score": "2", "products": [{"product_id": "P59", "product_category": "food"}, {"product_id": "P55", "product_category": "food"}, {"product_id": "P43", "product_category": "food"}], "purchase_count": 3}
{"customer_id": "C66", "loyalty_score": "10", "products": [{"product_id": "P43", "product_category": "food"}, {"product_id": "P43", "product_category": "food"}], "purchase_count": 2}
{"customer_id": "C23", "loyalty_score": "10", "products": [{"product_id": "P56", "product_category": "food"}, {"product_id": "P50", "product_category": "food"}, {"product_id": "P49", "product_category": "food"}], "purchase_count": 3}
{"customer_id": "C5", "loyalty_score": "7", "products": [{"product_id": "P35", "product_category": "sweets"}, {"product_id": "P40", "product_category": "sweets"}], "purchase_count": 2}
{"customer_id": "C36", "loyalty_score": "5", "products": [{"product_id": "P04", "product_category": "house"}, {"product_id": "P04", "product_category": "house"}, {"product_id": "P06", "product_category": "house"}], "purchase_count": 3}
{"customer_id": "C48", "loyalty_score": "4", "products": [{"product_id": "P07", "product_category": "house"}], "purchase_count": 1}
{"customer_id": "C25", "loyalty_score": "9", "products": [{"product_id": "P09", "product_category": "house"}], "purchase_count": 1}
{"customer_id": "C83", "loyalty_score": "8", "products": [{"product_id": "P37", "product_category": "sweets"}], "purchase_count": 1}
{"customer_id": "C11", "loyalty_score": "4", "products": [{"product_id": "P38", "product_category": "sweets"}, {"product_id": "P36", "product_category": "sweets"}, {"product_id": "P36", "product_category": "sweets"}], "purchase_count": 3}
{"customer_id": "C132", "loyalty_score": "7", "products": [{"product_id": "P39", "product_category": "sweets"}, {"product_id": "P40", "product_category": "sweets"}], "purchase_count": 2}
{"customer_id": "C113", "loyalty_score": "5", "products": [{"product_id": "P21", "product_category": "clothes"}, {"product_id": "P17", "product_category": "clothes"}], "purchase_count": 2}
{"customer_id": "C6", "loyalty_score": "10", "products": [{"product_id": "P10", "product_category": "house"}, {"product_id": "P07", "product_category": "house"}, {"product_id": "P08", "product_category": "house"}], "purchase_count": 3}
{"customer_id": "C106", "loyalty_score": "5", "products": [{"product_id": "P24", "product_category": "fruit_veg"}, {"product_id": "P23", "product_category": "fruit_veg"}, {"product_id": "P33", "product_category": "fruit_veg"}], "purchase_count": 3}
{"customer_id": "C100", "loyalty_score": "8", "products": [{"product_id": "P26", "product_category": "fruit_veg"}, {"product_id": "P27", "product_category": "fruit_veg"}, {"product_id": "P26", "product_category": "fruit_veg"}], "purchase_count": 3}
{"customer_id": "C3", "loyalty_score": "8", "products": [{"product_id": "P61", "product_category": "bws"}, {"product_id": "P61", "product_category": "bws"}, {"product_id": "P62", "product_category": "bws"}], "purchase_count": 3}
{"customer_id": "C15", "loyalty_score": "6", "products": [{"product_id": "P18", "product_category": "clothes"}, {"product_id": "P14", "product_category": "clothes"}, {"product_id": "P20", "product_category": "clothes"}], "purchase_count": 3}
{"customer_id": "C27", "loyalty_score": "10", "products": [{"product_id": "P26", "product_category": "fruit_veg"}, {"product_id": "P23", "product_category": "fruit_veg"}, {"product_id": "P24", "product_category": "fruit_veg"}], "purchase_count": 3}
{"customer_id": "C68", "loyalty_score": "8", "products": [{"product_id": "P39", "product_category": "sweets"}, {"product_id": "P35", "product_category": "sweets"}, {"product_id": "P40", "product_category": "sweets"}], "purchase_count": 3}
{"customer_id": "C50", "loyalty_score": "8", "products": [{"product_id": "P61", "product_category": "bws"}, {"product_id": "P62", "product_category": "bws"}], "purchase_count": 2}
{"customer_id": "C22", "loyalty_score": "1", "products": [{"product_id": "P37", "product_category": "sweets"}, {"product_id": "P36", "product_category": "sweets"}], "purchase_count": 2}
{"customer_id": "C108", "loyalty_score": "8", "products": [{"product_id": "P24", "product_category": "fruit_veg"}], "purchase_count": 1}
{"customer_id": "C30", "loyalty_score": "4", "products": [{"product_id": "P28", "product_category": "fruit_veg"}], "purchase_count": 1}
{"customer_id": "C37", "loyalty_score": "9", "products": [{"product_id": "P12", "product_category": "house"}, {"product_id": "P11", "product_category": "house"}, {"product_id": "P07", "product_category": "house"}], "purchase_count": 3}
{"customer_id": "C74", "loyalty_score": "5", "products": [{"product_id": "P17", "product_category": "clothes"}, {"product_id": "P17", "product_category": "clothes"}, {"product_id": "P17", "product_category": "clothes"}], "purchase_count": 3}
{"customer_id": "C19", "loyalty_score": "6", "products": [{"product_id": "P27", "product_category": "fruit_veg"}, {"product_id": "P26", "product_category": "fruit_veg"}, {"product_id": "P28", "product_category": "fruit_veg"}], "purchase_count": 3}
{"customer_id": "C42", "loyalty_score": "2", "products": [{"product_id": "P22", "product_category": "fruit_veg"}], "purchase_count": 1}
{"customer_id": "C119", "loyalty_score": "7", "products": [{"product_id": "P37", "product_category": "sweets"}, {"product_id": "P35", "product_category": "sweets"}], "purchase_count": 2}
{"customer_id": "C91", "loyalty_score": "3", "products": [{"product_id": "P03", "product_category": "house"}], "purchase_count": 1}
{"customer_id": "C65", "loyalty_score": "2", "products": [{"product_id": "P07", "product_category": "house"}, {"product_id": "P05", "product_category": "house"}], "purchase_count": 2}
{"customer_id": "C62", "loyalty_score": "6", "products": [{"product_id": "P39", "product_category": "sweets"}, {"product_id": "P39", "product_category": "sweets"}, {"product_id": "P36", "product_category": "sweets"}], "purchase_count": 3}
