{"customer_id": "C17", "basket": [{"product_id": "P31", "price": 646}, {"product_id": "P25", "price": 980}], "date_of_purchase": "2018-12-30 19:18:00"}
{"customer_id": "C19", "basket": [{"product_id": "P40", "price": 1623}, {"product_id": "P40", "price": 699}, {"product_id": "P39", "price": 442}], "date_of_purchase": "2018-12-30 11:55:00"}
{"customer_id": "C20", "basket": [{"product_id": "P64", "price": 880}, {"product_id": "P61", "price": 1186}, {"product_id": "P63", "price": 1154}], "date_of_purchase": "2018-12-30 04:27:00"}
{"customer_id": "C26", "basket": [{"product_id": "P37", "price": 793}], "date_of_purchase": "2018-12-30 05:10:00"}
{"customer_id": "C27", "basket": [{"product_id": "P29", "price": 1796}], "date_of_purchase": "2018-12-30 11:06:00"}
{"customer_id": "C31", "basket": [{"product_id": "P57", "price": 1346}, {"product_id": "P60", "price": 527}], "date_of_purchase": "2018-12-30 23:18:00"}
{"customer_id": "C35", "basket": [{"product_id": "P22", "price": 266}, {"product_id": "P25", "price": 900}, {"product_id": "P22", "price": 1848}], "date_of_purchase": "2018-12-30 04:49:00"}
{"customer_id": "C38", "basket": [{"product_id": "P30", "price": 1387}, {"product_id": "P32", "price": 1292}], "date_of_purchase": "2018-12-30 11:17:00"}
{"customer_id": "C40", "basket": [{"product_id": "P41", "price": 60}], "date_of_purchase": "2018-12-30 16:17:00"}
{"customer_id": "C49", "basket": [{"product_id": "P53", "price": 287}, {"product_id": "P48", "price": 1797}, {"product_id": "P58", "price": 1717}], "date_of_purchase": "2018-12-30 09:16:00"}
{"customer_id": "C50", "basket": [{"product_id": "P63", "price": 368}, {"product_id": "P64", "price": 1157}, {"product_id": "P64", "price": 1499}], "date_of_purchase": "2018-12-30 06:34:00"}
{"customer_id": "C52", "basket": [{"product_id": "P29", "price": 1839}, {"product_id": "P24", "price": 1366}, {"product_id": "P29", "price": 338}], "date_of_purchase": "2018-12-30 11:37:00"}
{"customer_id": "C55", "basket": [{"product_id": "P45", "price": 1167}], "date_of_purchase": "2018-12-30 08:05:00"}
{"customer_id": "C60", "basket": [{"product_id": "P38", "price": 1811}, {"product_id": "P39", "price": 1237}, {"product_id": "P40", "price": 1009}], "date_of_purchase": "2018-12-30 09:53:00"}
{"customer_id": "C67", "basket": [{"product_id": "P31", "price": 1724}, {"product_id": "P22", "price": 760}, {"product_id": "P23", "price": 1509}], "date_of_purchase": "2018-12-30 08:03:00"}
{"customer_id": "C68", "basket": [{"product_id": "P30", "price": 742}, {"product_id": "P23", "price": 1442}], "date_of_purchase": "2018-12-30 10:44:00"}
{"customer_id": "C77", "basket": [{"product_id": "P50", "price": 97}], "date_of_purchase": "2018-12-30 08:03:00"}
{"customer_id": "C98", "basket": [{"product_id": "P38", "price": 738}, {"product_id": "P36", "price": 1121}, {"product_id": "P37", "price": 1703}], "date_of_purchase": "2018-12-30 11:18:00"}
{"customer_id": "C103", "basket": [{"product_id": "P44", "price": 135}], "date_of_purchase": "2018-12-30 06:21:00"}
{"customer_id": "C109", "basket": [{"product_id": "P34", "price": 1554}, {"product_id": "P22", "price": 366}, {"product_id": "P30", "price": 1797}], "date_of_purchase": "2018-12-30 04:25:00"}
{"customer_id": "C121", "basket": [{"product_id": "P61", "price": 63}, {"product_id": "P62", "price": 551}, {"product_id": "P64", "price": 1116}], "date_of_purchase": "2018-12-30 04:04:00"}
{"customer_id": "C123", "basket": [{"product_id": "P61", "price": 1481}, {"product_id": "P64", "price": 199}], "date_of_purchase": "2018-12-30 17:55:00"}
{"customer_id": "C124", "basket": [{"product_id": "P29", "price": 1571}], "date_of_purchase": "2018-12-30 03:02:00"}
{"customer_id": "C128", "basket": [{"product_id": "P63", "price": 531}, {"product_id": "P63", "price": 1405}], "date_of_purchase": "2018-12-30 17:19:00"}
{"customer_id": "C134", "basket": [{"product_id": "P27", "price": 994}], "date_of_purchase": "2018-12-30 10:19:00"}
