{"customer_id": "C5", "basket": [{"product_id": "P25", "price": 1584}, {"product_id": "P29", "price": 1608}, {"product_id": "P34", "price": 1795}], "date_of_purchase": "2018-12-22 22:16:00"}
{"customer_id": "C8", "basket": [{"product_id": "P30", "price": 590}, {"product_id": "P24", "price": 148}], "date_of_purchase": "2018-12-22 21:53:00"}
{"customer_id": "C19", "basket": [{"product_id": "P39", "price": 147}, {"product_id": "P39", "price": 1824}, {"product_id": "P40", "price": 1299}], "date_of_purchase": "2018-12-22 22:22:00"}
{"customer_id": "C27", "basket": [{"product_id": "P33", "price": 815}, {"product_id": "P23", "price": 1634}, {"product_id": "P31", "price": 437}], "date_of_purchase": "2018-12-22 13:08:00"}
{"customer_id": "C39", "basket": [{"product_id": "P06", "price": 1355}], "date_of_purchase": "2018-12-22 21:10:00"}
{"customer_id": "C44", "basket": [{"product_id": "P43", "price": 171}, {"product_id": "P50", "price": 677}], "date_of_purchase": "2018-12-22 13:08:00"}
{"customer_id": "C45", "basket": [{"product_id": "P11", "price": 980}, {"product_id": "P10", "price": 1138}], "date_of_purchase": "2018-12-22 05:56:00"}
{"customer_id": "C49", "basket": [{"product_id": "P47", "price": 1613}], "date_of_purchase": "2018-12-22 14:56:00"}
{"customer_id": "C60", "basket": [{"product_id": "P38", "price": 950}, {"product_id": "P40", "price": 1320}, {"product_id": "P36", "price": 203}], "date_of_purchase": "2018-12-22 09:07:00"}
{"customer_id": "C74", "basket": [{"product_id": "P19", "price": 1448}, {"product_id": "P20", "price": 1123}], "date_of_purchase": "2018-12-22 16:46:00"}
{"customer_id": "C85", "basket": [{"product_id": "P64", "price": 1354}], "date_of_purchase": "2018-12-22 05:35:00"}
{"customer_id": "C98", "basket": [{"product_id": "P36", "price": 19}, {"product_id": "P37", "price": 1712}, {"product_id": "P35", "price": 650}], "date_of_purchase": "2018-12-22 08:44:00"}
{"customer_id": "C101", "basket": [{"product_id": "P62", "price": 452}], "date_of_purchase": "2018-12-22 23:56:00"}
{"customer_id": "C105", "basket": [{"product_id": "P05", "price": 522}, {"product_id": "P10", "price": 1056}], "date_of_purchase": "2018-12-22 10:34:00"}
{"customer_id": "C107", "basket": [{"product_id": "P41", "price": 272}], "date_of_purchase": "2018-12-22 11:56:00"}
{"customer_id": "C114", "basket": [{"product_id": "P26", "price": 1330}, {"product_id": "P23", "price": 1704}], "date_of_purchase": "2018-12-22 12:27:00"}
{"customer_id": "C119", "basket": [{"product_id": "P62", "price": 1190}], "date_of_purchase": "2018-12-22 05:24:00"}
{"customer_id": "C121", "basket": [{"product_id": "P39", "price": 1021}], "date_of_purchase": "2018-12-22 16:33:00"}
{"customer_id": "C136", "basket": [{"product_id": "P56", "price": 1522}, {"product_id": "P57", "price": 531}, {"product_id": "P53", "price": 1387}], "date_of_purchase": "2018-12-22 12:52:00"}
