{"customer_id": "C5", "basket": [{"product_id": "P25", "price": 851}], "date_of_purchase": "2019-01-25 13:34:00"}
{"customer_id": "C7", "basket": [{"product_id": "P55", "price": 574}], "date_of_purchase": "2019-01-25 19:07:00"}
{"customer_id": "C8", "basket": [{"product_id": "P05", "price": 1118}, {"product_id": "P03", "price": 1904}, {"product_id": "P07", "price": 1193}], "date_of_purchase": "2019-01-25 03:11:00"}
{"customer_id": "C10", "basket": [{"product_id": "P62", "price": 62}], "date_of_purchase": "2019-01-25 14:14:00"}
{"customer_id": "C31", "basket": [{"product_id": "P50", "price": 1786}, {"product_id": "P46", "price": 1936}], "date_of_purchase": "2019-01-25 03:12:00"}
{"customer_id": "C33", "basket": [{"product_id": "P36", "price": 298}], "date_of_purchase": "2019-01-25 18:13:00"}
{"customer_id": "C35", "basket": [{"product_id": "P28", "price": 1818}, {"product_id": "P27", "price": 417}, {"product_id": "P24", "price": 433}], "date_of_purchase": "2019-01-25 10:07:00"}
{"customer_id": "C48", "basket": [{"product_id": "P02", "price": 1214}], "date_of_purchase": "2019-01-25 16:24:00"}
{"customer_id": "C53", "basket": [{"product_id": "P12", "price": 987}], "date_of_purchase": "2019-01-25 19:09:00"}
{"customer_id": "C60", "basket": [{"product_id": "P39", "price": 1486}], "date_of_purchase": "2019-01-25 22:12:00"}
{"customer_id": "C74", "basket": [{"product_id": "P21", "price": 128}, {"product_id": "P13", "price": 976}, {"product_id": "P13", "price": 1520}], "date_of_purchase": "2019-01-25 23:01:00"}
{"customer_id": "C83", "basket": [{"product_id": "P38", "price": 54}, {"product_id": "P37", "price": 89}, {"product_id": "P40", "price": 78}], "date_of_purchase": "2019-01-25 03:51:00"}
{"customer_id": "C90", "basket": [{"product_id": "P64", "price": 1586}], "date_of_purchase": "2019-01-25 17:08:00"}
{"customer_id": "C94", "basket": [{"product_id": "P61", "price": 1205}, {"product_id": "P64", "price": 998}, {"product_id": "P63", "price": 1068}], "date_of_purchase": "2019-01-25 11:34:00"}
{"customer_id": "C95", "basket": [{"product_id": "P56", "price": 1489}, {"product_id": "P60", "price": 668}, {"product_id": "P54", "price": 1345}], "date_of_purchase": "2019-01-25 06:32:00"}
{"customer_id": "C112", "basket": [{"product_id": "P38", "price": 1309}, {"product_id": "P39", "price": 1148}, {"product_id": "P40", "price": 878}], "date_of_purchase": "2019-01-25 23:29:00"}
{"customer_id": "C114", "basket": [{"product_id": "P26", "price": 316}, {"product_id": "P24", "price": 938}], "date_of_purchase": "2019-01-25 07:59:00"}
{"customer_id": "C115", "basket": [{"product_id": "P44", "price": 1725}], "date_of_purchase": "2019-01-25 23:32:00"}
{"customer_id": "C117", "basket": [{"product_id": "P58", "price": 243}, {"product_id": "P47", "price": 1699}], "date_of_purchase": "2019-01-25 03:19:00"}
{"customer_id": "C121", "basket": [{"product_id": "P63", "price": 1567}, {"product_id": "P61", "price": 147}], "date_of_purchase": "2019-01-25 10:33:00"}
{"customer_id": "C124", "basket": [{"product_id": "P33", "price": 558}, {"product_id": "P29", "price": 1146}, {"product_id": "P25", "price": 545}], "date_of_purchase": "2019-01-25 04:47:00"}
{"customer_id": "C128", "basket": [{"product_id": "P52", "price": 432}, {"product_id": "P59", "price": 919}], "date_of_purchase": "2019-01-25 10:48:00"}
{"customer_id": "C129", "basket": [{"product_id": "P31", "price": 252}], "date_of_purchase": "2019-01-25 11:37:00"}
